session_id,true_label,predicted_label,confidence,correct,top_1,top_1_prob,top_2,top_2_prob,top_3,top_3_prob
SES-004116,Impossible Travel,Impossible Travel,0.9985,1,Impossible Travel,0.9985,Normal,0.0012,Off-hours Access,0.0001
SES-011159,Normal,Normal,0.9996,1,Normal,0.9996,USB Data Theft,0.0001,Lateral Movement,0.0
SES-006094,Normal,Normal,0.976,1,Normal,0.976,USB Data Theft,0.0044,Lateral Movement,0.0036
SES-011690,Brute Force,Malware Execution,0.4655,0,Malware Execution,0.4655,Brute Force,0.3436,Privilege Escalation,0.131
SES-012811,Normal,Normal,0.9967,1,Normal,0.9967,Insider Threat,0.0004,Lateral Movement,0.0003
SES-005855,Normal,Normal,0.9913,1,Normal,0.9913,Device Spoofing,0.007,USB Data Theft,0.0003
SES-006201,Normal,Normal,0.9974,1,Normal,0.9974,Impossible Travel,0.0006,Brute Force,0.0004
SES-004901,Normal,Normal,0.9961,1,Normal,0.9961,Lateral Movement,0.0013,Device Spoofing,0.0007
SES-006962,Privilege Escalation,Privilege Escalation,0.5065,1,Privilege Escalation,0.5065,Malware Execution,0.4297,Brute Force,0.0576
SES-011235,Normal,Normal,0.8737,1,Normal,0.8737,Insider Threat,0.0224,USB Data Theft,0.0183
SES-003587,Normal,Normal,0.9976,1,Normal,0.9976,Impossible Travel,0.0004,Device Spoofing,0.0003
SES-007701,Normal,Normal,0.9916,1,Normal,0.9916,Low-and-Slow Exfiltration,0.0021,Privilege Escalation,0.0014
SES-006692,Normal,Normal,0.9853,1,Normal,0.9853,USB Data Theft,0.0109,Impossible Travel,0.001
SES-002991,Normal,Normal,0.9941,1,Normal,0.9941,Malware Execution,0.0015,Privilege Escalation,0.0015
SES-003058,Normal,Normal,0.867,1,Normal,0.867,Malware Execution,0.062,Privilege Escalation,0.0207
SES-011859,Normal,Normal,0.9948,1,Normal,0.9948,Malware Execution,0.0031,Suspicious PowerShell,0.0003
SES-001388,Normal,Normal,0.985,1,Normal,0.985,USB Data Theft,0.0041,Impossible Travel,0.0016
SES-008542,Normal,Normal,0.9831,1,Normal,0.9831,USB Data Theft,0.0084,Device Spoofing,0.0021
SES-005319,Normal,Normal,0.9893,1,Normal,0.9893,Impossible Travel,0.0011,Data Exfiltration,0.0011
SES-009289,Normal,Normal,0.992,1,Normal,0.992,USB Data Theft,0.0035,Impossible Travel,0.0011
SES-001108,Normal,Normal,0.9945,1,Normal,0.9945,Insider Drift,0.0006,Insider Threat,0.0005
SES-012117,Off-hours Access,Off-hours Access,0.999,1,Off-hours Access,0.999,Normal,0.0009,Impossible Travel,0.0
SES-009297,Normal,Normal,0.7305,1,Normal,0.7305,Privilege Escalation,0.0387,USB Data Theft,0.0289
SES-000929,Normal,Normal,0.9985,1,Normal,0.9985,Device Spoofing,0.0006,USB Data Theft,0.0001
SES-008549,Normal,Normal,0.991,1,Normal,0.991,USB Data Theft,0.007,Device Spoofing,0.0004
SES-002335,Normal,Normal,0.9988,1,Normal,0.9988,USB Data Theft,0.0002,Device Spoofing,0.0002
SES-006119,Normal,Normal,0.998,1,Normal,0.998,Malware Execution,0.0015,Impossible Travel,0.0001
SES-000571,Normal,Normal,0.7534,1,Normal,0.7534,Insider Threat,0.1879,Privilege Escalation,0.0283
SES-008476,Normal,Normal,0.9954,1,Normal,0.9954,Insider Threat,0.0011,USB Data Theft,0.0009
SES-011915,Normal,Normal,0.9797,1,Normal,0.9797,Lateral Movement,0.0064,Off-hours Access,0.0053
SES-005947,USB Data Theft,Normal,0.9855,0,Normal,0.9855,Low-and-Slow Exfiltration,0.0061,Device Spoofing,0.0012
SES-006147,Normal,Normal,0.9984,1,Normal,0.9984,Low-and-Slow Exfiltration,0.0005,Malware Execution,0.0003
SES-011112,Normal,Normal,0.9994,1,Normal,0.9994,USB Data Theft,0.0001,Device Spoofing,0.0001
SES-003333,Normal,Normal,0.9959,1,Normal,0.9959,USB Data Theft,0.0012,Insider Threat,0.0004
SES-004048,Normal,Normal,0.9825,1,Normal,0.9825,Insider Threat,0.0023,Brute Force,0.0022
SES-010380,Normal,Normal,0.9818,1,Normal,0.9818,Malware Execution,0.0081,Privilege Escalation,0.0015
SES-010402,Normal,Normal,0.9994,1,Normal,0.9994,USB Data Theft,0.0002,Lateral Movement,0.0001
SES-005654,Normal,Normal,0.981,1,Normal,0.981,USB Data Theft,0.0069,Insider Threat,0.0045
SES-006617,Normal,Normal,0.9996,1,Normal,0.9996,USB Data Theft,0.0001,Impossible Travel,0.0
SES-010743,Insider Threat,Normal,0.9413,0,Normal,0.9413,Insider Threat,0.0304,Impossible Travel,0.004
SES-004675,Normal,Normal,0.9967,1,Normal,0.9967,Device Spoofing,0.0022,USB Data Theft,0.0003
SES-006847,Normal,Normal,0.9979,1,Normal,0.9979,USB Data Theft,0.0007,Device Spoofing,0.0003
SES-005067,Normal,Normal,0.9939,1,Normal,0.9939,USB Data Theft,0.0032,Privilege Escalation,0.0003
SES-005913,Normal,Normal,0.9945,1,Normal,0.9945,Privilege Escalation,0.0017,Malware Execution,0.0014
SES-001428,Normal,Normal,0.9742,1,Normal,0.9742,Privilege Escalation,0.0119,Malware Execution,0.0045
SES-005039,Normal,Normal,0.9985,1,Normal,0.9985,Device Spoofing,0.0003,USB Data Theft,0.0003
SES-000105,Normal,Normal,0.9934,1,Normal,0.9934,Device Spoofing,0.0016,USB Data Theft,0.0009
SES-007507,Normal,Normal,0.9037,1,Normal,0.9037,USB Data Theft,0.0709,Device Spoofing,0.0063
SES-012435,Normal,Normal,0.9994,1,Normal,0.9994,Device Spoofing,0.0003,Impossible Travel,0.0
SES-010545,Normal,Normal,0.9976,1,Normal,0.9976,USB Data Theft,0.001,Device Spoofing,0.0002
SES-010479,Normal,Normal,0.9988,1,Normal,0.9988,USB Data Theft,0.0006,Impossible Travel,0.0001
SES-011104,Normal,Normal,0.9988,1,Normal,0.9988,Device Spoofing,0.0004,Impossible Travel,0.0001
SES-010651,Normal,Normal,0.9737,1,Normal,0.9737,Malware Execution,0.016,Privilege Escalation,0.0046
SES-007916,Normal,Normal,0.9972,1,Normal,0.9972,Device Spoofing,0.0006,Insider Threat,0.0002
SES-003579,Normal,Normal,0.9854,1,Normal,0.9854,USB Data Theft,0.0027,Insider Threat,0.0014
SES-010855,Normal,Normal,0.9985,1,Normal,0.9985,Privilege Escalation,0.0004,Device Spoofing,0.0002
SES-010496,Normal,Normal,0.9992,1,Normal,0.9992,Device Spoofing,0.0002,USB Data Theft,0.0002
SES-009509,Normal,Normal,0.9966,1,Normal,0.9966,Device Spoofing,0.0005,Credential Stuffing,0.0005
SES-000880,Normal,Normal,0.9996,1,Normal,0.9996,Device Spoofing,0.0001,Impossible Travel,0.0
SES-003812,Normal,Normal,0.9942,1,Normal,0.9942,Device Spoofing,0.0016,Impossible Travel,0.0006
SES-000154,Brute Force,Credential Stuffing,0.8903,0,Credential Stuffing,0.8903,Brute Force,0.1057,Normal,0.0014
SES-006283,Normal,Normal,0.9983,1,Normal,0.9983,Device Spoofing,0.0004,Impossible Travel,0.0001
SES-007943,Normal,Normal,0.994,1,Normal,0.994,USB Data Theft,0.0049,Device Spoofing,0.0002
SES-000373,Normal,Normal,0.9963,1,Normal,0.9963,Device Spoofing,0.0015,Impossible Travel,0.0007
SES-000002,Normal,Normal,0.8476,1,Normal,0.8476,Off-hours Access,0.0807,Device Spoofing,0.0353
SES-004037,Normal,Normal,0.9971,1,Normal,0.9971,USB Data Theft,0.0008,Device Spoofing,0.0003
SES-010121,Normal,Normal,0.9854,1,Normal,0.9854,Insider Threat,0.0048,USB Data Theft,0.0024
SES-010459,Normal,Normal,0.9931,1,Normal,0.9931,Lateral Movement,0.0053,Insider Drift,0.0004
SES-001461,Normal,Normal,0.998,1,Normal,0.998,Impossible Travel,0.0004,Brute Force,0.0002
SES-009290,Normal,Normal,0.9922,1,Normal,0.9922,Brute Force,0.0018,Beaconing C2,0.0007
SES-001295,Normal,Normal,0.9988,1,Normal,0.9988,Insider Threat,0.0005,Device Spoofing,0.0002
SES-003458,Normal,Normal,0.9806,1,Normal,0.9806,Device Spoofing,0.01,Malware Execution,0.0051
SES-008558,Normal,Normal,0.9986,1,Normal,0.9986,Device Spoofing,0.0002,Impossible Travel,0.0001
SES-009370,Normal,Normal,0.8661,1,Normal,0.8661,Malware Execution,0.1171,Privilege Escalation,0.003
SES-007611,Normal,Normal,0.9965,1,Normal,0.9965,Off-hours Access,0.0009,Device Spoofing,0.0008
SES-009909,Normal,Normal,0.9902,1,Normal,0.9902,Device Spoofing,0.0024,USB Data Theft,0.0022
SES-006564,Normal,Normal,0.9972,1,Normal,0.9972,Device Spoofing,0.0005,Insider Drift,0.0003
SES-002401,Normal,Normal,0.9987,1,Normal,0.9987,Device Spoofing,0.0003,USB Data Theft,0.0002
SES-007926,Normal,Normal,0.9995,1,Normal,0.9995,Device Spoofing,0.0001,Impossible Travel,0.0
SES-002400,Normal,Normal,0.89,1,Normal,0.89,Privilege Escalation,0.0516,Malware Execution,0.0126
SES-009356,Normal,Normal,0.9993,1,Normal,0.9993,Privilege Escalation,0.0001,Insider Threat,0.0001
SES-006184,Normal,Normal,0.9989,1,Normal,0.9989,Insider Drift,0.0002,Malware Execution,0.0002
SES-011500,Normal,Normal,0.4166,1,Normal,0.4166,Malware Execution,0.2441,Privilege Escalation,0.1577
SES-009826,Normal,Normal,0.999,1,Normal,0.999,Brute Force,0.0002,Device Spoofing,0.0001
SES-012658,Normal,Normal,0.9815,1,Normal,0.9815,Device Spoofing,0.0096,USB Data Theft,0.0018
SES-004819,Normal,Normal,0.9902,1,Normal,0.9902,Privilege Escalation,0.0027,Malware Execution,0.0011
SES-007306,Normal,Normal,0.938,1,Normal,0.938,USB Data Theft,0.0484,Impossible Travel,0.002
SES-011788,Normal,Normal,0.984,1,Normal,0.984,Device Spoofing,0.0114,USB Data Theft,0.0005
SES-001840,Normal,Normal,0.9995,1,Normal,0.9995,Device Spoofing,0.0001,Impossible Travel,0.0
SES-002975,Normal,Normal,0.9941,1,Normal,0.9941,USB Data Theft,0.0018,Insider Drift,0.0008
SES-004808,Normal,Normal,0.9974,1,Normal,0.9974,Device Spoofing,0.0005,Malware Execution,0.0003
SES-010294,Normal,Normal,0.9965,1,Normal,0.9965,Credential Stuffing,0.0005,Device Spoofing,0.0004
SES-007405,Suspicious PowerShell,Suspicious PowerShell,0.9987,1,Suspicious PowerShell,0.9987,Privilege Escalation,0.0005,Normal,0.0003
SES-012291,Normal,Normal,0.9299,1,Normal,0.9299,Device Spoofing,0.0553,Impossible Travel,0.0029
SES-000534,Suspicious PowerShell,Suspicious PowerShell,0.9982,1,Suspicious PowerShell,0.9982,Malware Execution,0.0008,Privilege Escalation,0.0004
SES-009338,Normal,Normal,0.9883,1,Normal,0.9883,Insider Threat,0.0021,USB Data Theft,0.0012
SES-006107,Normal,Normal,0.998,1,Normal,0.998,Insider Threat,0.0007,Malware Execution,0.0002
SES-003322,Normal,Normal,0.9986,1,Normal,0.9986,USB Data Theft,0.0004,Credential Stuffing,0.0002
SES-005043,Normal,Normal,0.9474,1,Normal,0.9474,USB Data Theft,0.0429,Privilege Escalation,0.0014
SES-010202,Normal,Normal,0.9767,1,Normal,0.9767,Device Spoofing,0.0064,Privilege Escalation,0.004
SES-007034,Normal,Normal,0.9978,1,Normal,0.9978,USB Data Theft,0.0007,Malware Execution,0.0002
SES-012234,Impossible Travel,Impossible Travel,0.9991,1,Impossible Travel,0.9991,Normal,0.0008,Data Exfiltration,0.0
SES-004850,Normal,Normal,0.999,1,Normal,0.999,Device Spoofing,0.0001,USB Data Theft,0.0001
SES-012734,Normal,Normal,0.9841,1,Normal,0.9841,Insider Threat,0.0046,USB Data Theft,0.0018
SES-000961,Normal,Normal,0.9971,1,Normal,0.9971,Device Spoofing,0.001,USB Data Theft,0.0005
SES-000901,Off-hours Access,Off-hours Access,0.9981,1,Off-hours Access,0.9981,Normal,0.0015,Device Spoofing,0.0003
SES-010870,Normal,Normal,0.7653,1,Normal,0.7653,Insider Threat,0.1931,USB Data Theft,0.0074
SES-005290,Normal,Normal,0.9986,1,Normal,0.9986,USB Data Theft,0.0006,Impossible Travel,0.0001
SES-002564,Normal,Normal,0.9867,1,Normal,0.9867,USB Data Theft,0.0052,Insider Threat,0.0017
SES-005183,Normal,Normal,0.9641,1,Normal,0.9641,Privilege Escalation,0.0187,Malware Execution,0.008
SES-003013,Normal,Normal,0.9854,1,Normal,0.9854,Off-hours Access,0.0097,Device Spoofing,0.0016
SES-006840,Normal,Normal,0.9991,1,Normal,0.9991,USB Data Theft,0.0003,Device Spoofing,0.0001
SES-010895,Normal,Normal,0.9912,1,Normal,0.9912,Insider Threat,0.0011,USB Data Theft,0.0009
SES-010826,Credential Stuffing,Brute Force,0.5255,0,Brute Force,0.5255,Credential Stuffing,0.4535,Insider Threat,0.0069
SES-002224,Normal,Normal,0.9397,1,Normal,0.9397,USB Data Theft,0.0338,Impossible Travel,0.0035
SES-008587,Normal,Normal,0.9333,1,Normal,0.9333,Device Spoofing,0.0622,Impossible Travel,0.0006
SES-000087,Normal,Normal,0.9954,1,Normal,0.9954,Device Spoofing,0.0035,Insider Threat,0.0001
SES-007918,Normal,Normal,0.9795,1,Normal,0.9795,Device Spoofing,0.0146,Impossible Travel,0.0007
SES-010276,Normal,Normal,0.6713,1,Normal,0.6713,Insider Threat,0.3076,USB Data Theft,0.0077
SES-003531,Normal,Normal,0.9902,1,Normal,0.9902,Malware Execution,0.001,Impossible Travel,0.001
SES-009303,Normal,Normal,0.9356,1,Normal,0.9356,USB Data Theft,0.0282,Insider Threat,0.007
SES-003875,Normal,Normal,0.999,1,Normal,0.999,Device Spoofing,0.0002,Impossible Travel,0.0001
SES-007187,Normal,Normal,0.999,1,Normal,0.999,USB Data Theft,0.0002,Device Spoofing,0.0001
SES-002233,Normal,Normal,0.9965,1,Normal,0.9965,Device Spoofing,0.0006,Impossible Travel,0.0005
SES-009789,Normal,Normal,0.9992,1,Normal,0.9992,USB Data Theft,0.0001,Device Spoofing,0.0001
SES-005164,Normal,Normal,0.9961,1,Normal,0.9961,Privilege Escalation,0.0011,Insider Threat,0.001
SES-009996,Normal,Normal,0.9807,1,Normal,0.9807,Insider Threat,0.0074,USB Data Theft,0.0022
SES-008667,Normal,Normal,0.9991,1,Normal,0.9991,Device Spoofing,0.0003,Privilege Escalation,0.0001
SES-005546,Normal,Normal,0.9877,1,Normal,0.9877,USB Data Theft,0.0074,Insider Threat,0.0007
SES-012851,Normal,Normal,0.99,1,Normal,0.99,Device Spoofing,0.0032,Insider Drift,0.0011
SES-004620,Normal,Normal,0.9993,1,Normal,0.9993,Lateral Movement,0.0002,USB Data Theft,0.0001
SES-000592,Normal,Normal,0.9987,1,Normal,0.9987,USB Data Theft,0.0004,Brute Force,0.0001
SES-011862,Normal,Normal,0.9857,1,Normal,0.9857,Malware Execution,0.0117,Insider Drift,0.0009
SES-005326,Normal,Normal,0.9037,1,Normal,0.9037,Device Spoofing,0.0888,Insider Threat,0.002
SES-011229,Normal,Normal,0.9954,1,Normal,0.9954,Malware Execution,0.0013,Device Spoofing,0.0005
SES-002554,Normal,Normal,0.9962,1,Normal,0.9962,Malware Execution,0.0028,Privilege Escalation,0.0001
SES-007402,Normal,Normal,0.9952,1,Normal,0.9952,Device Spoofing,0.0006,Insider Threat,0.0006
SES-004934,Credential Stuffing,Brute Force,0.8862,0,Brute Force,0.8862,Privilege Escalation,0.0394,Normal,0.0264
SES-012319,Data Exfiltration,Data Exfiltration,0.9992,1,Data Exfiltration,0.9992,Normal,0.0003,USB Data Theft,0.0002
SES-005693,Normal,Normal,0.9986,1,Normal,0.9986,Device Spoofing,0.0003,Impossible Travel,0.0001
SES-010666,Normal,Normal,0.9778,1,Normal,0.9778,Device Spoofing,0.0207,Impossible Travel,0.0002
SES-005735,Normal,Normal,0.9954,1,Normal,0.9954,Lateral Movement,0.0006,Device Spoofing,0.0005
SES-011287,Normal,Normal,0.9843,1,Normal,0.9843,USB Data Theft,0.005,Impossible Travel,0.0012
SES-005803,Normal,Normal,0.9995,1,Normal,0.9995,Impossible Travel,0.0001,Data Exfiltration,0.0
SES-010324,Normal,Normal,0.5251,1,Normal,0.5251,USB Data Theft,0.4675,Impossible Travel,0.0011
SES-003900,Normal,Normal,0.9715,1,Normal,0.9715,USB Data Theft,0.0231,Insider Threat,0.0006
SES-009793,Normal,Normal,0.9983,1,Normal,0.9983,Device Spoofing,0.0003,Impossible Travel,0.0003
SES-012008,Normal,Normal,0.9962,1,Normal,0.9962,Malware Execution,0.0011,Device Spoofing,0.0007
SES-011516,Normal,Normal,0.9879,1,Normal,0.9879,Malware Execution,0.0071,Lateral Movement,0.0012
SES-008140,Normal,Normal,0.6324,1,Normal,0.6324,Malware Execution,0.245,Privilege Escalation,0.0934
SES-006579,Data Exfiltration,Data Exfiltration,0.999,1,Data Exfiltration,0.999,Normal,0.0004,Malware Execution,0.0002
SES-012698,Normal,Normal,0.9812,1,Normal,0.9812,USB Data Theft,0.0032,Insider Threat,0.0022
SES-009430,Low-and-Slow Exfiltration,Low-and-Slow Exfiltration,0.9981,1,Low-and-Slow Exfiltration,0.9981,Normal,0.0014,USB Data Theft,0.0003
SES-009938,Normal,Normal,0.998,1,Normal,0.998,USB Data Theft,0.0007,Device Spoofing,0.0003
SES-003684,Normal,Normal,0.8971,1,Normal,0.8971,Privilege Escalation,0.0443,Malware Execution,0.0232
SES-012955,Normal,Normal,0.9993,1,Normal,0.9993,USB Data Theft,0.0003,Device Spoofing,0.0
SES-002258,Normal,Normal,0.9975,1,Normal,0.9975,USB Data Theft,0.0009,Impossible Travel,0.0002
SES-009095,Normal,Normal,0.9491,1,Normal,0.9491,USB Data Theft,0.0283,Insider Drift,0.0046
SES-000137,Normal,Normal,0.9929,1,Normal,0.9929,Device Spoofing,0.0031,Impossible Travel,0.0011
SES-000150,Normal,Lateral Movement,0.5023,0,Lateral Movement,0.5023,Normal,0.4906,Insider Threat,0.0045
SES-012476,Normal,Normal,0.9989,1,Normal,0.9989,Device Spoofing,0.0002,Impossible Travel,0.0001
SES-012874,Normal,Normal,0.8017,1,Normal,0.8017,Insider Threat,0.1586,USB Data Theft,0.0125
SES-009681,Normal,Normal,0.9962,1,Normal,0.9962,Privilege Escalation,0.0015,Device Spoofing,0.0007
SES-009985,Normal,Normal,0.9965,1,Normal,0.9965,USB Data Theft,0.0012,Insider Threat,0.0003
SES-001795,Normal,Normal,0.9924,1,Normal,0.9924,Privilege Escalation,0.0058,Malware Execution,0.0003
SES-005743,Normal,Normal,0.9863,1,Normal,0.9863,USB Data Theft,0.0114,Device Spoofing,0.0004
SES-007796,Normal,Normal,0.9575,1,Normal,0.9575,Privilege Escalation,0.0165,Malware Execution,0.007
SES-012856,Brute Force,Brute Force,0.961,1,Brute Force,0.961,Credential Stuffing,0.0378,Insider Threat,0.0004
SES-001083,Normal,Normal,0.9994,1,Normal,0.9994,Device Spoofing,0.0001,Impossible Travel,0.0001
SES-002053,Normal,Normal,0.9163,1,Normal,0.9163,Device Spoofing,0.0809,USB Data Theft,0.0006
SES-009688,Normal,Normal,0.995,1,Normal,0.995,Malware Execution,0.0011,Device Spoofing,0.0011
SES-000161,Normal,Normal,0.9976,1,Normal,0.9976,Lateral Movement,0.0007,Device Spoofing,0.0005
SES-007488,Normal,Normal,0.9985,1,Normal,0.9985,USB Data Theft,0.0003,Impossible Travel,0.0003
SES-001359,Normal,Normal,0.5588,1,Normal,0.5588,Insider Threat,0.3984,USB Data Theft,0.0138
SES-008381,Normal,Normal,0.9883,1,Normal,0.9883,Device Spoofing,0.0021,USB Data Theft,0.0014
SES-004461,Normal,Normal,0.9836,1,Normal,0.9836,Device Spoofing,0.0141,Malware Execution,0.0004
SES-007544,Normal,Normal,0.9984,1,Normal,0.9984,USB Data Theft,0.0004,Device Spoofing,0.0002
SES-005966,USB Data Theft,Off-hours Access,0.9937,0,Off-hours Access,0.9937,Normal,0.003,Insider Threat,0.0005
SES-002037,Normal,Normal,0.9976,1,Normal,0.9976,USB Data Theft,0.0012,Insider Drift,0.0002
SES-007869,Normal,Normal,0.8798,1,Normal,0.8798,Malware Execution,0.059,Privilege Escalation,0.0299
SES-010836,Normal,Normal,0.9984,1,Normal,0.9984,USB Data Theft,0.0005,Device Spoofing,0.0003
SES-007257,Normal,Normal,0.9978,1,Normal,0.9978,USB Data Theft,0.0013,Impossible Travel,0.0001
SES-006232,Normal,Normal,0.9797,1,Normal,0.9797,Privilege Escalation,0.0076,Malware Execution,0.0052
SES-000867,Normal,Normal,0.9985,1,Normal,0.9985,USB Data Theft,0.0007,Device Spoofing,0.0002
SES-003148,Normal,Normal,0.9969,1,Normal,0.9969,Impossible Travel,0.0007,USB Data Theft,0.0003
SES-006561,Normal,Normal,0.993,1,Normal,0.993,Lateral Movement,0.0037,Insider Drift,0.0025
SES-002582,Normal,Normal,0.9975,1,Normal,0.9975,USB Data Theft,0.0007,Device Spoofing,0.0005
SES-007111,Normal,Normal,0.9923,1,Normal,0.9923,Lateral Movement,0.0011,Insider Drift,0.0009
SES-010359,Normal,Normal,0.8704,1,Normal,0.8704,Malware Execution,0.0516,Insider Threat,0.0451
SES-010803,Normal,Normal,0.9976,1,Normal,0.9976,USB Data Theft,0.0007,Insider Drift,0.0006
SES-006238,Beaconing C2,Beaconing C2,0.9939,1,Beaconing C2,0.9939,Normal,0.0022,Lateral Movement,0.0013
SES-008391,Normal,Normal,0.6973,1,Normal,0.6973,Privilege Escalation,0.2259,Malware Execution,0.0562
SES-007715,Normal,Normal,0.9667,1,Normal,0.9667,USB Data Theft,0.0124,Insider Drift,0.0029
SES-011755,Normal,Normal,0.999,1,Normal,0.999,USB Data Theft,0.0002,Device Spoofing,0.0001
SES-006613,Normal,Normal,0.9988,1,Normal,0.9988,USB Data Theft,0.0003,Device Spoofing,0.0002
SES-007780,Normal,Normal,0.9988,1,Normal,0.9988,Device Spoofing,0.0002,Impossible Travel,0.0001
SES-010376,Normal,Normal,0.9992,1,Normal,0.9992,Impossible Travel,0.0002,Brute Force,0.0001
SES-007618,Normal,Normal,0.9989,1,Normal,0.9989,Impossible Travel,0.0001,Device Spoofing,0.0001
SES-005628,Normal,Normal,0.9974,1,Normal,0.9974,Impossible Travel,0.0004,Device Spoofing,0.0004
SES-003832,Normal,Normal,0.8463,1,Normal,0.8463,Privilege Escalation,0.0997,Malware Execution,0.0136
SES-005639,Normal,Normal,0.6805,1,Normal,0.6805,Device Spoofing,0.3142,Impossible Travel,0.0009
SES-010571,Normal,Normal,0.9982,1,Normal,0.9982,USB Data Theft,0.0003,Lateral Movement,0.0002
SES-005204,Normal,Normal,0.9959,1,Normal,0.9959,Impossible Travel,0.0007,Device Spoofing,0.0006
SES-011556,Normal,Privilege Escalation,0.5241,0,Privilege Escalation,0.5241,Normal,0.4376,Malware Execution,0.0167
SES-003457,Normal,Normal,0.9991,1,Normal,0.9991,Impossible Travel,0.0002,Device Spoofing,0.0002
SES-008338,Normal,Normal,0.9994,1,Normal,0.9994,Insider Threat,0.0001,Device Spoofing,0.0001
SES-012993,Normal,Normal,0.9982,1,Normal,0.9982,Malware Execution,0.0007,Privilege Escalation,0.0002
SES-004750,Normal,Normal,0.9969,1,Normal,0.9969,Lateral Movement,0.0007,Insider Drift,0.0005
SES-009540,Normal,Normal,0.9986,1,Normal,0.9986,Privilege Escalation,0.0005,Suspicious PowerShell,0.0002
SES-001753,Normal,Normal,0.9982,1,Normal,0.9982,Device Spoofing,0.0004,Malware Execution,0.0002
SES-003303,Normal,Normal,0.8918,1,Normal,0.8918,USB Data Theft,0.095,Privilege Escalation,0.0018
SES-004624,Normal,Normal,0.9607,1,Normal,0.9607,USB Data Theft,0.0299,Privilege Escalation,0.0017
SES-007477,Normal,Normal,0.9963,1,Normal,0.9963,Device Spoofing,0.0012,Impossible Travel,0.0003
SES-008141,Normal,Normal,0.9995,1,Normal,0.9995,USB Data Theft,0.0001,Insider Threat,0.0
SES-012902,Normal,Normal,0.9709,1,Normal,0.9709,Lateral Movement,0.0147,Insider Drift,0.0078
SES-012326,Normal,Normal,0.9992,1,Normal,0.9992,USB Data Theft,0.0001,Device Spoofing,0.0001
SES-002905,Normal,Normal,0.8605,1,Normal,0.8605,Device Spoofing,0.1282,Privilege Escalation,0.0017
SES-000297,Normal,Normal,0.996,1,Normal,0.996,Device Spoofing,0.001,Impossible Travel,0.0008
SES-007177,Normal,Normal,0.9988,1,Normal,0.9988,USB Data Theft,0.0002,Malware Execution,0.0001
SES-002231,Normal,Normal,0.9969,1,Normal,0.9969,USB Data Theft,0.0013,Device Spoofing,0.0003
SES-009666,Normal,Normal,0.836,1,Normal,0.836,USB Data Theft,0.142,Device Spoofing,0.0039
SES-003094,Normal,Normal,0.995,1,Normal,0.995,Insider Threat,0.0021,Malware Execution,0.001
SES-009672,Normal,Normal,0.996,1,Normal,0.996,Malware Execution,0.0008,Impossible Travel,0.0007
SES-008654,Normal,Normal,0.99,1,Normal,0.99,Device Spoofing,0.0057,USB Data Theft,0.0007
SES-004781,Normal,Normal,0.9774,1,Normal,0.9774,Insider Threat,0.0144,USB Data Theft,0.0013
SES-007113,Normal,Normal,0.9808,1,Normal,0.9808,Insider Drift,0.0084,Lateral Movement,0.0018
SES-006869,Normal,Normal,0.9978,1,Normal,0.9978,USB Data Theft,0.0005,Lateral Movement,0.0003
SES-005974,Normal,Normal,0.9962,1,Normal,0.9962,Off-hours Access,0.0018,Device Spoofing,0.0005
SES-007057,Normal,Normal,0.9968,1,Normal,0.9968,Brute Force,0.0005,Device Spoofing,0.0005
SES-000086,Normal,Normal,0.9863,1,Normal,0.9863,Device Spoofing,0.0055,Insider Threat,0.0018
SES-009336,Normal,Normal,0.9971,1,Normal,0.9971,Device Spoofing,0.0013,USB Data Theft,0.0005
SES-002943,Normal,Normal,0.9839,1,Normal,0.9839,Malware Execution,0.0082,Privilege Escalation,0.0021
SES-011028,Normal,Normal,0.8883,1,Normal,0.8883,Privilege Escalation,0.0702,Malware Execution,0.0275
SES-006874,Normal,Normal,0.9992,1,Normal,0.9992,USB Data Theft,0.0001,Credential Stuffing,0.0001
SES-004456,Normal,Normal,0.9965,1,Normal,0.9965,Device Spoofing,0.0014,Brute Force,0.0004
SES-007491,Normal,Normal,0.9954,1,Normal,0.9954,Privilege Escalation,0.0011,Malware Execution,0.001
SES-009463,Normal,Normal,0.9808,1,Normal,0.9808,Device Spoofing,0.0067,Lateral Movement,0.0032
SES-006025,Normal,Normal,0.9981,1,Normal,0.9981,USB Data Theft,0.0002,Device Spoofing,0.0002
SES-009229,Normal,Normal,0.9956,1,Normal,0.9956,USB Data Theft,0.0007,Privilege Escalation,0.0004
SES-000021,Normal,Normal,0.9699,1,Normal,0.9699,Off-hours Access,0.0212,Lateral Movement,0.0028
SES-002778,USB Data Theft,Normal,0.9391,0,Normal,0.9391,USB Data Theft,0.0535,Impossible Travel,0.0011
SES-011881,Normal,Normal,0.994,1,Normal,0.994,Lateral Movement,0.0022,Privilege Escalation,0.002
SES-006725,Normal,Normal,0.9914,1,Normal,0.9914,Malware Execution,0.0041,Privilege Escalation,0.003
SES-000167,Normal,Normal,0.9891,1,Normal,0.9891,Device Spoofing,0.005,Insider Threat,0.0014
SES-001515,Normal,Normal,0.9982,1,Normal,0.9982,Insider Threat,0.0003,USB Data Theft,0.0002
SES-012901,Normal,Normal,0.9997,1,Normal,0.9997,USB Data Theft,0.0,Impossible Travel,0.0
SES-010746,Normal,Normal,0.9991,1,Normal,0.9991,Brute Force,0.0001,USB Data Theft,0.0001
SES-008922,Normal,Normal,0.9895,1,Normal,0.9895,Off-hours Access,0.0055,Device Spoofing,0.001
SES-004874,Normal,Normal,0.9909,1,Normal,0.9909,Malware Execution,0.0038,Privilege Escalation,0.0022
SES-011883,Normal,Normal,0.9981,1,Normal,0.9981,Insider Threat,0.0005,Lateral Movement,0.0005
SES-008872,Normal,Normal,0.9923,1,Normal,0.9923,USB Data Theft,0.0036,Device Spoofing,0.0006
SES-006680,Normal,Normal,0.9978,1,Normal,0.9978,USB Data Theft,0.0011,Impossible Travel,0.0003
SES-003304,Normal,Normal,0.9985,1,Normal,0.9985,Malware Execution,0.0008,Privilege Escalation,0.0001
SES-007353,Normal,Normal,0.9182,1,Normal,0.9182,Privilege Escalation,0.0369,Device Spoofing,0.0214
SES-011230,Normal,Normal,0.9989,1,Normal,0.9989,Impossible Travel,0.0002,Device Spoofing,0.0001
SES-008128,Normal,Normal,0.9996,1,Normal,0.9996,Impossible Travel,0.0,Data Exfiltration,0.0
SES-009547,Normal,Normal,0.9998,1,Normal,0.9998,Brute Force,0.0,Malware Execution,0.0
SES-008624,Normal,Normal,0.9984,1,Normal,0.9984,Impossible Travel,0.0003,USB Data Theft,0.0003
SES-004773,Normal,Normal,0.9994,1,Normal,0.9994,Impossible Travel,0.0001,Data Exfiltration,0.0001
SES-010849,Normal,Normal,0.993,1,Normal,0.993,Malware Execution,0.0039,Lateral Movement,0.0026
SES-001029,Normal,Normal,0.9936,1,Normal,0.9936,USB Data Theft,0.0036,Brute Force,0.0004
SES-002955,Normal,Normal,0.9987,1,Normal,0.9987,Device Spoofing,0.0002,Impossible Travel,0.0001
SES-006253,Normal,Normal,0.9984,1,Normal,0.9984,Insider Threat,0.0007,Impossible Travel,0.0002
SES-012011,Normal,Normal,0.999,1,Normal,0.999,Device Spoofing,0.0002,USB Data Theft,0.0001
SES-008932,Normal,Normal,0.9921,1,Normal,0.9921,Off-hours Access,0.0054,Device Spoofing,0.0008
SES-001369,Normal,Normal,0.8931,1,Normal,0.8931,Insider Threat,0.0889,USB Data Theft,0.0033
SES-008873,Normal,Normal,0.993,1,Normal,0.993,Insider Threat,0.0012,Device Spoofing,0.0007
SES-007640,Normal,Normal,0.9777,1,Normal,0.9777,Insider Threat,0.0036,Device Spoofing,0.002
SES-011029,Normal,Normal,0.7682,1,Normal,0.7682,USB Data Theft,0.2131,Insider Threat,0.0024
SES-004824,Normal,Normal,0.9989,1,Normal,0.9989,USB Data Theft,0.0006,Insider Threat,0.0001
SES-010905,Normal,Normal,0.9939,1,Normal,0.9939,Device Spoofing,0.002,Impossible Travel,0.0004
SES-005072,Normal,Normal,0.9989,1,Normal,0.9989,Device Spoofing,0.0002,USB Data Theft,0.0001
SES-003225,Normal,Normal,0.9284,1,Normal,0.9284,USB Data Theft,0.0286,Malware Execution,0.0051
SES-008657,Normal,Normal,0.9825,1,Normal,0.9825,Privilege Escalation,0.005,Malware Execution,0.0032
SES-003201,Normal,Normal,0.9618,1,Normal,0.9618,USB Data Theft,0.0219,Insider Drift,0.0055
SES-008007,Normal,Normal,0.9939,1,Normal,0.9939,USB Data Theft,0.002,Device Spoofing,0.0012
SES-000913,Normal,Normal,0.8829,1,Normal,0.8829,USB Data Theft,0.0306,Lateral Movement,0.0269
SES-010026,Normal,Normal,0.9571,1,Normal,0.9571,Privilege Escalation,0.0162,USB Data Theft,0.0084
SES-003631,Normal,Normal,0.999,1,Normal,0.999,Malware Execution,0.0004,USB Data Theft,0.0002
SES-005745,Data Exfiltration,Data Exfiltration,0.9989,1,Data Exfiltration,0.9989,Normal,0.0004,Insider Threat,0.0003
SES-009323,Normal,Normal,0.9833,1,Normal,0.9833,Insider Threat,0.0109,Impossible Travel,0.0011
SES-004705,Insider Threat,Insider Threat,0.8446,1,Insider Threat,0.8446,Normal,0.1397,Privilege Escalation,0.0086
SES-005133,Normal,Normal,0.9984,1,Normal,0.9984,USB Data Theft,0.0004,Device Spoofing,0.0002
SES-006178,Credential Stuffing,Credential Stuffing,0.7274,1,Credential Stuffing,0.7274,Brute Force,0.2686,Normal,0.0012
SES-000690,Normal,Normal,0.8412,1,Normal,0.8412,Malware Execution,0.0834,Insider Threat,0.0541
SES-006931,Normal,Normal,0.9979,1,Normal,0.9979,USB Data Theft,0.001,Impossible Travel,0.0001
SES-011156,Normal,Normal,0.9806,1,Normal,0.9806,Device Spoofing,0.0152,USB Data Theft,0.0024
SES-004561,Normal,Normal,0.6396,1,Normal,0.6396,USB Data Theft,0.3282,Insider Threat,0.005
SES-008801,Normal,Normal,0.994,1,Normal,0.994,Privilege Escalation,0.001,Insider Threat,0.0007
SES-006222,Normal,Normal,0.9843,1,Normal,0.9843,Device Spoofing,0.0051,Insider Threat,0.0016
SES-003040,Normal,Normal,0.6984,1,Normal,0.6984,Insider Threat,0.2832,USB Data Theft,0.0073
SES-003079,Normal,Normal,0.999,1,Normal,0.999,Device Spoofing,0.0001,Brute Force,0.0001
SES-001767,Normal,Normal,0.9512,1,Normal,0.9512,USB Data Theft,0.0192,Impossible Travel,0.0031
SES-006189,Normal,Normal,0.9995,1,Normal,0.9995,USB Data Theft,0.0001,Impossible Travel,0.0001
SES-000620,Normal,Normal,0.994,1,Normal,0.994,Off-hours Access,0.0032,Device Spoofing,0.0008
SES-009886,Normal,Normal,0.6856,1,Normal,0.6856,Privilege Escalation,0.151,Malware Execution,0.0865
SES-011378,Normal,Normal,0.9278,1,Normal,0.9278,Privilege Escalation,0.0506,Device Spoofing,0.015
SES-006983,Normal,Normal,0.97,1,Normal,0.97,Privilege Escalation,0.0212,Malware Execution,0.003
SES-004602,Normal,Normal,0.9508,1,Normal,0.9508,Insider Threat,0.0217,Privilege Escalation,0.0069
SES-004831,Normal,Normal,0.7972,1,Normal,0.7972,Insider Threat,0.1587,USB Data Theft,0.0125
SES-001511,Credential Stuffing,Credential Stuffing,0.8611,1,Credential Stuffing,0.8611,Brute Force,0.1312,Normal,0.0015
SES-012241,Normal,Normal,0.903,1,Normal,0.903,Lateral Movement,0.0352,Privilege Escalation,0.0119
SES-004650,Normal,Normal,0.7467,1,Normal,0.7467,Privilege Escalation,0.1251,Malware Execution,0.1046
SES-002791,Normal,Normal,0.9995,1,Normal,0.9995,Impossible Travel,0.0001,Device Spoofing,0.0
SES-002811,Normal,Normal,0.9674,1,Normal,0.9674,Low-and-Slow Exfiltration,0.0096,Malware Execution,0.006
SES-001904,Normal,Normal,0.893,1,Normal,0.893,USB Data Theft,0.0348,Privilege Escalation,0.0348
SES-003472,Normal,Normal,0.7042,1,Normal,0.7042,USB Data Theft,0.1515,Privilege Escalation,0.0432
SES-011452,Normal,Normal,0.999,1,Normal,0.999,Impossible Travel,0.0003,Privilege Escalation,0.0002
SES-011793,Normal,Normal,0.9995,1,Normal,0.9995,Device Spoofing,0.0001,Impossible Travel,0.0001
SES-000495,Normal,Normal,0.9626,1,Normal,0.9626,Device Spoofing,0.0196,Insider Threat,0.0029
SES-008135,Normal,Normal,0.8732,1,Normal,0.8732,Malware Execution,0.0301,Privilege Escalation,0.028
SES-000724,Normal,Normal,0.9894,1,Normal,0.9894,Device Spoofing,0.002,Insider Threat,0.0017
SES-012301,Normal,Normal,0.998,1,Normal,0.998,Device Spoofing,0.0002,Impossible Travel,0.0002
SES-006706,Normal,Normal,0.9921,1,Normal,0.9921,Low-and-Slow Exfiltration,0.0041,Device Spoofing,0.0012
SES-011480,Normal,Normal,0.9985,1,Normal,0.9985,USB Data Theft,0.0004,Impossible Travel,0.0001
SES-012957,Normal,Normal,0.9642,1,Normal,0.9642,Privilege Escalation,0.01,Malware Execution,0.0078
SES-004603,Normal,Normal,0.502,1,Normal,0.502,Privilege Escalation,0.3828,Malware Execution,0.0719
SES-004222,Normal,Normal,0.8985,1,Normal,0.8985,Privilege Escalation,0.0713,Malware Execution,0.0036
SES-001059,Normal,Normal,0.9975,1,Normal,0.9975,Lateral Movement,0.0003,USB Data Theft,0.0003
SES-006163,Normal,Normal,0.8925,1,Normal,0.8925,Privilege Escalation,0.078,Malware Execution,0.0154
SES-004663,Normal,Normal,0.6752,1,Normal,0.6752,USB Data Theft,0.1118,Device Spoofing,0.0268
SES-002652,Normal,Normal,0.9986,1,Normal,0.9986,Device Spoofing,0.0003,USB Data Theft,0.0002
SES-002443,Normal,Device Spoofing,0.972,0,Device Spoofing,0.972,Normal,0.0271,Impossible Travel,0.0001
SES-008832,Normal,Normal,0.9987,1,Normal,0.9987,Device Spoofing,0.0004,Brute Force,0.0002
SES-000129,Normal,Normal,0.9992,1,Normal,0.9992,Device Spoofing,0.0002,USB Data Theft,0.0001
SES-002034,Normal,Normal,0.9994,1,Normal,0.9994,Device Spoofing,0.0002,Impossible Travel,0.0
SES-005525,Normal,Normal,0.9952,1,Normal,0.9952,Impossible Travel,0.0012,Device Spoofing,0.0009
SES-001423,Normal,Normal,0.9988,1,Normal,0.9988,Device Spoofing,0.0002,Insider Threat,0.0002
SES-001096,Normal,Normal,0.9783,1,Normal,0.9783,Malware Execution,0.0074,Privilege Escalation,0.005
SES-004076,Normal,Normal,0.9996,1,Normal,0.9996,Insider Threat,0.0001,USB Data Theft,0.0
SES-011604,Normal,Normal,0.9903,1,Normal,0.9903,USB Data Theft,0.0021,Privilege Escalation,0.0018
SES-008751,Normal,Normal,0.998,1,Normal,0.998,Device Spoofing,0.0004,Credential Stuffing,0.0002
SES-008093,Normal,Normal,0.9989,1,Normal,0.9989,USB Data Theft,0.0007,Impossible Travel,0.0001
SES-006857,Normal,Normal,0.9996,1,Normal,0.9996,Device Spoofing,0.0001,Insider Drift,0.0
SES-003867,Normal,Normal,0.9308,1,Normal,0.9308,Malware Execution,0.0408,USB Data Theft,0.0081
SES-003852,Normal,Normal,0.9889,1,Normal,0.9889,Lateral Movement,0.0067,Malware Execution,0.0014
SES-006276,Normal,Normal,0.999,1,Normal,0.999,USB Data Theft,0.0001,Privilege Escalation,0.0001
SES-012438,Normal,Normal,0.9975,1,Normal,0.9975,USB Data Theft,0.0005,Impossible Travel,0.0002
SES-005507,Normal,Normal,0.9889,1,Normal,0.9889,Device Spoofing,0.0017,USB Data Theft,0.0017
SES-002526,Normal,Normal,0.8439,1,Normal,0.8439,Malware Execution,0.1304,Insider Threat,0.0046
SES-012570,Normal,Normal,0.9991,1,Normal,0.9991,Lateral Movement,0.0005,Device Spoofing,0.0001
SES-010601,Normal,Normal,0.83,1,Normal,0.83,USB Data Theft,0.1022,Device Spoofing,0.047
SES-009843,Normal,Normal,0.9807,1,Normal,0.9807,USB Data Theft,0.0142,Impossible Travel,0.0006
SES-006421,Normal,Normal,0.9987,1,Normal,0.9987,USB Data Theft,0.0004,Device Spoofing,0.0002
SES-011817,Normal,Normal,0.9886,1,Normal,0.9886,Privilege Escalation,0.0024,Insider Threat,0.0012
SES-009961,Normal,Normal,0.9989,1,Normal,0.9989,Lateral Movement,0.0002,Insider Drift,0.0001
SES-005397,Normal,Normal,0.9995,1,Normal,0.9995,Device Spoofing,0.0001,Insider Threat,0.0001
SES-012499,Normal,Normal,0.9884,1,Normal,0.9884,Device Spoofing,0.0037,Impossible Travel,0.0024
SES-002255,Normal,Normal,0.8143,1,Normal,0.8143,Malware Execution,0.1432,Privilege Escalation,0.0192
SES-011329,Normal,Normal,0.9794,1,Normal,0.9794,Insider Threat,0.0089,USB Data Theft,0.0027
SES-001739,Normal,Normal,0.986,1,Normal,0.986,Malware Execution,0.0102,Lateral Movement,0.0021
SES-001661,Off-hours Access,Off-hours Access,0.9988,1,Off-hours Access,0.9988,Normal,0.001,USB Data Theft,0.0001
SES-010367,Normal,Normal,0.9921,1,Normal,0.9921,USB Data Theft,0.0012,Impossible Travel,0.0011
SES-012479,Normal,Normal,0.9987,1,Normal,0.9987,Impossible Travel,0.0003,Insider Threat,0.0001
SES-005705,Normal,Normal,0.9558,1,Normal,0.9558,Privilege Escalation,0.0211,USB Data Theft,0.0079
SES-000385,Normal,Normal,0.9922,1,Normal,0.9922,Device Spoofing,0.003,Brute Force,0.0008
SES-012111,Normal,Normal,0.9958,1,Normal,0.9958,Device Spoofing,0.0007,Credential Stuffing,0.0005
SES-012709,Normal,Normal,0.9911,1,Normal,0.9911,Malware Execution,0.005,Privilege Escalation,0.0009
SES-006077,Normal,Normal,0.9992,1,Normal,0.9992,USB Data Theft,0.0001,Device Spoofing,0.0001
SES-011245,Normal,Normal,0.9738,1,Normal,0.9738,Insider Drift,0.0042,Insider Threat,0.003
SES-006427,Normal,Normal,0.9786,1,Normal,0.9786,USB Data Theft,0.0047,Impossible Travel,0.0023
SES-004726,Normal,Normal,0.9972,1,Normal,0.9972,Lateral Movement,0.0005,USB Data Theft,0.0003
SES-003102,Normal,Normal,0.9948,1,Normal,0.9948,Privilege Escalation,0.003,Malware Execution,0.0004
SES-003522,Normal,Normal,0.984,1,Normal,0.984,USB Data Theft,0.0023,Impossible Travel,0.0015
SES-003833,Normal,Normal,0.89,1,Normal,0.89,USB Data Theft,0.0844,Insider Threat,0.0029
SES-012048,Normal,Normal,0.9711,1,Normal,0.9711,Privilege Escalation,0.0142,Low-and-Slow Exfiltration,0.0052
SES-008339,Normal,Normal,0.9995,1,Normal,0.9995,Device Spoofing,0.0002,Credential Stuffing,0.0
SES-003172,Normal,Normal,0.9976,1,Normal,0.9976,Impossible Travel,0.0004,Device Spoofing,0.0003
SES-011352,Normal,Normal,0.9611,1,Normal,0.9611,USB Data Theft,0.0187,Device Spoofing,0.0026
SES-006262,Normal,Insider Threat,0.9447,0,Insider Threat,0.9447,Normal,0.0454,USB Data Theft,0.0045
SES-011906,Normal,Normal,0.9793,1,Normal,0.9793,Off-hours Access,0.0073,Device Spoofing,0.0028
SES-010697,Normal,Normal,0.999,1,Normal,0.999,Device Spoofing,0.0002,Impossible Travel,0.0001
SES-009451,Normal,Normal,0.9922,1,Normal,0.9922,Device Spoofing,0.0039,Brute Force,0.0008
SES-000703,Normal,Normal,0.9975,1,Normal,0.9975,Device Spoofing,0.0014,Brute Force,0.0002
SES-004003,Normal,Normal,0.8647,1,Normal,0.8647,Privilege Escalation,0.0487,Insider Threat,0.0351
SES-007223,Normal,Normal,0.9887,1,Normal,0.9887,Insider Threat,0.0089,Lateral Movement,0.0003
SES-009197,Normal,Normal,0.8155,1,Normal,0.8155,Low-and-Slow Exfiltration,0.0898,Privilege Escalation,0.0311
SES-001598,Normal,Normal,0.9981,1,Normal,0.9981,Insider Threat,0.0003,USB Data Theft,0.0002
SES-010570,Normal,Normal,0.9769,1,Normal,0.9769,Device Spoofing,0.0155,USB Data Theft,0.0028
SES-005160,Normal,Insider Threat,0.5063,0,Insider Threat,0.5063,Normal,0.4351,USB Data Theft,0.0414
SES-008882,Device Spoofing,Normal,0.636,0,Normal,0.636,Device Spoofing,0.3354,USB Data Theft,0.0054
SES-012630,Normal,Normal,0.9995,1,Normal,0.9995,Insider Threat,0.0002,Malware Execution,0.0001
SES-000286,Normal,Normal,0.9456,1,Normal,0.9456,Insider Threat,0.0325,Device Spoofing,0.0121
SES-009056,Normal,Normal,0.8944,1,Normal,0.8944,USB Data Theft,0.0674,Insider Threat,0.0058
SES-007944,Normal,Normal,0.9991,1,Normal,0.9991,Brute Force,0.0002,Insider Threat,0.0001
SES-012260,Normal,Normal,0.9981,1,Normal,0.9981,Device Spoofing,0.0004,Privilege Escalation,0.0002
SES-009892,Normal,Normal,0.9977,1,Normal,0.9977,Malware Execution,0.0006,USB Data Theft,0.0004
SES-008142,Normal,Normal,0.9992,1,Normal,0.9992,Device Spoofing,0.0003,Credential Stuffing,0.0001
SES-000081,Normal,Normal,0.9993,1,Normal,0.9993,Device Spoofing,0.0002,Lateral Movement,0.0001
SES-006823,Normal,Normal,0.9988,1,Normal,0.9988,Device Spoofing,0.0006,Privilege Escalation,0.0001
SES-008964,Normal,Normal,0.9996,1,Normal,0.9996,Device Spoofing,0.0001,Lateral Movement,0.0
SES-006915,Normal,Normal,0.9947,1,Normal,0.9947,Device Spoofing,0.0008,USB Data Theft,0.0007
SES-012588,Normal,Normal,0.9991,1,Normal,0.9991,USB Data Theft,0.0002,Brute Force,0.0001
SES-004946,Normal,Normal,0.986,1,Normal,0.986,Insider Threat,0.0084,USB Data Theft,0.0007
SES-006500,Normal,Normal,0.9627,1,Normal,0.9627,Off-hours Access,0.0081,Insider Threat,0.0075
SES-010841,Normal,Normal,0.6504,1,Normal,0.6504,Low-and-Slow Exfiltration,0.1526,USB Data Theft,0.1473
SES-000769,Normal,Normal,0.9995,1,Normal,0.9995,Device Spoofing,0.0001,USB Data Theft,0.0001
SES-001545,Normal,Normal,0.9951,1,Normal,0.9951,USB Data Theft,0.0019,Insider Drift,0.0004
SES-007737,Normal,Normal,0.9861,1,Normal,0.9861,Device Spoofing,0.0014,Impossible Travel,0.0014
SES-001472,Normal,Normal,0.985,1,Normal,0.985,Lateral Movement,0.0023,Insider Threat,0.0017
SES-011208,Normal,Normal,0.9985,1,Normal,0.9985,Device Spoofing,0.0003,Brute Force,0.0002
SES-005837,Normal,Insider Threat,0.762,0,Insider Threat,0.762,Normal,0.1986,Lateral Movement,0.0295
SES-008684,Lateral Movement,Lateral Movement,0.9977,1,Lateral Movement,0.9977,Insider Drift,0.0013,Normal,0.0005
SES-007046,Normal,Normal,0.9964,1,Normal,0.9964,Device Spoofing,0.0012,Off-hours Access,0.0008
SES-013001,Normal,Normal,0.883,1,Normal,0.883,Privilege Escalation,0.0385,Low-and-Slow Exfiltration,0.0256
SES-002481,Normal,Normal,0.9809,1,Normal,0.9809,Device Spoofing,0.0052,Impossible Travel,0.0019
SES-010907,Normal,Normal,0.9107,1,Normal,0.9107,Privilege Escalation,0.0584,USB Data Theft,0.0161
SES-010898,Normal,Normal,0.9952,1,Normal,0.9952,Device Spoofing,0.0014,USB Data Theft,0.0013
SES-004030,Normal,Normal,0.9995,1,Normal,0.9995,Device Spoofing,0.0001,Brute Force,0.0001
SES-006778,Normal,Normal,0.9973,1,Normal,0.9973,Device Spoofing,0.0008,Malware Execution,0.0004
SES-008661,Normal,Normal,0.9774,1,Normal,0.9774,Insider Threat,0.0042,Lateral Movement,0.0035
SES-003354,Normal,Normal,0.9432,1,Normal,0.9432,Device Spoofing,0.0404,Insider Threat,0.0094
SES-005920,Normal,Normal,0.9975,1,Normal,0.9975,Lateral Movement,0.0013,Malware Execution,0.0005
SES-003819,Normal,Normal,0.9983,1,Normal,0.9983,Malware Execution,0.001,Suspicious PowerShell,0.0001
SES-000526,Normal,Normal,0.9986,1,Normal,0.9986,Privilege Escalation,0.0005,Impossible Travel,0.0002
SES-005286,Normal,Normal,0.9929,1,Normal,0.9929,USB Data Theft,0.0013,Privilege Escalation,0.0007
SES-000614,Privilege Escalation,Privilege Escalation,0.8524,1,Privilege Escalation,0.8524,Malware Execution,0.1175,Brute Force,0.022
SES-009334,Normal,Normal,0.9994,1,Normal,0.9994,Device Spoofing,0.0002,Impossible Travel,0.0001
SES-005625,Normal,Normal,0.9973,1,Normal,0.9973,Device Spoofing,0.0003,Insider Threat,0.0003
SES-007175,Normal,Normal,0.978,1,Normal,0.978,Device Spoofing,0.015,USB Data Theft,0.0015
SES-007591,Normal,Normal,0.9666,1,Normal,0.9666,USB Data Theft,0.0138,Lateral Movement,0.0037
SES-009106,Normal,Normal,0.9905,1,Normal,0.9905,Malware Execution,0.004,Privilege Escalation,0.0034
SES-002570,Normal,Normal,0.612,1,Normal,0.612,Privilege Escalation,0.3143,Malware Execution,0.0452
SES-001572,Normal,Normal,0.8846,1,Normal,0.8846,USB Data Theft,0.0504,Device Spoofing,0.0121
SES-005556,Normal,Normal,0.9938,1,Normal,0.9938,Malware Execution,0.003,Privilege Escalation,0.0011
SES-006195,Normal,Normal,0.993,1,Normal,0.993,Device Spoofing,0.005,Credential Stuffing,0.0003
SES-004330,Normal,Normal,0.9963,1,Normal,0.9963,USB Data Theft,0.0007,Impossible Travel,0.0003
SES-003509,Normal,Normal,0.9091,1,Normal,0.9091,Lateral Movement,0.0286,Insider Threat,0.0177
SES-000745,Normal,Normal,0.9948,1,Normal,0.9948,Device Spoofing,0.0011,USB Data Theft,0.001
SES-010829,Normal,Normal,0.9869,1,Normal,0.9869,USB Data Theft,0.0082,Impossible Travel,0.0006
SES-007839,Normal,Normal,0.9616,1,Normal,0.9616,USB Data Theft,0.0083,Brute Force,0.0044
SES-010844,Normal,Normal,0.9944,1,Normal,0.9944,Device Spoofing,0.0009,Credential Stuffing,0.0006
SES-009648,Normal,Normal,0.949,1,Normal,0.949,USB Data Theft,0.0185,Impossible Travel,0.0039
SES-012617,Normal,Normal,0.9976,1,Normal,0.9976,Device Spoofing,0.0006,Malware Execution,0.0002
SES-005344,Brute Force,Credential Stuffing,0.8263,0,Credential Stuffing,0.8263,Brute Force,0.1607,Device Spoofing,0.0052
SES-004027,Normal,Normal,0.9863,1,Normal,0.9863,Device Spoofing,0.0091,USB Data Theft,0.0009
SES-005834,Normal,Malware Execution,0.6265,0,Malware Execution,0.6265,Normal,0.3228,Lateral Movement,0.0114
SES-003571,Low-and-Slow Exfiltration,Low-and-Slow Exfiltration,0.9624,1,Low-and-Slow Exfiltration,0.9624,Lateral Movement,0.0354,Insider Drift,0.0018
SES-010630,Normal,Normal,0.9698,1,Normal,0.9698,Off-hours Access,0.01,Lateral Movement,0.0079
SES-001952,Normal,Normal,0.997,1,Normal,0.997,Malware Execution,0.0014,Privilege Escalation,0.0007
SES-008737,Normal,Normal,0.9992,1,Normal,0.9992,Insider Threat,0.0002,Privilege Escalation,0.0002
SES-004970,Impossible Travel,Impossible Travel,0.9967,1,Impossible Travel,0.9967,Normal,0.0018,Device Spoofing,0.0014
SES-006696,Normal,Normal,0.9387,1,Normal,0.9387,Device Spoofing,0.0456,USB Data Theft,0.0033
SES-012298,Normal,Normal,0.997,1,Normal,0.997,Insider Threat,0.0019,Lateral Movement,0.0003
SES-004809,Normal,Normal,0.9977,1,Normal,0.9977,USB Data Theft,0.0004,Credential Stuffing,0.0003
SES-001706,Normal,Normal,0.9992,1,Normal,0.9992,Device Spoofing,0.0002,Credential Stuffing,0.0001
SES-006741,Lateral Movement,Lateral Movement,0.9842,1,Lateral Movement,0.9842,Malware Execution,0.0048,Normal,0.0043
SES-003716,Normal,Normal,0.9676,1,Normal,0.9676,Device Spoofing,0.0111,Privilege Escalation,0.0087
SES-000746,Normal,Normal,0.9994,1,Normal,0.9994,Device Spoofing,0.0001,Impossible Travel,0.0001
SES-011757,Normal,Normal,0.9886,1,Normal,0.9886,USB Data Theft,0.0031,Impossible Travel,0.0012
SES-008157,Normal,Normal,0.9982,1,Normal,0.9982,Privilege Escalation,0.001,Malware Execution,0.0003
SES-010918,Normal,Normal,0.968,1,Normal,0.968,Malware Execution,0.0095,Privilege Escalation,0.0067
SES-000832,Normal,Normal,0.9992,1,Normal,0.9992,Device Spoofing,0.0002,Insider Threat,0.0001
SES-012524,Normal,Normal,0.931,1,Normal,0.931,Malware Execution,0.0322,USB Data Theft,0.0147
SES-007583,Normal,Normal,0.9932,1,Normal,0.9932,Lateral Movement,0.0009,Malware Execution,0.0008
SES-012013,Normal,Normal,0.9616,1,Normal,0.9616,Low-and-Slow Exfiltration,0.0103,Privilege Escalation,0.0065
SES-005691,Normal,Normal,0.9864,1,Normal,0.9864,USB Data Theft,0.0103,Impossible Travel,0.0005
SES-005365,Normal,Normal,0.9939,1,Normal,0.9939,Privilege Escalation,0.0015,Impossible Travel,0.0009
SES-003116,Normal,Normal,0.9984,1,Normal,0.9984,USB Data Theft,0.0003,Impossible Travel,0.0001
SES-009328,Normal,Normal,0.9948,1,Normal,0.9948,Device Spoofing,0.0036,Lateral Movement,0.0002
SES-001163,Normal,Normal,0.9986,1,Normal,0.9986,Device Spoofing,0.0004,Brute Force,0.0001
SES-003122,Normal,Normal,0.9992,1,Normal,0.9992,USB Data Theft,0.0002,Device Spoofing,0.0001
SES-004133,Normal,Normal,0.9988,1,Normal,0.9988,Impossible Travel,0.0001,Data Exfiltration,0.0001
SES-002056,Normal,Normal,0.8288,1,Normal,0.8288,Device Spoofing,0.145,USB Data Theft,0.0165
SES-009875,Normal,Normal,0.9997,1,Normal,0.9997,Device Spoofing,0.0001,Lateral Movement,0.0
SES-001146,Normal,Normal,0.9606,1,Normal,0.9606,Off-hours Access,0.0228,Brute Force,0.0026
SES-011557,Normal,Normal,0.9915,1,Normal,0.9915,Insider Threat,0.0036,Malware Execution,0.002
SES-004325,Normal,Normal,0.9953,1,Normal,0.9953,Impossible Travel,0.0011,USB Data Theft,0.0009
SES-001701,Normal,Normal,0.9978,1,Normal,0.9978,USB Data Theft,0.0006,Impossible Travel,0.0002
SES-005945,Normal,Normal,0.9779,1,Normal,0.9779,USB Data Theft,0.0108,Device Spoofing,0.0032
SES-007010,Normal,Normal,0.9988,1,Normal,0.9988,USB Data Theft,0.0004,Insider Threat,0.0002
SES-010968,Normal,Normal,0.949,1,Normal,0.949,Malware Execution,0.0154,Privilege Escalation,0.0098
SES-010604,Normal,Normal,0.9934,1,Normal,0.9934,Device Spoofing,0.0022,Impossible Travel,0.0007
SES-002302,Normal,Normal,0.9991,1,Normal,0.9991,Device Spoofing,0.0003,USB Data Theft,0.0001
SES-012832,Normal,Normal,0.918,1,Normal,0.918,USB Data Theft,0.0694,Insider Threat,0.0028
SES-006295,Normal,Normal,0.9871,1,Normal,0.9871,USB Data Theft,0.0067,Insider Threat,0.0009
SES-002684,Normal,Normal,0.9976,1,Normal,0.9976,USB Data Theft,0.0007,Impossible Travel,0.0002
SES-008185,Insider Threat,Insider Threat,0.9979,1,Insider Threat,0.9979,Normal,0.0013,Off-hours Access,0.0001
SES-007038,Normal,Normal,0.9934,1,Normal,0.9934,Device Spoofing,0.0021,Off-hours Access,0.0014
SES-007084,Normal,Normal,0.9914,1,Normal,0.9914,Device Spoofing,0.0062,USB Data Theft,0.0003
SES-009426,Normal,Normal,0.9967,1,Normal,0.9967,Lateral Movement,0.0017,Malware Execution,0.0007
SES-001450,Brute Force,Brute Force,0.9937,1,Brute Force,0.9937,Credential Stuffing,0.0021,Lateral Movement,0.0017
SES-005949,Normal,Normal,0.9957,1,Normal,0.9957,Device Spoofing,0.0019,Brute Force,0.0004
SES-009300,Normal,Normal,0.9991,1,Normal,0.9991,Device Spoofing,0.0001,Impossible Travel,0.0001
SES-009156,Normal,Normal,0.985,1,Normal,0.985,USB Data Theft,0.0046,Device Spoofing,0.0021
SES-001293,Normal,Normal,0.9989,1,Normal,0.9989,Impossible Travel,0.0004,USB Data Theft,0.0001
SES-000583,Normal,Normal,0.9785,1,Normal,0.9785,USB Data Theft,0.0094,Device Spoofing,0.0045
SES-004985,Normal,Normal,0.9608,1,Normal,0.9608,USB Data Theft,0.0072,Impossible Travel,0.0043
SES-004023,Normal,Normal,0.879,1,Normal,0.879,USB Data Theft,0.0426,Insider Threat,0.0321
SES-001361,Normal,Normal,0.9962,1,Normal,0.9962,Insider Threat,0.0018,Device Spoofing,0.0004
SES-012728,Normal,Normal,0.957,1,Normal,0.957,Privilege Escalation,0.0213,Malware Execution,0.0122
SES-001770,Normal,Normal,0.983,1,Normal,0.983,Impossible Travel,0.003,Data Exfiltration,0.0018
SES-003646,Normal,Normal,0.9857,1,Normal,0.9857,USB Data Theft,0.009,Impossible Travel,0.0006
SES-004585,Normal,Normal,0.9835,1,Normal,0.9835,USB Data Theft,0.0092,Device Spoofing,0.0012
SES-012089,Normal,Normal,0.9985,1,Normal,0.9985,Suspicious PowerShell,0.0002,Malware Execution,0.0002
SES-000116,Normal,Normal,0.9951,1,Normal,0.9951,Insider Threat,0.0022,Device Spoofing,0.001
SES-004759,Normal,Normal,0.7212,1,Normal,0.7212,USB Data Theft,0.2229,Insider Threat,0.0108
SES-008995,Normal,Normal,0.9993,1,Normal,0.9993,Insider Threat,0.0003,Brute Force,0.0001
SES-004144,Malware Execution,Brute Force,0.9558,0,Brute Force,0.9558,Malware Execution,0.0206,Privilege Escalation,0.0173
SES-011681,Normal,Normal,0.9082,1,Normal,0.9082,Device Spoofing,0.0701,USB Data Theft,0.006
SES-009353,Normal,Normal,0.9782,1,Normal,0.9782,USB Data Theft,0.0146,Insider Threat,0.0008
SES-000159,Normal,Normal,0.6378,1,Normal,0.6378,Insider Threat,0.2694,Privilege Escalation,0.0558
SES-012376,Normal,Normal,0.9315,1,Normal,0.9315,USB Data Theft,0.0394,Impossible Travel,0.004
SES-005138,Normal,Normal,0.9997,1,Normal,0.9997,Device Spoofing,0.0001,Impossible Travel,0.0
SES-008939,Normal,Normal,0.9797,1,Normal,0.9797,USB Data Theft,0.0035,Device Spoofing,0.0019
SES-005629,Normal,Normal,0.9134,1,Normal,0.9134,Malware Execution,0.0845,Privilege Escalation,0.0004
SES-001373,Normal,Normal,0.985,1,Normal,0.985,Device Spoofing,0.0057,USB Data Theft,0.0012
SES-001579,Normal,Normal,0.9993,1,Normal,0.9993,Privilege Escalation,0.0001,Malware Execution,0.0001
SES-005709,Normal,Normal,0.9967,1,Normal,0.9967,Device Spoofing,0.0004,Brute Force,0.0004
SES-004573,Malware Execution,Normal,0.7173,0,Normal,0.7173,Privilege Escalation,0.2242,Malware Execution,0.016
SES-010628,Normal,Normal,0.9818,1,Normal,0.9818,Off-hours Access,0.0056,Device Spoofing,0.0026
SES-000426,Normal,Normal,0.9866,1,Normal,0.9866,Device Spoofing,0.0117,Impossible Travel,0.0002
SES-011722,Normal,Normal,0.9924,1,Normal,0.9924,Device Spoofing,0.0016,Suspicious PowerShell,0.001
SES-007121,Normal,Normal,0.9792,1,Normal,0.9792,USB Data Theft,0.0078,Impossible Travel,0.0016
SES-004799,Normal,Normal,0.9876,1,Normal,0.9876,Insider Threat,0.0083,Impossible Travel,0.0012
SES-011155,Off-hours Access,Normal,0.6741,0,Normal,0.6741,Off-hours Access,0.3019,Device Spoofing,0.005
SES-005903,Normal,Normal,0.9929,1,Normal,0.9929,USB Data Theft,0.0018,Lateral Movement,0.0005
SES-001522,Normal,Normal,0.9993,1,Normal,0.9993,Device Spoofing,0.0001,Lateral Movement,0.0001
SES-010245,Normal,Normal,0.9849,1,Normal,0.9849,Insider Threat,0.0089,USB Data Theft,0.0009
SES-010602,Normal,Normal,0.9957,1,Normal,0.9957,USB Data Theft,0.0014,Insider Threat,0.0009
SES-005464,Normal,Normal,0.9479,1,Normal,0.9479,USB Data Theft,0.023,Impossible Travel,0.0041
SES-002600,Normal,Normal,0.9984,1,Normal,0.9984,Insider Threat,0.0011,Device Spoofing,0.0001
SES-011078,Normal,Normal,0.9992,1,Normal,0.9992,USB Data Theft,0.0003,Device Spoofing,0.0001
SES-002744,Normal,Normal,0.994,1,Normal,0.994,Malware Execution,0.0054,Suspicious PowerShell,0.0001
SES-007894,Normal,Normal,0.9982,1,Normal,0.9982,USB Data Theft,0.0007,Impossible Travel,0.0001
SES-001230,Normal,Normal,0.9802,1,Normal,0.9802,Device Spoofing,0.0064,Insider Threat,0.0034
SES-006817,Normal,Normal,0.9975,1,Normal,0.9975,USB Data Theft,0.0004,Impossible Travel,0.0003
SES-011562,Privilege Escalation,Privilege Escalation,0.8246,1,Privilege Escalation,0.8246,Malware Execution,0.1622,Brute Force,0.0083
SES-004978,Normal,Normal,0.9855,1,Normal,0.9855,Device Spoofing,0.0126,USB Data Theft,0.0004
SES-004454,Normal,Normal,0.9643,1,Normal,0.9643,USB Data Theft,0.0121,Device Spoofing,0.0033
SES-002626,Normal,Normal,0.9973,1,Normal,0.9973,Impossible Travel,0.0005,Device Spoofing,0.0003
SES-009760,Normal,Normal,0.9798,1,Normal,0.9798,USB Data Theft,0.0113,Insider Threat,0.0015
SES-005790,Normal,Normal,0.9965,1,Normal,0.9965,Insider Threat,0.0007,Privilege Escalation,0.0006
SES-008067,Normal,Normal,0.6208,1,Normal,0.6208,Malware Execution,0.3235,Privilege Escalation,0.0477
SES-005201,Normal,Normal,0.9956,1,Normal,0.9956,Device Spoofing,0.0011,Insider Threat,0.0005
SES-010711,Normal,Normal,0.9984,1,Normal,0.9984,Device Spoofing,0.0004,Credential Stuffing,0.0002
SES-006030,Normal,Normal,0.9974,1,Normal,0.9974,Device Spoofing,0.0003,USB Data Theft,0.0003
SES-003466,Normal,Normal,0.924,1,Normal,0.924,Insider Threat,0.0594,Insider Drift,0.0024
SES-011939,Low-and-Slow Exfiltration,Low-and-Slow Exfiltration,0.9991,1,Low-and-Slow Exfiltration,0.9991,Normal,0.0003,USB Data Theft,0.0003
SES-003730,Normal,Normal,0.9975,1,Normal,0.9975,Malware Execution,0.0006,Privilege Escalation,0.0003
SES-011106,Normal,Normal,0.9048,1,Normal,0.9048,Privilege Escalation,0.0347,USB Data Theft,0.0273
SES-003898,Normal,Normal,0.9985,1,Normal,0.9985,USB Data Theft,0.0004,Impossible Travel,0.0002
SES-006587,Normal,Normal,0.9693,1,Normal,0.9693,Privilege Escalation,0.0098,Malware Execution,0.0091
SES-009617,Normal,Normal,0.917,1,Normal,0.917,Privilege Escalation,0.062,Device Spoofing,0.007
SES-008774,Normal,Normal,0.8771,1,Normal,0.8771,Privilege Escalation,0.0801,Malware Execution,0.0154
SES-006835,Normal,Normal,0.9996,1,Normal,0.9996,Device Spoofing,0.0,USB Data Theft,0.0
SES-006455,Malware Execution,Privilege Escalation,0.9441,0,Privilege Escalation,0.9441,Malware Execution,0.0393,Normal,0.0135
SES-003431,Normal,Normal,0.9921,1,Normal,0.9921,USB Data Theft,0.0012,Lateral Movement,0.001
SES-004057,Normal,Normal,0.9991,1,Normal,0.9991,USB Data Theft,0.0002,Device Spoofing,0.0002
SES-006318,Lateral Movement,Lateral Movement,0.9959,1,Lateral Movement,0.9959,Normal,0.002,Insider Drift,0.0017
SES-006484,Data Exfiltration,Data Exfiltration,0.9985,1,Data Exfiltration,0.9985,Privilege Escalation,0.0007,Normal,0.0002
SES-007752,Normal,Normal,0.8418,1,Normal,0.8418,Insider Threat,0.1291,Malware Execution,0.0054
SES-000456,Normal,Normal,0.8532,1,Normal,0.8532,Privilege Escalation,0.0711,Low-and-Slow Exfiltration,0.02
SES-009177,Normal,Normal,0.9935,1,Normal,0.9935,Insider Threat,0.0009,Device Spoofing,0.0008
SES-010088,Lateral Movement,Normal,0.4681,0,Normal,0.4681,Lateral Movement,0.4139,Malware Execution,0.0497
SES-007923,Normal,Normal,0.9937,1,Normal,0.9937,USB Data Theft,0.0032,Impossible Travel,0.0003
SES-006267,Normal,Normal,0.9986,1,Normal,0.9986,Impossible Travel,0.0003,Data Exfiltration,0.0001
SES-009110,Normal,Normal,0.9717,1,Normal,0.9717,Insider Threat,0.0098,Impossible Travel,0.0025
SES-009073,Normal,Normal,0.9945,1,Normal,0.9945,Device Spoofing,0.0032,USB Data Theft,0.0007
SES-007714,Normal,Normal,0.9959,1,Normal,0.9959,USB Data Theft,0.0006,Insider Threat,0.0004
SES-001524,Normal,Normal,0.9993,1,Normal,0.9993,Impossible Travel,0.0001,Data Exfiltration,0.0001
SES-007354,Normal,Normal,0.8926,1,Normal,0.8926,USB Data Theft,0.0346,Insider Threat,0.0116
SES-001370,Normal,Normal,0.9634,1,Normal,0.9634,USB Data Theft,0.0093,Device Spoofing,0.0075
SES-007652,Normal,Normal,0.9964,1,Normal,0.9964,Device Spoofing,0.0008,Credential Stuffing,0.0004
SES-011952,Normal,Normal,0.9819,1,Normal,0.9819,USB Data Theft,0.0046,Insider Threat,0.0023
SES-000443,Normal,Normal,0.9914,1,Normal,0.9914,Malware Execution,0.0069,Device Spoofing,0.0007
SES-002574,Normal,Normal,0.7273,1,Normal,0.7273,USB Data Theft,0.2032,Insider Threat,0.0517
SES-006788,Normal,Normal,0.9899,1,Normal,0.9899,USB Data Theft,0.0038,Device Spoofing,0.0027
SES-011110,Normal,Normal,0.9976,1,Normal,0.9976,Privilege Escalation,0.0008,Malware Execution,0.0005
SES-003940,Normal,Normal,0.999,1,Normal,0.999,Brute Force,0.0002,Device Spoofing,0.0001
SES-001525,Normal,Normal,0.9843,1,Normal,0.9843,USB Data Theft,0.007,Device Spoofing,0.0023
SES-006015,Malware Execution,Normal,0.4632,0,Normal,0.4632,Malware Execution,0.4626,Privilege Escalation,0.0396
SES-004916,Normal,Normal,0.9966,1,Normal,0.9966,USB Data Theft,0.0006,Device Spoofing,0.0004
SES-002076,Normal,Normal,0.6712,1,Normal,0.6712,Privilege Escalation,0.2474,Malware Execution,0.0567
SES-009735,Normal,Normal,0.9975,1,Normal,0.9975,Device Spoofing,0.0007,Impossible Travel,0.0004
SES-007190,Normal,Normal,0.9704,1,Normal,0.9704,Insider Threat,0.0244,USB Data Theft,0.0019
SES-010562,Normal,Normal,0.9984,1,Normal,0.9984,Privilege Escalation,0.0007,Malware Execution,0.0002
SES-005753,Normal,Normal,0.8725,1,Normal,0.8725,Device Spoofing,0.1212,USB Data Theft,0.001
SES-005194,Normal,Normal,0.9995,1,Normal,0.9995,Device Spoofing,0.0001,Impossible Travel,0.0001
SES-009192,Normal,Normal,0.9038,1,Normal,0.9038,USB Data Theft,0.0885,Insider Threat,0.0009
SES-000604,Normal,Normal,0.9938,1,Normal,0.9938,Off-hours Access,0.003,Device Spoofing,0.001
SES-002541,Normal,Normal,0.9959,1,Normal,0.9959,Impossible Travel,0.001,Device Spoofing,0.0009
SES-001206,Normal,Normal,0.9711,1,Normal,0.9711,USB Data Theft,0.0099,Lateral Movement,0.005
SES-003549,Normal,Normal,0.9915,1,Normal,0.9915,Off-hours Access,0.004,Device Spoofing,0.0014
SES-009604,Normal,Normal,0.6234,1,Normal,0.6234,Malware Execution,0.2428,Privilege Escalation,0.0872
SES-009854,Normal,Normal,0.9966,1,Normal,0.9966,Malware Execution,0.0008,Suspicious PowerShell,0.0005
SES-002205,Normal,Normal,0.9966,1,Normal,0.9966,Insider Threat,0.0017,Insider Drift,0.0008
SES-002914,Normal,Normal,0.9521,1,Normal,0.9521,Insider Threat,0.0317,USB Data Theft,0.0049
SES-007115,Privilege Escalation,Privilege Escalation,0.8842,1,Privilege Escalation,0.8842,Normal,0.0943,Malware Execution,0.0111
SES-005874,Normal,Normal,0.8341,1,Normal,0.8341,Insider Threat,0.1042,Privilege Escalation,0.0251
SES-012540,Normal,Normal,0.9979,1,Normal,0.9979,Device Spoofing,0.0004,Impossible Travel,0.0003
SES-000865,Normal,Normal,0.9979,1,Normal,0.9979,Insider Threat,0.0009,Malware Execution,0.0003
SES-007075,Normal,Normal,0.9967,1,Normal,0.9967,USB Data Theft,0.0006,Privilege Escalation,0.0005
SES-010123,Normal,Normal,0.9781,1,Normal,0.9781,USB Data Theft,0.0056,Privilege Escalation,0.0021
SES-012387,Normal,Normal,0.9615,1,Normal,0.9615,USB Data Theft,0.005,Insider Drift,0.0045
SES-011079,Normal,Normal,0.9627,1,Normal,0.9627,Malware Execution,0.0085,USB Data Theft,0.0082
SES-012641,Normal,Normal,0.9973,1,Normal,0.9973,Impossible Travel,0.0004,USB Data Theft,0.0003
SES-001956,Normal,Normal,0.999,1,Normal,0.999,Malware Execution,0.0002,Impossible Travel,0.0001
SES-006259,Normal,Normal,0.9939,1,Normal,0.9939,USB Data Theft,0.0034,Impossible Travel,0.0003
SES-002447,Normal,Normal,0.9953,1,Normal,0.9953,Privilege Escalation,0.0028,Impossible Travel,0.0004
SES-012422,Normal,Normal,0.9977,1,Normal,0.9977,Impossible Travel,0.0006,USB Data Theft,0.0003
SES-005686,Normal,Normal,0.9981,1,Normal,0.9981,USB Data Theft,0.0007,Device Spoofing,0.0003
SES-009970,Normal,Normal,0.9962,1,Normal,0.9962,Impossible Travel,0.0008,USB Data Theft,0.0008
SES-010611,Normal,Normal,0.9989,1,Normal,0.9989,Impossible Travel,0.0002,Device Spoofing,0.0001
SES-011912,Normal,Normal,0.9968,1,Normal,0.9968,Off-hours Access,0.0012,Device Spoofing,0.0007
SES-003453,Normal,Normal,0.997,1,Normal,0.997,Privilege Escalation,0.0021,Malware Execution,0.0002
SES-006581,Normal,Normal,0.9959,1,Normal,0.9959,Insider Threat,0.0024,USB Data Theft,0.0005
SES-000026,Normal,Normal,0.9973,1,Normal,0.9973,Device Spoofing,0.0011,Credential Stuffing,0.0003
SES-002389,Normal,Normal,0.9375,1,Normal,0.9375,USB Data Theft,0.0119,Impossible Travel,0.0059
SES-009917,Normal,Normal,0.9687,1,Normal,0.9687,Impossible Travel,0.0043,Data Exfiltration,0.0032
SES-000370,Normal,Normal,0.9758,1,Normal,0.9758,USB Data Theft,0.0187,Privilege Escalation,0.0007
SES-011254,Normal,Normal,0.9949,1,Normal,0.9949,Privilege Escalation,0.0021,Insider Drift,0.0009
SES-011008,Normal,Normal,0.9961,1,Normal,0.9961,USB Data Theft,0.0025,Privilege Escalation,0.0002
SES-011213,Normal,Normal,0.997,1,Normal,0.997,Insider Drift,0.0011,Device Spoofing,0.0002
SES-006881,Normal,Normal,0.9956,1,Normal,0.9956,Credential Stuffing,0.0008,Privilege Escalation,0.0007
SES-007351,Normal,Normal,0.9986,1,Normal,0.9986,Privilege Escalation,0.0004,Malware Execution,0.0002
SES-000083,Normal,Normal,0.982,1,Normal,0.982,Device Spoofing,0.0114,Insider Threat,0.0008
SES-006073,Normal,Normal,0.997,1,Normal,0.997,Insider Threat,0.0013,Insider Drift,0.0009
SES-005867,Normal,Normal,0.99,1,Normal,0.99,Malware Execution,0.0029,Device Spoofing,0.0014
SES-011056,Normal,Normal,0.9591,1,Normal,0.9591,Device Spoofing,0.0338,USB Data Theft,0.0024
SES-010131,Normal,Normal,0.757,1,Normal,0.757,Insider Threat,0.101,Malware Execution,0.087
SES-001529,Normal,Normal,0.997,1,Normal,0.997,Device Spoofing,0.0009,Impossible Travel,0.0003
SES-006662,Normal,Normal,0.9921,1,Normal,0.9921,Device Spoofing,0.0057,USB Data Theft,0.0003
SES-012242,Normal,Normal,0.9973,1,Normal,0.9973,USB Data Theft,0.0011,Device Spoofing,0.0002
SES-003113,Normal,Normal,0.9946,1,Normal,0.9946,Insider Threat,0.0006,USB Data Theft,0.0006
SES-009269,Impossible Travel,Impossible Travel,0.9992,1,Impossible Travel,0.9992,Normal,0.0007,USB Data Theft,0.0
SES-006292,Normal,Normal,0.9988,1,Normal,0.9988,USB Data Theft,0.0004,Insider Threat,0.0001
SES-001539,Normal,Normal,0.9886,1,Normal,0.9886,Malware Execution,0.0058,Privilege Escalation,0.0024
SES-007517,Normal,Normal,0.9811,1,Normal,0.9811,Insider Threat,0.0069,USB Data Theft,0.0021
SES-011005,Normal,Normal,0.5961,1,Normal,0.5961,Insider Threat,0.3885,USB Data Theft,0.0049
SES-001514,Data Exfiltration,Data Exfiltration,0.9994,1,Data Exfiltration,0.9994,Normal,0.0003,Low-and-Slow Exfiltration,0.0001
SES-001314,Normal,Normal,0.9832,1,Normal,0.9832,USB Data Theft,0.004,Insider Threat,0.0031
SES-003289,Normal,Normal,0.9993,1,Normal,0.9993,Privilege Escalation,0.0002,Malware Execution,0.0001
SES-011870,Data Exfiltration,Data Exfiltration,0.9981,1,Data Exfiltration,0.9981,Malware Execution,0.0008,Normal,0.0004
SES-006911,Normal,Normal,0.9962,1,Normal,0.9962,Lateral Movement,0.0007,Device Spoofing,0.0007
SES-002670,Normal,Normal,0.8669,1,Normal,0.8669,USB Data Theft,0.0721,Privilege Escalation,0.022
SES-011178,Normal,Normal,0.9973,1,Normal,0.9973,Impossible Travel,0.0007,USB Data Theft,0.0005
SES-006486,Normal,Normal,0.9968,1,Normal,0.9968,USB Data Theft,0.0007,Impossible Travel,0.0003
SES-011037,Normal,Normal,0.6822,1,Normal,0.6822,Device Spoofing,0.3097,USB Data Theft,0.0039
SES-000608,Normal,Normal,0.968,1,Normal,0.968,Off-hours Access,0.0089,Lateral Movement,0.0068
SES-008353,Normal,Normal,0.8589,1,Normal,0.8589,USB Data Theft,0.1025,Insider Threat,0.0046
SES-012213,Normal,Normal,0.9988,1,Normal,0.9988,Credential Stuffing,0.0002,Brute Force,0.0001
SES-005269,Normal,Normal,0.9987,1,Normal,0.9987,Device Spoofing,0.0003,USB Data Theft,0.0001
SES-007062,Normal,Normal,0.9989,1,Normal,0.9989,Lateral Movement,0.0005,Insider Drift,0.0001
SES-000893,Normal,Normal,0.9328,1,Normal,0.9328,Malware Execution,0.0323,Privilege Escalation,0.0092
SES-006775,Normal,Normal,0.999,1,Normal,0.999,USB Data Theft,0.0003,Impossible Travel,0.0001
SES-011976,Normal,Normal,0.9991,1,Normal,0.9991,Device Spoofing,0.0003,Credential Stuffing,0.0001
SES-012906,Normal,Normal,0.9482,1,Normal,0.9482,USB Data Theft,0.0471,Suspicious PowerShell,0.0007
SES-012225,Normal,Normal,0.9982,1,Normal,0.9982,USB Data Theft,0.0006,Insider Threat,0.0003
SES-002331,Normal,Normal,0.9339,1,Normal,0.9339,USB Data Theft,0.0455,Device Spoofing,0.0033
SES-011898,Normal,Normal,0.9858,1,Normal,0.9858,Off-hours Access,0.0089,Device Spoofing,0.0023
SES-006557,Normal,Normal,0.9984,1,Normal,0.9984,Device Spoofing,0.0004,Impossible Travel,0.0001
SES-003883,Normal,Normal,0.9991,1,Normal,0.9991,Lateral Movement,0.0003,USB Data Theft,0.0001
SES-005801,Normal,Normal,0.9005,1,Normal,0.9005,Lateral Movement,0.0826,Insider Drift,0.0105
SES-009505,Insider Threat,Insider Threat,0.9481,1,Insider Threat,0.9481,Normal,0.042,USB Data Theft,0.0062
SES-005478,Normal,Normal,0.969,1,Normal,0.969,USB Data Theft,0.0063,Brute Force,0.0057
SES-004731,Normal,Normal,0.9178,1,Normal,0.9178,Device Spoofing,0.0359,USB Data Theft,0.0109
SES-012430,Normal,Normal,0.9792,1,Normal,0.9792,USB Data Theft,0.0066,Device Spoofing,0.0064
SES-008849,Normal,Normal,0.8749,1,Normal,0.8749,Device Spoofing,0.0273,USB Data Theft,0.0232
SES-010126,Normal,Insider Threat,0.805,0,Insider Threat,0.805,Normal,0.1858,USB Data Theft,0.0029
SES-012174,Normal,Normal,0.9837,1,Normal,0.9837,Privilege Escalation,0.0069,Malware Execution,0.0028
SES-013011,Normal,Normal,0.9993,1,Normal,0.9993,Device Spoofing,0.0002,Privilege Escalation,0.0001
SES-007323,Normal,Normal,0.8259,1,Normal,0.8259,USB Data Theft,0.1573,Impossible Travel,0.0025
SES-000674,Normal,Normal,0.9925,1,Normal,0.9925,Insider Threat,0.0013,Credential Stuffing,0.0007
SES-008416,USB Data Theft,Normal,0.9421,0,Normal,0.9421,Low-and-Slow Exfiltration,0.0244,USB Data Theft,0.0176
SES-011846,Normal,Normal,0.9963,1,Normal,0.9963,Malware Execution,0.0018,Privilege Escalation,0.0005
SES-011670,Normal,Normal,0.9991,1,Normal,0.9991,USB Data Theft,0.0002,Impossible Travel,0.0001
SES-011045,Normal,Normal,0.9599,1,Normal,0.9599,USB Data Theft,0.0282,Malware Execution,0.0015
SES-003984,Normal,Normal,0.9976,1,Normal,0.9976,Device Spoofing,0.0005,Malware Execution,0.0004
SES-011218,Normal,Normal,0.9977,1,Normal,0.9977,Device Spoofing,0.0006,Lateral Movement,0.0002
SES-003553,Normal,Normal,0.9415,1,Normal,0.9415,Insider Threat,0.0146,Lateral Movement,0.0089
SES-010724,Normal,Normal,0.9838,1,Normal,0.9838,USB Data Theft,0.0022,Insider Threat,0.002
SES-003972,Normal,Lateral Movement,0.5319,0,Lateral Movement,0.5319,Malware Execution,0.2417,Normal,0.1862
SES-012045,Normal,Normal,0.8379,1,Normal,0.8379,USB Data Theft,0.1441,Impossible Travel,0.0022
SES-004172,Normal,Normal,0.9807,1,Normal,0.9807,Device Spoofing,0.0082,Impossible Travel,0.0014
SES-002615,Normal,Normal,0.9831,1,Normal,0.9831,Malware Execution,0.0154,USB Data Theft,0.0003
SES-003728,Normal,Normal,0.9473,1,Normal,0.9473,Privilege Escalation,0.0143,Malware Execution,0.0076
SES-005447,Normal,Normal,0.9841,1,Normal,0.9841,Device Spoofing,0.0063,USB Data Theft,0.0035
SES-011620,Normal,Normal,0.999,1,Normal,0.999,Lateral Movement,0.0002,Privilege Escalation,0.0002
SES-011482,Normal,Normal,0.9944,1,Normal,0.9944,Device Spoofing,0.0022,Privilege Escalation,0.0005
SES-010920,Data Exfiltration,Data Exfiltration,0.9992,1,Data Exfiltration,0.9992,Normal,0.0005,Low-and-Slow Exfiltration,0.0001
SES-002577,Normal,Normal,0.9963,1,Normal,0.9963,USB Data Theft,0.0008,Device Spoofing,0.0004
SES-000006,Normal,Normal,0.9756,1,Normal,0.9756,Off-hours Access,0.0144,Device Spoofing,0.0033
SES-008668,Normal,Normal,0.9988,1,Normal,0.9988,USB Data Theft,0.0002,Impossible Travel,0.0002
SES-001181,Normal,Normal,0.9147,1,Normal,0.9147,Insider Threat,0.0275,Data Exfiltration,0.0071
SES-011477,Normal,Normal,0.9978,1,Normal,0.9978,Brute Force,0.0003,Device Spoofing,0.0003
SES-001926,Normal,Normal,0.9979,1,Normal,0.9979,Malware Execution,0.001,Device Spoofing,0.0002
SES-007741,Normal,Normal,0.9901,1,Normal,0.9901,USB Data Theft,0.0062,Device Spoofing,0.0011
SES-005564,Normal,Normal,0.9954,1,Normal,0.9954,Malware Execution,0.0028,Brute Force,0.0002
SES-006114,Normal,Normal,0.9881,1,Normal,0.9881,Insider Threat,0.0052,Insider Drift,0.001
SES-001068,Normal,Normal,0.8462,1,Normal,0.8462,Device Spoofing,0.1448,Impossible Travel,0.0019
SES-000702,Normal,Normal,0.9938,1,Normal,0.9938,USB Data Theft,0.0015,Device Spoofing,0.0006
SES-012021,Normal,Normal,0.7081,1,Normal,0.7081,Lateral Movement,0.1025,Malware Execution,0.0767
SES-012817,Normal,Normal,0.9966,1,Normal,0.9966,Device Spoofing,0.0011,USB Data Theft,0.0009
SES-005345,Normal,Normal,0.9982,1,Normal,0.9982,Device Spoofing,0.0003,Credential Stuffing,0.0002
SES-009698,Normal,Normal,0.9821,1,Normal,0.9821,Device Spoofing,0.0155,Lateral Movement,0.0003
SES-009920,Normal,Normal,0.8934,1,Normal,0.8934,Lateral Movement,0.023,Insider Drift,0.0182
SES-008681,Normal,Normal,0.9727,1,Normal,0.9727,USB Data Theft,0.0172,Impossible Travel,0.0012
SES-001441,Normal,Normal,0.9938,1,Normal,0.9938,Malware Execution,0.0015,Device Spoofing,0.0006
SES-011270,Normal,Normal,0.9188,1,Normal,0.9188,Insider Threat,0.0382,Malware Execution,0.0127
SES-009150,Normal,Normal,0.9993,1,Normal,0.9993,Device Spoofing,0.0002,Credential Stuffing,0.0001
SES-011796,Normal,Normal,0.5289,1,Normal,0.5289,Device Spoofing,0.4601,Brute Force,0.0019
SES-003080,Malware Execution,Malware Execution,0.9922,1,Malware Execution,0.9922,Beaconing C2,0.0058,Normal,0.0006
SES-012988,Normal,Normal,0.9397,1,Normal,0.9397,USB Data Theft,0.0451,Device Spoofing,0.0022
SES-000905,Normal,Normal,0.949,1,Normal,0.949,Insider Threat,0.0306,Device Spoofing,0.0133
SES-004592,Normal,Normal,0.996,1,Normal,0.996,Insider Threat,0.001,Impossible Travel,0.0007
SES-009967,Normal,Normal,0.995,1,Normal,0.995,USB Data Theft,0.0011,Device Spoofing,0.001
SES-004120,Impossible Travel,Impossible Travel,0.9988,1,Impossible Travel,0.9988,Normal,0.0008,Device Spoofing,0.0001
SES-000840,Normal,Normal,0.8509,1,Normal,0.8509,Malware Execution,0.0848,Privilege Escalation,0.0228
SES-008509,Normal,Normal,0.5675,1,Normal,0.5675,USB Data Theft,0.2385,Privilege Escalation,0.1346
SES-006510,Normal,Normal,0.9936,1,Normal,0.9936,Privilege Escalation,0.003,Device Spoofing,0.0006
SES-002482,Normal,Normal,0.9964,1,Normal,0.9964,Malware Execution,0.002,Lateral Movement,0.0003
SES-004583,Normal,USB Data Theft,0.5922,0,USB Data Theft,0.5922,Normal,0.3966,Impossible Travel,0.0016
SES-012457,Normal,Normal,0.9913,1,Normal,0.9913,Off-hours Access,0.0041,Device Spoofing,0.0014
SES-003951,Normal,Normal,0.9997,1,Normal,0.9997,Device Spoofing,0.0001,Impossible Travel,0.0
SES-003505,Normal,Normal,0.996,1,Normal,0.996,USB Data Theft,0.0012,Impossible Travel,0.0003
SES-006942,Normal,Normal,0.9987,1,Normal,0.9987,USB Data Theft,0.0004,Device Spoofing,0.0001
SES-006965,Normal,Normal,0.9992,1,Normal,0.9992,Lateral Movement,0.0001,Insider Drift,0.0001
SES-002355,Normal,USB Data Theft,0.5868,0,USB Data Theft,0.5868,Normal,0.3592,Privilege Escalation,0.0066
SES-009769,Normal,Normal,0.9971,1,Normal,0.9971,USB Data Theft,0.0009,Impossible Travel,0.0007
SES-006714,Normal,Normal,0.9979,1,Normal,0.9979,Credential Stuffing,0.0003,USB Data Theft,0.0002
SES-011014,Normal,Normal,0.7309,1,Normal,0.7309,Privilege Escalation,0.2146,Malware Execution,0.0257
SES-005989,Normal,Normal,0.9779,1,Normal,0.9779,USB Data Theft,0.01,Impossible Travel,0.0014
SES-002123,Normal,Normal,0.9976,1,Normal,0.9976,USB Data Theft,0.0003,Impossible Travel,0.0003
SES-009201,Normal,Normal,0.9753,1,Normal,0.9753,USB Data Theft,0.0171,Impossible Travel,0.0009
SES-003471,Normal,Normal,0.962,1,Normal,0.962,Privilege Escalation,0.0164,Malware Execution,0.0072
SES-010747,Suspicious PowerShell,Suspicious PowerShell,0.995,1,Suspicious PowerShell,0.995,Malware Execution,0.002,Normal,0.0015
SES-007152,Normal,Normal,0.9871,1,Normal,0.9871,Device Spoofing,0.0094,USB Data Theft,0.0006
SES-009523,Normal,Normal,0.9941,1,Normal,0.9941,Off-hours Access,0.0014,Device Spoofing,0.0012
SES-003673,Normal,Normal,0.9069,1,Normal,0.9069,USB Data Theft,0.0734,Impossible Travel,0.0027
SES-004074,Normal,Normal,0.9984,1,Normal,0.9984,Privilege Escalation,0.0005,Lateral Movement,0.0002
SES-008122,Normal,Normal,0.8634,1,Normal,0.8634,Device Spoofing,0.1209,Impossible Travel,0.0038
SES-004495,Normal,Normal,0.995,1,Normal,0.995,Low-and-Slow Exfiltration,0.0019,USB Data Theft,0.0006
SES-009034,Normal,Normal,0.9996,1,Normal,0.9996,Impossible Travel,0.0001,Lateral Movement,0.0
SES-001914,Normal,Normal,0.999,1,Normal,0.999,Impossible Travel,0.0002,Device Spoofing,0.0001
SES-008352,Normal,Normal,0.8999,1,Normal,0.8999,Insider Threat,0.0705,USB Data Theft,0.015
SES-004183,Malware Execution,Privilege Escalation,0.5859,0,Privilege Escalation,0.5859,Normal,0.3245,Malware Execution,0.0224
SES-005968,Normal,Off-hours Access,0.6054,0,Off-hours Access,0.6054,Normal,0.3753,Credential Stuffing,0.0029
SES-006288,Normal,Normal,0.9988,1,Normal,0.9988,Impossible Travel,0.0003,Brute Force,0.0002
SES-001755,Normal,Normal,0.9943,1,Normal,0.9943,USB Data Theft,0.0015,Privilege Escalation,0.0005
SES-002954,Normal,Normal,0.9955,1,Normal,0.9955,Device Spoofing,0.0008,Impossible Travel,0.0004
SES-006058,Privilege Escalation,Privilege Escalation,0.9898,1,Privilege Escalation,0.9898,Brute Force,0.0062,Data Exfiltration,0.0032
SES-011929,Normal,Normal,0.9996,1,Normal,0.9996,Device Spoofing,0.0,USB Data Theft,0.0
SES-006855,Normal,Normal,0.9995,1,Normal,0.9995,USB Data Theft,0.0001,Impossible Travel,0.0
SES-008506,Normal,Normal,0.9946,1,Normal,0.9946,Impossible Travel,0.0013,Device Spoofing,0.0008
SES-012664,Normal,Normal,0.7469,1,Normal,0.7469,Device Spoofing,0.2432,Insider Threat,0.0027
SES-012207,Normal,Normal,0.999,1,Normal,0.999,Device Spoofing,0.0002,Impossible Travel,0.0001
SES-002485,Beaconing C2,Beaconing C2,0.9943,1,Beaconing C2,0.9943,Normal,0.0012,Malware Execution,0.0009
SES-003511,Normal,Normal,0.9994,1,Normal,0.9994,Lateral Movement,0.0002,Device Spoofing,0.0
SES-011807,Normal,Normal,0.9969,1,Normal,0.9969,Brute Force,0.0006,Insider Threat,0.0004
SES-006091,Normal,Normal,0.9224,1,Normal,0.9224,USB Data Theft,0.0435,Device Spoofing,0.0093
SES-004024,Normal,Normal,0.964,1,Normal,0.964,USB Data Theft,0.0275,Device Spoofing,0.0013
SES-008520,Normal,Normal,0.9977,1,Normal,0.9977,Malware Execution,0.0009,Insider Drift,0.0003
SES-003062,Normal,Normal,0.9982,1,Normal,0.9982,Device Spoofing,0.0003,USB Data Theft,0.0002
SES-009717,Normal,Normal,0.9973,1,Normal,0.9973,Privilege Escalation,0.0009,Impossible Travel,0.0004
SES-004516,Normal,Normal,0.9876,1,Normal,0.9876,Device Spoofing,0.0104,Insider Drift,0.0003
SES-010321,Normal,Normal,0.9988,1,Normal,0.9988,Device Spoofing,0.0002,Impossible Travel,0.0001
SES-007231,Normal,Normal,0.9935,1,Normal,0.9935,Malware Execution,0.0018,Privilege Escalation,0.001
SES-008206,Normal,Normal,0.9942,1,Normal,0.9942,Malware Execution,0.0028,Privilege Escalation,0.0009
SES-006543,Normal,Normal,0.9987,1,Normal,0.9987,Lateral Movement,0.0007,Insider Drift,0.0001
SES-004161,Normal,Normal,0.9423,1,Normal,0.9423,Privilege Escalation,0.0247,Malware Execution,0.0163
SES-008734,Normal,Normal,0.9468,1,Normal,0.9468,Privilege Escalation,0.0186,Malware Execution,0.0092
SES-000143,Normal,Normal,0.9918,1,Normal,0.9918,Insider Threat,0.0055,Lateral Movement,0.0008
SES-001471,Normal,Normal,0.999,1,Normal,0.999,USB Data Theft,0.0002,Impossible Travel,0.0001
SES-002560,Normal,Normal,0.9665,1,Normal,0.9665,USB Data Theft,0.011,Insider Threat,0.004
SES-006377,Device Spoofing,Normal,0.4395,0,Normal,0.4395,Device Spoofing,0.1932,Privilege Escalation,0.1783
SES-005005,Normal,Normal,0.9982,1,Normal,0.9982,Device Spoofing,0.0006,Credential Stuffing,0.0001
SES-011850,Normal,Normal,0.8316,1,Normal,0.8316,Lateral Movement,0.1641,Insider Drift,0.0016
SES-011867,Normal,Normal,0.9792,1,Normal,0.9792,Device Spoofing,0.009,Privilege Escalation,0.0079
SES-009537,Normal,Normal,0.8388,1,Normal,0.8388,USB Data Theft,0.0376,Device Spoofing,0.0275
SES-012399,Normal,Normal,0.9986,1,Normal,0.9986,Device Spoofing,0.0003,Lateral Movement,0.0002
SES-012006,Device Spoofing,Device Spoofing,0.6943,1,Device Spoofing,0.6943,Normal,0.3044,Impossible Travel,0.0002
SES-005848,Normal,Normal,0.9979,1,Normal,0.9979,Malware Execution,0.0006,Insider Drift,0.0005
SES-000986,Normal,Normal,0.9992,1,Normal,0.9992,USB Data Theft,0.0003,Brute Force,0.0001
SES-000259,Normal,Normal,0.9973,1,Normal,0.9973,Device Spoofing,0.0012,Impossible Travel,0.0002
SES-011356,Normal,Normal,0.9638,1,Normal,0.9638,USB Data Theft,0.0234,Privilege Escalation,0.002
SES-001427,Normal,Normal,0.9224,1,Normal,0.9224,Insider Drift,0.0227,USB Data Theft,0.0162
SES-006403,Normal,Normal,0.9751,1,Normal,0.9751,Device Spoofing,0.0235,USB Data Theft,0.0003
SES-007409,Normal,Normal,0.9885,1,Normal,0.9885,USB Data Theft,0.0086,Lateral Movement,0.0004
SES-011462,Normal,Normal,0.9984,1,Normal,0.9984,Privilege Escalation,0.0005,Device Spoofing,0.0002
SES-007642,Normal,Normal,0.9153,1,Normal,0.9153,Privilege Escalation,0.0222,Lateral Movement,0.0218
SES-006286,Normal,Normal,0.9897,1,Normal,0.9897,Device Spoofing,0.008,Brute Force,0.0006
SES-001905,Lateral Movement,Lateral Movement,0.5502,1,Lateral Movement,0.5502,Normal,0.2459,Insider Drift,0.1736
SES-012678,Normal,Normal,0.9438,1,Normal,0.9438,Privilege Escalation,0.0373,Malware Execution,0.0065
SES-000645,Normal,Normal,0.9112,1,Normal,0.9112,Privilege Escalation,0.0442,Malware Execution,0.0125
SES-001855,Normal,Normal,0.9498,1,Normal,0.9498,USB Data Theft,0.0319,Privilege Escalation,0.0022
SES-010231,Normal,Normal,0.8513,1,Normal,0.8513,USB Data Theft,0.1271,Privilege Escalation,0.0028
SES-005702,Normal,Normal,0.9967,1,Normal,0.9967,Insider Threat,0.0008,Impossible Travel,0.0006
SES-003902,Normal,Normal,0.9942,1,Normal,0.9942,Device Spoofing,0.0026,USB Data Theft,0.0016
SES-006802,Normal,Normal,0.9966,1,Normal,0.9966,USB Data Theft,0.0011,Device Spoofing,0.0007
SES-004647,Normal,Normal,0.765,1,Normal,0.765,Privilege Escalation,0.1788,Low-and-Slow Exfiltration,0.0226
SES-002996,Insider Threat,Insider Threat,0.9762,1,Insider Threat,0.9762,Normal,0.0208,USB Data Theft,0.0009
SES-012629,Normal,Normal,0.9985,1,Normal,0.9985,Brute Force,0.0002,Credential Stuffing,0.0002
SES-010110,Normal,Normal,0.9943,1,Normal,0.9943,Lateral Movement,0.0028,Insider Drift,0.001
SES-006477,Normal,Normal,0.9992,1,Normal,0.9992,Device Spoofing,0.0001,Lateral Movement,0.0001
SES-007367,Normal,Normal,0.9982,1,Normal,0.9982,Malware Execution,0.0003,Suspicious PowerShell,0.0002
SES-000315,Normal,Normal,0.9666,1,Normal,0.9666,USB Data Theft,0.0243,Device Spoofing,0.0013
SES-001062,Normal,Normal,0.9973,1,Normal,0.9973,Insider Threat,0.0007,USB Data Theft,0.0004
SES-008257,Normal,Normal,0.9788,1,Normal,0.9788,Insider Threat,0.0134,USB Data Theft,0.0025
SES-007374,Normal,Normal,0.916,1,Normal,0.916,USB Data Theft,0.0386,Insider Threat,0.0067
SES-005595,Normal,Normal,0.9243,1,Normal,0.9243,Low-and-Slow Exfiltration,0.0267,USB Data Theft,0.0188
SES-000652,Normal,Normal,0.9991,1,Normal,0.9991,Device Spoofing,0.0005,Credential Stuffing,0.0001
SES-009250,Data Exfiltration,Data Exfiltration,0.9983,1,Data Exfiltration,0.9983,Normal,0.0009,Insider Threat,0.0003
SES-007255,Normal,Normal,0.9986,1,Normal,0.9986,Device Spoofing,0.0005,Privilege Escalation,0.0003
SES-011280,Normal,Normal,0.9966,1,Normal,0.9966,USB Data Theft,0.0009,Device Spoofing,0.0005
SES-011237,Normal,Normal,0.9597,1,Normal,0.9597,Device Spoofing,0.0377,Impossible Travel,0.0003
SES-012514,Brute Force,Brute Force,0.855,1,Brute Force,0.855,Credential Stuffing,0.0713,Privilege Escalation,0.029
SES-005352,Impossible Travel,Impossible Travel,0.9992,1,Impossible Travel,0.9992,Normal,0.0006,Device Spoofing,0.0
SES-001413,Normal,Normal,0.9722,1,Normal,0.9722,USB Data Theft,0.0114,Insider Threat,0.0026
SES-008904,Normal,Normal,0.8732,1,Normal,0.8732,Device Spoofing,0.118,USB Data Theft,0.0014
SES-010435,Normal,Normal,0.9967,1,Normal,0.9967,Insider Threat,0.002,Impossible Travel,0.0001
SES-010241,Brute Force,Brute Force,0.689,1,Brute Force,0.689,Privilege Escalation,0.1214,Malware Execution,0.0791
SES-007022,Normal,Normal,0.9631,1,Normal,0.9631,USB Data Theft,0.0305,Device Spoofing,0.0008
SES-009458,Normal,Normal,0.9068,1,Normal,0.9068,Insider Drift,0.0857,Lateral Movement,0.0068
SES-005186,Normal,Normal,0.9987,1,Normal,0.9987,Privilege Escalation,0.0009,Malware Execution,0.0002
SES-003269,Normal,Normal,0.9031,1,Normal,0.9031,Malware Execution,0.0177,Privilege Escalation,0.0163
SES-010750,Lateral Movement,Lateral Movement,0.7765,1,Lateral Movement,0.7765,Normal,0.1805,Insider Drift,0.0142
SES-007853,Credential Stuffing,Brute Force,0.535,0,Brute Force,0.535,Credential Stuffing,0.3824,Privilege Escalation,0.0684
SES-011448,Normal,Normal,0.9972,1,Normal,0.9972,USB Data Theft,0.0004,Impossible Travel,0.0004
SES-008697,Normal,Normal,0.723,1,Normal,0.723,Insider Threat,0.0987,Malware Execution,0.067
SES-009607,Normal,Normal,0.9663,1,Normal,0.9663,Malware Execution,0.012,Privilege Escalation,0.0065
SES-006928,Normal,Normal,0.9574,1,Normal,0.9574,Device Spoofing,0.0339,Brute Force,0.0015
SES-012124,Normal,Normal,0.9792,1,Normal,0.9792,Insider Threat,0.007,Privilege Escalation,0.0063
SES-001400,Normal,Normal,0.9981,1,Normal,0.9981,USB Data Theft,0.0011,Device Spoofing,0.0002
SES-004481,Normal,Normal,0.9987,1,Normal,0.9987,Brute Force,0.0003,Insider Threat,0.0002
SES-011209,Normal,Normal,0.9891,1,Normal,0.9891,Lateral Movement,0.0049,Insider Drift,0.0023
SES-002628,Normal,Normal,0.7872,1,Normal,0.7872,Device Spoofing,0.1673,USB Data Theft,0.0185
SES-012742,Normal,Normal,0.9979,1,Normal,0.9979,Malware Execution,0.0009,Device Spoofing,0.0005
SES-005487,Normal,Normal,0.997,1,Normal,0.997,USB Data Theft,0.0005,Device Spoofing,0.0005
SES-008427,Normal,Normal,0.998,1,Normal,0.998,USB Data Theft,0.0006,Device Spoofing,0.0002
SES-010683,Normal,Normal,0.9944,1,Normal,0.9944,Brute Force,0.0011,Device Spoofing,0.0006
SES-002704,Normal,Normal,0.9994,1,Normal,0.9994,Device Spoofing,0.0001,USB Data Theft,0.0001
SES-005550,Normal,Normal,0.9724,1,Normal,0.9724,USB Data Theft,0.013,Insider Threat,0.0018
SES-004472,Normal,Normal,0.992,1,Normal,0.992,Privilege Escalation,0.0056,USB Data Theft,0.0009
SES-004870,Data Exfiltration,Data Exfiltration,0.9863,1,Data Exfiltration,0.9863,Low-and-Slow Exfiltration,0.0116,Privilege Escalation,0.0011
SES-006512,Normal,Normal,0.999,1,Normal,0.999,Impossible Travel,0.0003,Privilege Escalation,0.0001
SES-007318,Malware Execution,Normal,0.915,0,Normal,0.915,Privilege Escalation,0.035,USB Data Theft,0.0119
SES-000333,Normal,Normal,0.8253,1,Normal,0.8253,USB Data Theft,0.1298,Device Spoofing,0.0056
SES-010370,Normal,Normal,0.9934,1,Normal,0.9934,Device Spoofing,0.0021,Insider Drift,0.0017
SES-001577,Normal,Normal,0.9968,1,Normal,0.9968,Device Spoofing,0.0008,Brute Force,0.0006
SES-010069,Normal,Normal,0.9941,1,Normal,0.9941,Off-hours Access,0.0016,Device Spoofing,0.0015
SES-009695,Normal,Normal,0.9977,1,Normal,0.9977,Privilege Escalation,0.0009,Device Spoofing,0.0006
SES-002640,Normal,Normal,0.9945,1,Normal,0.9945,Insider Drift,0.0016,Device Spoofing,0.0008
SES-012655,Normal,Normal,0.9968,1,Normal,0.9968,Impossible Travel,0.0007,Brute Force,0.0004
SES-012961,Normal,Normal,0.9136,1,Normal,0.9136,Insider Threat,0.0487,Insider Drift,0.0238
SES-009190,Normal,Normal,0.9743,1,Normal,0.9743,USB Data Theft,0.004,Insider Threat,0.0027
SES-008083,Normal,Normal,0.9879,1,Normal,0.9879,Low-and-Slow Exfiltration,0.0064,Lateral Movement,0.0023
SES-008971,Normal,Normal,0.9997,1,Normal,0.9997,Impossible Travel,0.0,Data Exfiltration,0.0
SES-002083,Normal,Normal,0.993,1,Normal,0.993,Malware Execution,0.0053,Lateral Movement,0.0004
SES-000669,Normal,Normal,0.9989,1,Normal,0.9989,Lateral Movement,0.0004,USB Data Theft,0.0003
SES-006624,Normal,Normal,0.9933,1,Normal,0.9933,USB Data Theft,0.0011,Credential Stuffing,0.0008
SES-011708,Normal,Normal,0.998,1,Normal,0.998,Device Spoofing,0.0005,Impossible Travel,0.0004
SES-012519,Normal,Normal,0.9966,1,Normal,0.9966,Device Spoofing,0.001,Credential Stuffing,0.0004
SES-012956,Normal,Normal,0.9972,1,Normal,0.9972,Device Spoofing,0.0004,Lateral Movement,0.0003
SES-011530,Normal,Normal,0.9983,1,Normal,0.9983,Impossible Travel,0.0005,Device Spoofing,0.0002
SES-011438,Normal,Normal,0.9984,1,Normal,0.9984,Brute Force,0.0003,Device Spoofing,0.0002
SES-005917,Normal,Normal,0.9698,1,Normal,0.9698,Device Spoofing,0.0162,Privilege Escalation,0.0019
SES-009346,Normal,Normal,0.9972,1,Normal,0.9972,USB Data Theft,0.0015,Privilege Escalation,0.0002
SES-012771,Normal,Normal,0.9967,1,Normal,0.9967,USB Data Theft,0.0011,Device Spoofing,0.0003
SES-009937,Normal,Normal,0.9571,1,Normal,0.9571,USB Data Theft,0.0208,Insider Threat,0.0043
SES-007962,Normal,Normal,0.995,1,Normal,0.995,Device Spoofing,0.0011,Insider Drift,0.0005
SES-009539,Normal,Normal,0.9988,1,Normal,0.9988,Device Spoofing,0.0002,Impossible Travel,0.0001
SES-011848,Normal,Normal,0.7145,1,Normal,0.7145,Insider Threat,0.1699,Malware Execution,0.0761
SES-012502,Normal,Normal,0.9987,1,Normal,0.9987,Device Spoofing,0.0002,Impossible Travel,0.0001
SES-001432,Normal,Normal,0.9906,1,Normal,0.9906,Insider Threat,0.0078,Device Spoofing,0.0003
SES-009038,Normal,Normal,0.9973,1,Normal,0.9973,Brute Force,0.0005,Device Spoofing,0.0003
SES-004622,Normal,Insider Threat,0.8866,0,Insider Threat,0.8866,Normal,0.0932,Brute Force,0.0029
SES-006516,Normal,Normal,0.9989,1,Normal,0.9989,Impossible Travel,0.0001,Data Exfiltration,0.0001
SES-001009,Normal,Normal,0.9981,1,Normal,0.9981,Device Spoofing,0.0005,Impossible Travel,0.0005
SES-009314,Normal,Normal,0.9448,1,Normal,0.9448,Insider Threat,0.0416,USB Data Theft,0.0047
SES-007370,Normal,Normal,0.9915,1,Normal,0.9915,USB Data Theft,0.0034,Device Spoofing,0.0007
SES-004117,Normal,Normal,0.9964,1,Normal,0.9964,Off-hours Access,0.0008,Device Spoofing,0.0008
SES-006819,Normal,Normal,0.9985,1,Normal,0.9985,Insider Threat,0.0005,Impossible Travel,0.0001
SES-007463,Normal,Normal,0.918,1,Normal,0.918,Malware Execution,0.0284,Lateral Movement,0.0181
SES-011443,Normal,Normal,0.9795,1,Normal,0.9795,USB Data Theft,0.0034,Brute Force,0.0026
SES-009360,Normal,Insider Threat,0.5124,0,Insider Threat,0.5124,Normal,0.4458,Data Exfiltration,0.0055
SES-000749,Normal,Normal,0.9975,1,Normal,0.9975,Device Spoofing,0.001,USB Data Theft,0.0002
SES-009072,Normal,Normal,0.9988,1,Normal,0.9988,Device Spoofing,0.0002,Insider Threat,0.0001
SES-004802,Normal,Normal,0.9966,1,Normal,0.9966,Privilege Escalation,0.001,Insider Threat,0.0008
SES-007213,Normal,Normal,0.9967,1,Normal,0.9967,Device Spoofing,0.0007,USB Data Theft,0.0003
SES-009005,Device Spoofing,Normal,0.99,0,Normal,0.99,Device Spoofing,0.0042,Impossible Travel,0.0007
SES-002756,Normal,Normal,0.9985,1,Normal,0.9985,Device Spoofing,0.0004,Impossible Travel,0.0002
SES-002223,Normal,Normal,0.9427,1,Normal,0.9427,USB Data Theft,0.0193,Insider Threat,0.0048
SES-010281,Normal,Normal,0.8872,1,Normal,0.8872,Device Spoofing,0.0973,USB Data Theft,0.0078
SES-009263,Insider Drift,Lateral Movement,0.9167,0,Lateral Movement,0.9167,Normal,0.0383,Malware Execution,0.0205
SES-000848,Normal,Normal,0.9977,1,Normal,0.9977,Device Spoofing,0.0004,USB Data Theft,0.0002
SES-003725,Normal,Normal,0.9874,1,Normal,0.9874,Malware Execution,0.0064,Privilege Escalation,0.0039
SES-009874,Normal,Normal,0.9902,1,Normal,0.9902,USB Data Theft,0.0028,Impossible Travel,0.0013
SES-003362,Normal,Normal,0.9967,1,Normal,0.9967,Brute Force,0.0005,USB Data Theft,0.0003
SES-012131,Normal,Normal,0.9722,1,Normal,0.9722,Privilege Escalation,0.0074,Malware Execution,0.0057
SES-012336,Normal,Normal,0.7921,1,Normal,0.7921,USB Data Theft,0.1987,Impossible Travel,0.001
SES-006223,Malware Execution,Malware Execution,0.9788,1,Malware Execution,0.9788,Beaconing C2,0.0154,Normal,0.0024
SES-007807,Normal,Normal,0.9333,1,Normal,0.9333,USB Data Theft,0.0402,Insider Threat,0.0073
SES-008487,Privilege Escalation,Brute Force,0.5353,0,Brute Force,0.5353,Malware Execution,0.2327,Privilege Escalation,0.1749
SES-009682,Normal,Normal,0.9984,1,Normal,0.9984,USB Data Theft,0.0006,Insider Drift,0.0004
SES-004379,Device Spoofing,Device Spoofing,0.6067,1,Device Spoofing,0.6067,Normal,0.3845,USB Data Theft,0.0031
SES-000013,Normal,Normal,0.9904,1,Normal,0.9904,Off-hours Access,0.0065,Device Spoofing,0.0012
SES-011899,Normal,Normal,0.9945,1,Normal,0.9945,Off-hours Access,0.0022,Device Spoofing,0.0012
SES-012076,Normal,Normal,0.9958,1,Normal,0.9958,Impossible Travel,0.0014,Brute Force,0.0004
SES-007059,Normal,Insider Threat,0.3488,0,Insider Threat,0.3488,Normal,0.2865,Low-and-Slow Exfiltration,0.1332
SES-009890,Normal,Normal,0.9974,1,Normal,0.9974,Malware Execution,0.0012,Suspicious PowerShell,0.0003
SES-006785,Normal,Normal,0.9811,1,Normal,0.9811,USB Data Theft,0.013,Impossible Travel,0.0008
SES-009228,Normal,Normal,0.9984,1,Normal,0.9984,Impossible Travel,0.0003,Device Spoofing,0.0002
SES-012966,Normal,Normal,0.7872,1,Normal,0.7872,Malware Execution,0.1382,Privilege Escalation,0.0601
SES-003576,Normal,Normal,0.9998,1,Normal,0.9998,Impossible Travel,0.0,Data Exfiltration,0.0
SES-005009,Normal,Normal,0.978,1,Normal,0.978,USB Data Theft,0.0073,Insider Threat,0.0027
SES-004198,Normal,Normal,0.9345,1,Normal,0.9345,Insider Threat,0.0595,Device Spoofing,0.0006
SES-008707,Normal,Normal,0.9791,1,Normal,0.9791,Device Spoofing,0.0145,Brute Force,0.0013
SES-004135,Normal,Normal,0.9071,1,Normal,0.9071,Insider Threat,0.031,Device Spoofing,0.0094
SES-006571,Normal,Privilege Escalation,0.4844,0,Privilege Escalation,0.4844,Normal,0.4531,Malware Execution,0.046
SES-003419,Normal,Normal,0.9985,1,Normal,0.9985,USB Data Theft,0.0005,Impossible Travel,0.0002
SES-008921,Normal,Normal,0.9903,1,Normal,0.9903,Off-hours Access,0.004,Device Spoofing,0.0021
SES-000009,Off-hours Access,Normal,0.9672,0,Normal,0.9672,Off-hours Access,0.0188,Device Spoofing,0.0054
SES-006203,Brute Force,Brute Force,0.9909,1,Brute Force,0.9909,Credential Stuffing,0.0054,Normal,0.0005
SES-002591,Normal,Normal,0.9966,1,Normal,0.9966,Malware Execution,0.0018,Lateral Movement,0.0004
SES-012670,Normal,Normal,0.9979,1,Normal,0.9979,Malware Execution,0.0009,Privilege Escalation,0.0003
SES-002088,Normal,Normal,0.9463,1,Normal,0.9463,Malware Execution,0.0108,Privilege Escalation,0.0108
SES-003943,Normal,Normal,0.998,1,Normal,0.998,Device Spoofing,0.0002,Brute Force,0.0002
SES-008503,Normal,Normal,0.9829,1,Normal,0.9829,USB Data Theft,0.0081,Insider Threat,0.0016
SES-006490,Normal,Normal,0.9841,1,Normal,0.9841,Off-hours Access,0.0043,Lateral Movement,0.0032
SES-004257,Normal,Normal,0.9984,1,Normal,0.9984,Device Spoofing,0.0004,USB Data Theft,0.0002
SES-000765,Normal,Normal,0.9985,1,Normal,0.9985,Device Spoofing,0.0006,USB Data Theft,0.0002
SES-008862,Normal,Normal,0.9503,1,Normal,0.9503,USB Data Theft,0.0275,Insider Threat,0.0039
SES-004544,Normal,Normal,0.9967,1,Normal,0.9967,Device Spoofing,0.0021,Insider Drift,0.0001
SES-006413,Normal,Normal,0.9992,1,Normal,0.9992,Device Spoofing,0.0001,Brute Force,0.0001
SES-011322,Normal,Normal,0.9826,1,Normal,0.9826,Device Spoofing,0.0062,Low-and-Slow Exfiltration,0.0034
SES-008282,Normal,Normal,0.9913,1,Normal,0.9913,Privilege Escalation,0.0013,Insider Threat,0.001
SES-011911,Normal,Normal,0.9941,1,Normal,0.9941,Off-hours Access,0.0021,Device Spoofing,0.0018
SES-001318,Normal,Normal,0.9941,1,Normal,0.9941,Device Spoofing,0.0014,USB Data Theft,0.0006
SES-011572,Normal,Normal,0.9977,1,Normal,0.9977,Brute Force,0.0005,Device Spoofing,0.0003
SES-006302,Normal,Normal,0.9946,1,Normal,0.9946,USB Data Theft,0.0024,Device Spoofing,0.0005
SES-000069,Normal,Normal,0.8148,1,Normal,0.8148,Privilege Escalation,0.0922,Device Spoofing,0.0282
SES-001043,Normal,Normal,0.9958,1,Normal,0.9958,Privilege Escalation,0.0017,USB Data Theft,0.0005
SES-009125,Normal,Normal,0.9897,1,Normal,0.9897,Device Spoofing,0.0021,USB Data Theft,0.0013
SES-000981,Normal,Normal,0.9954,1,Normal,0.9954,USB Data Theft,0.0011,Impossible Travel,0.0004
SES-004531,Normal,Normal,0.985,1,Normal,0.985,USB Data Theft,0.0119,Impossible Travel,0.0003
SES-001990,Normal,Normal,0.5623,1,Normal,0.5623,Privilege Escalation,0.3228,Malware Execution,0.0537
SES-007725,Normal,Normal,0.997,1,Normal,0.997,Brute Force,0.0005,Credential Stuffing,0.0003
SES-008508,Normal,Normal,0.9966,1,Normal,0.9966,Malware Execution,0.0019,Privilege Escalation,0.0003
SES-010623,Normal,Normal,0.9503,1,Normal,0.9503,Lateral Movement,0.0198,Off-hours Access,0.0118
SES-008830,Normal,Normal,0.5605,1,Normal,0.5605,Privilege Escalation,0.3224,Malware Execution,0.0885
SES-006433,Normal,Normal,0.9978,1,Normal,0.9978,USB Data Theft,0.0008,Lateral Movement,0.0003
SES-000400,Normal,Normal,0.9927,1,Normal,0.9927,Device Spoofing,0.0018,Impossible Travel,0.0007
SES-008585,Normal,Normal,0.9978,1,Normal,0.9978,Malware Execution,0.0009,Impossible Travel,0.0003
SES-000928,Normal,Normal,0.9926,1,Normal,0.9926,Insider Threat,0.0031,USB Data Theft,0.0015
SES-006569,Normal,Normal,0.9404,1,Normal,0.9404,USB Data Theft,0.0358,Privilege Escalation,0.0032
SES-003366,Normal,Normal,0.9995,1,Normal,0.9995,Impossible Travel,0.0,Insider Threat,0.0
SES-007613,Normal,Normal,0.9587,1,Normal,0.9587,Off-hours Access,0.0268,Device Spoofing,0.002
SES-007854,Normal,Normal,0.9967,1,Normal,0.9967,USB Data Theft,0.0012,Impossible Travel,0.0002
SES-007656,Normal,Normal,0.8273,1,Normal,0.8273,USB Data Theft,0.1171,Insider Threat,0.0088
SES-012480,Normal,Normal,0.9985,1,Normal,0.9985,Insider Threat,0.0002,Device Spoofing,0.0002
SES-003125,Normal,Normal,0.9993,1,Normal,0.9993,Privilege Escalation,0.0001,Malware Execution,0.0001
SES-009457,Normal,Normal,0.9858,1,Normal,0.9858,Privilege Escalation,0.0024,Malware Execution,0.0021
SES-011635,Normal,Normal,0.9664,1,Normal,0.9664,USB Data Theft,0.0289,Impossible Travel,0.0005
SES-005935,Normal,Normal,0.7702,1,Normal,0.7702,Malware Execution,0.0934,Privilege Escalation,0.0355
SES-011227,Normal,Normal,0.9769,1,Normal,0.9769,Device Spoofing,0.0097,Privilege Escalation,0.0049
SES-000338,Normal,Normal,0.9987,1,Normal,0.9987,Device Spoofing,0.0003,Impossible Travel,0.0001
SES-006482,Normal,Normal,0.9989,1,Normal,0.9989,Device Spoofing,0.0003,Privilege Escalation,0.0001
SES-012916,Normal,Normal,0.9953,1,Normal,0.9953,Device Spoofing,0.0008,Brute Force,0.0008
SES-007672,Normal,Normal,0.6541,1,Normal,0.6541,Privilege Escalation,0.1978,Malware Execution,0.096
SES-011148,Normal,Normal,0.9115,1,Normal,0.9115,USB Data Theft,0.0769,Impossible Travel,0.0013
SES-008037,Normal,Normal,0.998,1,Normal,0.998,Malware Execution,0.0008,Device Spoofing,0.0003
SES-009558,Normal,Normal,0.9997,1,Normal,0.9997,Device Spoofing,0.0,USB Data Theft,0.0
SES-008597,Insider Drift,Normal,0.9506,0,Normal,0.9506,Lateral Movement,0.0204,USB Data Theft,0.0165
SES-011203,Normal,Normal,0.9671,1,Normal,0.9671,Off-hours Access,0.0197,Lateral Movement,0.0046
SES-005659,Normal,Normal,0.9984,1,Normal,0.9984,Device Spoofing,0.0003,Privilege Escalation,0.0002
SES-008360,Normal,Device Spoofing,0.8325,0,Device Spoofing,0.8325,Normal,0.1629,USB Data Theft,0.0013
SES-001667,Normal,Normal,0.9992,1,Normal,0.9992,Device Spoofing,0.0002,Lateral Movement,0.0001
SES-008313,Normal,Normal,0.9922,1,Normal,0.9922,Device Spoofing,0.0041,USB Data Theft,0.0009
SES-003777,Normal,Normal,0.9699,1,Normal,0.9699,USB Data Theft,0.0072,Device Spoofing,0.0043
SES-003756,Normal,Normal,0.9997,1,Normal,0.9997,USB Data Theft,0.0001,Insider Threat,0.0
SES-007315,Normal,Normal,0.9954,1,Normal,0.9954,USB Data Theft,0.0011,Device Spoofing,0.0006
SES-012991,Normal,Normal,0.5845,1,Normal,0.5845,Malware Execution,0.3478,Privilege Escalation,0.0584
SES-003794,Normal,Normal,0.999,1,Normal,0.999,Impossible Travel,0.0002,USB Data Theft,0.0002
SES-006783,Normal,Normal,0.9975,1,Normal,0.9975,Malware Execution,0.0011,Insider Threat,0.0004
SES-006503,Normal,Normal,0.9767,1,Normal,0.9767,Off-hours Access,0.0134,Lateral Movement,0.0032
SES-012377,Normal,Normal,0.967,1,Normal,0.967,USB Data Theft,0.0081,Lateral Movement,0.0026
SES-001347,Normal,Normal,0.9992,1,Normal,0.9992,Impossible Travel,0.0002,USB Data Theft,0.0001
SES-005806,Normal,Normal,0.9872,1,Normal,0.9872,Privilege Escalation,0.0015,Insider Threat,0.0014
SES-005196,Normal,Normal,0.9952,1,Normal,0.9952,Device Spoofing,0.0016,USB Data Theft,0.0012
SES-006337,Normal,Normal,0.9965,1,Normal,0.9965,USB Data Theft,0.0005,Device Spoofing,0.0004
SES-007235,Normal,Normal,0.9068,1,Normal,0.9068,Insider Threat,0.0717,USB Data Theft,0.0064
SES-008731,Normal,Normal,0.9941,1,Normal,0.9941,Privilege Escalation,0.0052,Malware Execution,0.0001
SES-009872,Normal,Normal,0.7786,1,Normal,0.7786,Malware Execution,0.1091,Privilege Escalation,0.041
SES-002709,Normal,Normal,0.9767,1,Normal,0.9767,Device Spoofing,0.0223,Impossible Travel,0.0001
SES-001790,Normal,Normal,0.9982,1,Normal,0.9982,USB Data Theft,0.0004,Device Spoofing,0.0002
SES-002306,Normal,Normal,0.9955,1,Normal,0.9955,Device Spoofing,0.0021,Privilege Escalation,0.0007
SES-012253,Normal,Normal,0.9045,1,Normal,0.9045,USB Data Theft,0.0403,Insider Threat,0.0139
SES-009484,Normal,Normal,0.9531,1,Normal,0.9531,Insider Threat,0.0176,USB Data Theft,0.0074
SES-003009,Normal,Normal,0.9811,1,Normal,0.9811,Off-hours Access,0.0089,Lateral Movement,0.0059
SES-004354,Brute Force,Brute Force,0.8637,1,Brute Force,0.8637,Credential Stuffing,0.0505,Insider Drift,0.0196
SES-008032,Impossible Travel,Impossible Travel,0.9985,1,Impossible Travel,0.9985,Normal,0.0013,Privilege Escalation,0.0001
SES-011935,Credential Stuffing,Credential Stuffing,0.8417,1,Credential Stuffing,0.8417,Brute Force,0.1546,Normal,0.0015
SES-008322,Normal,Normal,0.9932,1,Normal,0.9932,Insider Threat,0.0053,Device Spoofing,0.0002
SES-000228,Normal,Normal,0.9642,1,Normal,0.9642,Device Spoofing,0.0084,USB Data Theft,0.0075
SES-012395,Normal,Normal,0.9992,1,Normal,0.9992,USB Data Theft,0.0002,Device Spoofing,0.0001
SES-011011,Normal,Normal,0.9692,1,Normal,0.9692,USB Data Theft,0.0222,Privilege Escalation,0.0011
SES-007380,Normal,Normal,0.9271,1,Normal,0.9271,Privilege Escalation,0.0237,Malware Execution,0.0128
SES-007739,Normal,Normal,0.9866,1,Normal,0.9866,Device Spoofing,0.0038,Impossible Travel,0.0014
SES-001012,Normal,Normal,0.9774,1,Normal,0.9774,Device Spoofing,0.0114,USB Data Theft,0.0024
SES-006657,Off-hours Access,Off-hours Access,0.9984,1,Off-hours Access,0.9984,Normal,0.0014,Device Spoofing,0.0001
SES-001164,Normal,Normal,0.9981,1,Normal,0.9981,Impossible Travel,0.0004,Insider Threat,0.0002
SES-001405,Normal,Normal,0.9972,1,Normal,0.9972,Privilege Escalation,0.0015,USB Data Theft,0.0004
SES-010258,Normal,Normal,0.9964,1,Normal,0.9964,Privilege Escalation,0.002,USB Data Theft,0.0004
SES-000299,Normal,Normal,0.9889,1,Normal,0.9889,Device Spoofing,0.0067,Insider Threat,0.0007
SES-002818,Normal,Normal,0.9883,1,Normal,0.9883,USB Data Theft,0.0048,Impossible Travel,0.0008
SES-007542,Insider Threat,Normal,0.4965,0,Normal,0.4965,Insider Threat,0.4397,Privilege Escalation,0.0173
SES-008788,Credential Stuffing,Brute Force,0.9988,0,Brute Force,0.9988,Credential Stuffing,0.0005,Normal,0.0002
SES-003791,Normal,Normal,0.9987,1,Normal,0.9987,USB Data Theft,0.0004,Insider Threat,0.0003
SES-006676,Normal,Normal,0.9845,1,Normal,0.9845,Malware Execution,0.004,Insider Threat,0.0016
SES-005526,Normal,Normal,0.9459,1,Normal,0.9459,USB Data Theft,0.0222,Insider Threat,0.0044
SES-010515,Normal,Normal,0.9989,1,Normal,0.9989,USB Data Theft,0.0003,Impossible Travel,0.0002
SES-003320,Normal,Normal,0.9995,1,Normal,0.9995,Device Spoofing,0.0001,Brute Force,0.0001
SES-006251,Normal,Normal,0.9977,1,Normal,0.9977,USB Data Theft,0.0004,Malware Execution,0.0003
SES-004374,Normal,Normal,0.9984,1,Normal,0.9984,Malware Execution,0.0003,USB Data Theft,0.0003
SES-002064,Normal,Normal,0.9805,1,Normal,0.9805,USB Data Theft,0.0086,Insider Threat,0.0021
SES-000172,Normal,Normal,0.9942,1,Normal,0.9942,Device Spoofing,0.0023,Impossible Travel,0.0006
SES-000730,Normal,Normal,0.9992,1,Normal,0.9992,Device Spoofing,0.0001,USB Data Theft,0.0001
SES-003340,Impossible Travel,Impossible Travel,0.9981,1,Impossible Travel,0.9981,Normal,0.0016,Device Spoofing,0.0001
SES-009155,Normal,Normal,0.9964,1,Normal,0.9964,Impossible Travel,0.0009,USB Data Theft,0.0007
SES-004036,Normal,Normal,0.9989,1,Normal,0.9989,Device Spoofing,0.0002,Impossible Travel,0.0001
SES-009553,Normal,Normal,0.9988,1,Normal,0.9988,Insider Threat,0.0004,Device Spoofing,0.0002
SES-010975,Normal,Normal,0.9993,1,Normal,0.9993,Device Spoofing,0.0001,Impossible Travel,0.0001
SES-000566,Normal,Normal,0.9976,1,Normal,0.9976,USB Data Theft,0.0004,Impossible Travel,0.0002
SES-011111,Normal,Normal,0.9734,1,Normal,0.9734,Insider Threat,0.0201,USB Data Theft,0.0012
SES-008672,Normal,Normal,0.9981,1,Normal,0.9981,Device Spoofing,0.0005,USB Data Theft,0.0003
SES-004928,Normal,Normal,0.9114,1,Normal,0.9114,Device Spoofing,0.0776,USB Data Theft,0.0042
SES-010008,Normal,Normal,0.9952,1,Normal,0.9952,Privilege Escalation,0.0007,Impossible Travel,0.0007
SES-000688,Normal,Normal,0.9985,1,Normal,0.9985,USB Data Theft,0.0003,Device Spoofing,0.0002
SES-001499,Normal,Normal,0.9933,1,Normal,0.9933,USB Data Theft,0.0022,Insider Threat,0.0006
SES-007863,Normal,Normal,0.7599,1,Normal,0.7599,Privilege Escalation,0.1469,USB Data Theft,0.0446
SES-001889,Normal,Normal,0.9829,1,Normal,0.9829,Device Spoofing,0.0162,Impossible Travel,0.0001
SES-009487,Normal,Normal,0.9531,1,Normal,0.9531,Device Spoofing,0.044,Impossible Travel,0.0004
SES-010592,Normal,Normal,0.8683,1,Normal,0.8683,Insider Threat,0.0354,USB Data Theft,0.0353
SES-012343,Normal,Normal,0.8403,1,Normal,0.8403,Insider Threat,0.142,USB Data Theft,0.0044
SES-007977,Normal,Normal,0.6829,1,Normal,0.6829,Device Spoofing,0.2264,Insider Threat,0.0825
SES-010540,Normal,Normal,0.976,1,Normal,0.976,Malware Execution,0.0054,Privilege Escalation,0.0053
SES-012890,Normal,Normal,0.9217,1,Normal,0.9217,Privilege Escalation,0.0341,Malware Execution,0.0115
SES-011724,Normal,Normal,0.9934,1,Normal,0.9934,USB Data Theft,0.001,Insider Threat,0.0007
SES-012485,Normal,Normal,0.9965,1,Normal,0.9965,Impossible Travel,0.0006,Device Spoofing,0.0005
SES-010759,Normal,Normal,0.9967,1,Normal,0.9967,Malware Execution,0.0011,Lateral Movement,0.0007
SES-005239,Normal,Normal,0.954,1,Normal,0.954,Off-hours Access,0.0136,Lateral Movement,0.0076
SES-005886,Normal,Normal,0.6835,1,Normal,0.6835,Privilege Escalation,0.1586,Malware Execution,0.0931
SES-012418,Normal,Normal,0.9947,1,Normal,0.9947,Malware Execution,0.0042,Privilege Escalation,0.0004
SES-000361,Normal,Normal,0.9884,1,Normal,0.9884,Device Spoofing,0.0072,Impossible Travel,0.001
SES-008891,Normal,Normal,0.8609,1,Normal,0.8609,Device Spoofing,0.1197,Brute Force,0.0022
SES-011513,Normal,Normal,0.9946,1,Normal,0.9946,Insider Threat,0.0041,Device Spoofing,0.0003
SES-002466,Normal,Device Spoofing,0.5273,0,Device Spoofing,0.5273,Normal,0.4408,USB Data Theft,0.0213
SES-007638,Normal,Normal,0.92,1,Normal,0.92,Low-and-Slow Exfiltration,0.0488,Insider Threat,0.0111
SES-009317,Normal,Normal,0.9957,1,Normal,0.9957,USB Data Theft,0.0012,Insider Threat,0.0005
SES-005250,Malware Execution,Privilege Escalation,0.9822,0,Privilege Escalation,0.9822,Malware Execution,0.0131,Normal,0.0016
SES-004560,Low-and-Slow Exfiltration,Low-and-Slow Exfiltration,0.9989,1,Low-and-Slow Exfiltration,0.9989,Lateral Movement,0.0005,Insider Drift,0.0002
SES-001052,Normal,Normal,0.9963,1,Normal,0.9963,Privilege Escalation,0.002,Malware Execution,0.0009
SES-000062,Normal,Normal,0.9817,1,Normal,0.9817,Device Spoofing,0.0097,Insider Threat,0.001
SES-010478,Normal,Normal,0.9989,1,Normal,0.9989,Brute Force,0.0002,Device Spoofing,0.0001
SES-007188,Normal,Normal,0.6983,1,Normal,0.6983,Device Spoofing,0.2858,USB Data Theft,0.0066
SES-002147,Normal,Normal,0.9992,1,Normal,0.9992,Insider Threat,0.0002,USB Data Theft,0.0001
SES-012264,Normal,Normal,0.7983,1,Normal,0.7983,Insider Threat,0.1524,Device Spoofing,0.0391
SES-008235,Normal,Normal,0.9992,1,Normal,0.9992,Device Spoofing,0.0002,Impossible Travel,0.0001
SES-005918,Normal,Normal,0.9935,1,Normal,0.9935,Impossible Travel,0.0013,Device Spoofing,0.0009
SES-002154,Normal,Normal,0.9679,1,Normal,0.9679,Device Spoofing,0.0092,Credential Stuffing,0.0035
SES-000634,Normal,Normal,0.9963,1,Normal,0.9963,Device Spoofing,0.0007,Malware Execution,0.0005
SES-006280,Normal,Normal,0.9984,1,Normal,0.9984,Device Spoofing,0.0003,Insider Threat,0.0002
SES-009332,Normal,Normal,0.889,1,Normal,0.889,Privilege Escalation,0.0645,Malware Execution,0.0176
SES-010722,Normal,Normal,0.8417,1,Normal,0.8417,Privilege Escalation,0.1097,Suspicious PowerShell,0.0085
SES-005568,Normal,Normal,0.898,1,Normal,0.898,Insider Threat,0.0584,Device Spoofing,0.0064
SES-004654,Normal,Normal,0.9276,1,Normal,0.9276,Insider Threat,0.0396,Lateral Movement,0.017
SES-002310,Normal,Normal,0.9991,1,Normal,0.9991,Device Spoofing,0.0001,Malware Execution,0.0001
SES-002899,Normal,Normal,0.9776,1,Normal,0.9776,Impossible Travel,0.0046,USB Data Theft,0.0041
SES-006149,Normal,Normal,0.9967,1,Normal,0.9967,Insider Drift,0.001,Lateral Movement,0.001
SES-010598,Normal,Normal,0.9807,1,Normal,0.9807,Lateral Movement,0.0051,USB Data Theft,0.0023
SES-009908,Normal,Normal,0.9951,1,Normal,0.9951,Privilege Escalation,0.004,Malware Execution,0.0001
SES-012086,Normal,Normal,0.9232,1,Normal,0.9232,USB Data Theft,0.0289,Low-and-Slow Exfiltration,0.0246
SES-001958,Normal,Normal,0.6994,1,Normal,0.6994,Insider Threat,0.1965,USB Data Theft,0.0625
SES-002589,Normal,Lateral Movement,0.6692,0,Lateral Movement,0.6692,Normal,0.2248,Insider Drift,0.0676
SES-008819,Normal,Normal,0.9906,1,Normal,0.9906,Device Spoofing,0.0022,Impossible Travel,0.0013
SES-007665,Normal,Normal,0.9994,1,Normal,0.9994,Device Spoofing,0.0002,USB Data Theft,0.0001
SES-001695,Normal,Normal,0.7642,1,Normal,0.7642,Malware Execution,0.1141,Privilege Escalation,0.0567
SES-000559,Normal,Normal,0.9973,1,Normal,0.9973,Device Spoofing,0.0007,Impossible Travel,0.0002
SES-006637,Normal,Normal,0.8501,1,Normal,0.8501,Lateral Movement,0.1077,Privilege Escalation,0.0175
SES-003947,Normal,Normal,0.8182,1,Normal,0.8182,Malware Execution,0.0975,Privilege Escalation,0.0322
SES-011600,Normal,Normal,0.9996,1,Normal,0.9996,Device Spoofing,0.0,Brute Force,0.0
SES-012484,Normal,Normal,0.7366,1,Normal,0.7366,Device Spoofing,0.1822,Insider Threat,0.0599
SES-003895,Normal,Normal,0.9878,1,Normal,0.9878,Device Spoofing,0.0059,USB Data Theft,0.0035
SES-004370,Normal,Normal,0.9892,1,Normal,0.9892,Lateral Movement,0.003,Malware Execution,0.0021
SES-012463,Normal,Normal,0.9853,1,Normal,0.9853,Off-hours Access,0.0045,Device Spoofing,0.0017
SES-008359,Normal,Normal,0.9983,1,Normal,0.9983,Lateral Movement,0.0003,Impossible Travel,0.0003
SES-001148,Normal,Normal,0.9774,1,Normal,0.9774,Off-hours Access,0.0068,Device Spoofing,0.0029
SES-010882,Normal,Normal,0.9948,1,Normal,0.9948,USB Data Theft,0.001,Impossible Travel,0.0005
SES-008934,Normal,Normal,0.9977,1,Normal,0.9977,Off-hours Access,0.0011,Device Spoofing,0.0003
SES-000127,Normal,Normal,0.9993,1,Normal,0.9993,Device Spoofing,0.0002,Impossible Travel,0.0001
SES-002044,Normal,Normal,0.981,1,Normal,0.981,Malware Execution,0.0151,Device Spoofing,0.0016
SES-011965,Normal,Normal,0.8633,1,Normal,0.8633,Malware Execution,0.1112,Privilege Escalation,0.0059
SES-007528,Normal,Normal,0.9992,1,Normal,0.9992,USB Data Theft,0.0002,Impossible Travel,0.0001
SES-012119,Normal,Normal,0.9981,1,Normal,0.9981,USB Data Theft,0.0009,Insider Threat,0.0001
SES-004281,Normal,Normal,0.9629,1,Normal,0.9629,Device Spoofing,0.0355,Impossible Travel,0.0002
SES-009399,Normal,Normal,0.9978,1,Normal,0.9978,Device Spoofing,0.0005,Impossible Travel,0.0002
SES-007675,Normal,Normal,0.9959,1,Normal,0.9959,Privilege Escalation,0.0025,Malware Execution,0.0007
SES-006415,Normal,Normal,0.999,1,Normal,0.999,Impossible Travel,0.0001,Brute Force,0.0001
SES-009306,Normal,Normal,0.9872,1,Normal,0.9872,USB Data Theft,0.0041,Impossible Travel,0.001
SES-011492,Normal,Normal,0.9995,1,Normal,0.9995,Device Spoofing,0.0002,Credential Stuffing,0.0
SES-009737,Normal,Normal,0.9982,1,Normal,0.9982,USB Data Theft,0.0003,Device Spoofing,0.0003
SES-005566,Normal,Normal,0.9921,1,Normal,0.9921,Device Spoofing,0.0032,USB Data Theft,0.0008
SES-006048,Normal,Normal,0.9959,1,Normal,0.9959,Malware Execution,0.0015,Privilege Escalation,0.0008
SES-004492,Normal,Normal,0.9964,1,Normal,0.9964,USB Data Theft,0.0022,Device Spoofing,0.0002
SES-006710,Normal,Normal,0.9964,1,Normal,0.9964,USB Data Theft,0.0004,Device Spoofing,0.0004
SES-001918,Normal,Normal,0.9977,1,Normal,0.9977,Impossible Travel,0.0002,Device Spoofing,0.0002
SES-009673,Normal,Normal,0.9953,1,Normal,0.9953,USB Data Theft,0.0011,Device Spoofing,0.0006
SES-007606,Normal,Normal,0.9957,1,Normal,0.9957,Off-hours Access,0.0012,Device Spoofing,0.0009
SES-007135,Normal,Normal,0.9745,1,Normal,0.9745,USB Data Theft,0.0075,Impossible Travel,0.0026
SES-007541,Normal,Normal,0.5755,1,Normal,0.5755,Malware Execution,0.3241,USB Data Theft,0.0371
SES-004303,Normal,Normal,0.9862,1,Normal,0.9862,Insider Threat,0.0066,USB Data Theft,0.0014
SES-009725,Normal,Normal,0.9668,1,Normal,0.9668,Privilege Escalation,0.0238,Malware Execution,0.0026
SES-009012,Impossible Travel,Impossible Travel,0.9939,1,Impossible Travel,0.9939,Normal,0.0059,Malware Execution,0.0
SES-003661,Normal,Normal,0.9972,1,Normal,0.9972,Insider Threat,0.0015,Device Spoofing,0.0002
SES-003762,Normal,Normal,0.9979,1,Normal,0.9979,USB Data Theft,0.0009,Impossible Travel,0.0003
SES-001521,Normal,Normal,0.9965,1,Normal,0.9965,Device Spoofing,0.0017,USB Data Theft,0.0002
SES-005297,Normal,Normal,0.9795,1,Normal,0.9795,USB Data Theft,0.0103,Insider Threat,0.0012
SES-006042,Normal,Normal,0.993,1,Normal,0.993,Insider Threat,0.0011,Device Spoofing,0.001
SES-007146,Normal,Normal,0.9976,1,Normal,0.9976,Privilege Escalation,0.0008,Impossible Travel,0.0003
SES-004570,Normal,Normal,0.9977,1,Normal,0.9977,Insider Threat,0.0008,Lateral Movement,0.0006
SES-012096,Normal,Normal,0.9924,1,Normal,0.9924,Device Spoofing,0.0018,Malware Execution,0.0012
SES-003141,Normal,Normal,0.9913,1,Normal,0.9913,Insider Drift,0.0047,Lateral Movement,0.0029
SES-007247,Normal,Normal,0.9543,1,Normal,0.9543,Device Spoofing,0.0307,USB Data Theft,0.0062
SES-001991,Normal,Normal,0.9206,1,Normal,0.9206,Privilege Escalation,0.0196,USB Data Theft,0.0164
SES-000268,Privilege Escalation,Privilege Escalation,0.4894,1,Privilege Escalation,0.4894,Malware Execution,0.3055,Normal,0.185
SES-005757,Normal,Normal,0.9528,1,Normal,0.9528,USB Data Theft,0.0313,Malware Execution,0.0021
SES-001176,Normal,Normal,0.9995,1,Normal,0.9995,Impossible Travel,0.0002,Device Spoofing,0.0001
SES-001335,Normal,Normal,0.9989,1,Normal,0.9989,Impossible Travel,0.0003,Device Spoofing,0.0002
SES-012294,Normal,Normal,0.9497,1,Normal,0.9497,Malware Execution,0.0405,Device Spoofing,0.0057
SES-003936,Normal,Normal,0.9977,1,Normal,0.9977,Privilege Escalation,0.0005,Credential Stuffing,0.0003
SES-009385,Normal,Normal,0.9865,1,Normal,0.9865,USB Data Theft,0.0057,Data Exfiltration,0.001
SES-004733,Normal,Normal,0.9977,1,Normal,0.9977,USB Data Theft,0.0003,Impossible Travel,0.0002
SES-008363,Normal,Normal,0.7145,1,Normal,0.7145,USB Data Theft,0.2757,Impossible Travel,0.0012
SES-002947,Normal,Normal,0.9973,1,Normal,0.9973,Impossible Travel,0.0006,Device Spoofing,0.0006
SES-012923,Normal,Normal,0.8815,1,Normal,0.8815,USB Data Theft,0.0905,Privilege Escalation,0.0036
SES-011874,Normal,Normal,0.987,1,Normal,0.987,Privilege Escalation,0.0038,Malware Execution,0.0027
SES-007476,Normal,Normal,0.6634,1,Normal,0.6634,Lateral Movement,0.2509,Malware Execution,0.0283
SES-010326,Normal,Normal,0.4347,1,Normal,0.4347,Insider Threat,0.3774,USB Data Theft,0.1619
SES-002295,Normal,Normal,0.9991,1,Normal,0.9991,Device Spoofing,0.0002,Impossible Travel,0.0001
SES-012060,Normal,Normal,0.9966,1,Normal,0.9966,Impossible Travel,0.0007,Data Exfiltration,0.0003
SES-010640,Normal,Normal,0.9987,1,Normal,0.9987,Device Spoofing,0.0003,Privilege Escalation,0.0001
SES-011509,Normal,Normal,0.5876,1,Normal,0.5876,USB Data Theft,0.2614,Insider Threat,0.0265
SES-011361,Normal,Normal,0.9991,1,Normal,0.9991,USB Data Theft,0.0002,Impossible Travel,0.0001
SES-003234,Normal,USB Data Theft,0.5261,0,USB Data Theft,0.5261,Normal,0.46,Impossible Travel,0.002
SES-001281,Normal,Normal,0.9984,1,Normal,0.9984,Device Spoofing,0.0003,Brute Force,0.0002
SES-012569,Normal,Normal,0.8685,1,Normal,0.8685,Insider Threat,0.1188,USB Data Theft,0.0035
SES-001965,Normal,Normal,0.9986,1,Normal,0.9986,Malware Execution,0.0006,Suspicious PowerShell,0.0001
SES-000525,Normal,Normal,0.9989,1,Normal,0.9989,Lateral Movement,0.0004,Malware Execution,0.0002
SES-003555,Normal,Normal,0.8108,1,Normal,0.8108,USB Data Theft,0.0459,Insider Threat,0.0339
SES-008682,Normal,Normal,0.9233,1,Normal,0.9233,USB Data Theft,0.0418,Insider Threat,0.0067
SES-002548,Normal,Normal,0.9802,1,Normal,0.9802,Insider Threat,0.0031,Device Spoofing,0.0021
SES-012694,Normal,Normal,0.9678,1,Normal,0.9678,Insider Threat,0.0044,USB Data Theft,0.0043
SES-011926,Normal,Normal,0.9894,1,Normal,0.9894,Malware Execution,0.0043,Privilege Escalation,0.0014
SES-011765,Normal,Normal,0.988,1,Normal,0.988,Device Spoofing,0.0093,Impossible Travel,0.0003
SES-004314,Normal,Normal,0.9998,1,Normal,0.9998,Insider Threat,0.0001,USB Data Theft,0.0
SES-009753,Lateral Movement,Insider Drift,0.7978,0,Insider Drift,0.7978,Lateral Movement,0.1933,Normal,0.0077
SES-010667,Normal,Normal,0.9448,1,Normal,0.9448,USB Data Theft,0.0266,Insider Threat,0.0036
SES-011388,Normal,Normal,0.994,1,Normal,0.994,Malware Execution,0.0017,Privilege Escalation,0.0016
SES-006468,Normal,Normal,0.8945,1,Normal,0.8945,USB Data Theft,0.0767,Impossible Travel,0.0046
SES-002243,Normal,Normal,0.9945,1,Normal,0.9945,Insider Threat,0.0031,USB Data Theft,0.0005
SES-000842,Normal,Normal,0.9937,1,Normal,0.9937,Insider Threat,0.005,USB Data Theft,0.0004
SES-009965,Normal,Normal,0.9992,1,Normal,0.9992,Device Spoofing,0.0001,Malware Execution,0.0001
SES-004816,Normal,Normal,0.9984,1,Normal,0.9984,Malware Execution,0.0005,Device Spoofing,0.0002
SES-012010,Normal,Normal,0.9875,1,Normal,0.9875,Device Spoofing,0.0109,Impossible Travel,0.0002
SES-007736,Normal,Normal,0.9991,1,Normal,0.9991,Brute Force,0.0002,Device Spoofing,0.0001
SES-003413,Normal,Normal,0.9968,1,Normal,0.9968,USB Data Theft,0.0011,Device Spoofing,0.0003
SES-011272,Normal,Normal,0.9949,1,Normal,0.9949,Malware Execution,0.0013,Device Spoofing,0.0005
SES-000685,Normal,Normal,0.9991,1,Normal,0.9991,Brute Force,0.0001,Device Spoofing,0.0001
SES-003459,Normal,Normal,0.9981,1,Normal,0.9981,USB Data Theft,0.0006,Device Spoofing,0.0004
SES-000978,Normal,Normal,0.9995,1,Normal,0.9995,Impossible Travel,0.0001,Data Exfiltration,0.0001
SES-011837,Normal,Normal,0.9584,1,Normal,0.9584,Privilege Escalation,0.0155,Malware Execution,0.0091
SES-006773,Normal,Normal,0.9953,1,Normal,0.9953,USB Data Theft,0.0009,Credential Stuffing,0.0005
SES-012040,Normal,Normal,0.997,1,Normal,0.997,USB Data Theft,0.0015,Impossible Travel,0.0004
SES-009329,Normal,Normal,0.9974,1,Normal,0.9974,Impossible Travel,0.0004,Insider Threat,0.0003
SES-006469,Normal,Normal,0.9957,1,Normal,0.9957,Credential Stuffing,0.0006,Privilege Escalation,0.0005
SES-009887,Normal,Normal,0.9595,1,Normal,0.9595,Device Spoofing,0.0339,Impossible Travel,0.0014
SES-010107,Normal,Normal,0.9834,1,Normal,0.9834,Device Spoofing,0.0086,Insider Threat,0.002
SES-008231,Normal,Normal,0.9976,1,Normal,0.9976,Brute Force,0.0004,Device Spoofing,0.0003
SES-007305,Normal,Normal,0.9993,1,Normal,0.9993,Device Spoofing,0.0001,USB Data Theft,0.0001
SES-000843,Normal,Normal,0.9949,1,Normal,0.9949,Insider Threat,0.0009,Impossible Travel,0.0007
SES-007848,Normal,Normal,0.9634,1,Normal,0.9634,USB Data Theft,0.0246,Impossible Travel,0.0016
SES-000377,Normal,Normal,0.9955,1,Normal,0.9955,Device Spoofing,0.0034,USB Data Theft,0.0003
SES-002706,Normal,Normal,0.7742,1,Normal,0.7742,USB Data Theft,0.1834,Insider Threat,0.0106
SES-009998,Normal,Normal,0.9928,1,Normal,0.9928,Insider Threat,0.0062,Brute Force,0.0001
SES-010254,Normal,Normal,0.9955,1,Normal,0.9955,Device Spoofing,0.0012,Impossible Travel,0.0004
SES-001896,Normal,Normal,0.9995,1,Normal,0.9995,Device Spoofing,0.0002,Impossible Travel,0.0
SES-008521,Normal,Normal,0.9847,1,Normal,0.9847,Insider Threat,0.0123,Device Spoofing,0.0004
SES-006301,Normal,Normal,0.9063,1,Normal,0.9063,Malware Execution,0.0579,Privilege Escalation,0.01
SES-008931,Normal,Normal,0.9087,1,Normal,0.9087,Lateral Movement,0.0307,Off-hours Access,0.0283
SES-003750,Normal,Normal,0.9971,1,Normal,0.9971,Privilege Escalation,0.001,Device Spoofing,0.0004
SES-007617,Normal,Normal,0.9505,1,Normal,0.9505,USB Data Theft,0.0077,Device Spoofing,0.0052
SES-004594,Normal,Normal,0.9981,1,Normal,0.9981,Insider Threat,0.0005,USB Data Theft,0.0004
SES-009930,Normal,Normal,0.9981,1,Normal,0.9981,USB Data Theft,0.0003,Device Spoofing,0.0002
SES-010288,Normal,Normal,0.9989,1,Normal,0.9989,Device Spoofing,0.0002,Lateral Movement,0.0001
SES-009939,Normal,Normal,0.9973,1,Normal,0.9973,Insider Threat,0.0013,USB Data Theft,0.0002
SES-012638,Normal,Normal,0.9983,1,Normal,0.9983,Impossible Travel,0.0003,Insider Threat,0.0002
SES-007670,Normal,Normal,0.9995,1,Normal,0.9995,Malware Execution,0.0002,Suspicious PowerShell,0.0001
SES-002219,Lateral Movement,Lateral Movement,0.9874,1,Lateral Movement,0.9874,Insider Drift,0.0118,Normal,0.0003
SES-012587,Normal,Normal,0.9837,1,Normal,0.9837,USB Data Theft,0.0065,Impossible Travel,0.0012
SES-003752,Normal,Insider Threat,0.9798,0,Insider Threat,0.9798,Normal,0.017,USB Data Theft,0.0006
SES-001417,Normal,Normal,0.9923,1,Normal,0.9923,USB Data Theft,0.0037,Device Spoofing,0.0007
SES-009453,Normal,Normal,0.9988,1,Normal,0.9988,USB Data Theft,0.0003,Impossible Travel,0.0002
SES-007961,Normal,Normal,0.9949,1,Normal,0.9949,Device Spoofing,0.0011,Impossible Travel,0.0008
SES-011621,Normal,Normal,0.8325,1,Normal,0.8325,Insider Threat,0.1565,Impossible Travel,0.0017
SES-012816,Normal,Normal,0.9884,1,Normal,0.9884,USB Data Theft,0.002,Impossible Travel,0.0011
SES-006548,Normal,Normal,0.9976,1,Normal,0.9976,Privilege Escalation,0.0016,USB Data Theft,0.0002
SES-007734,Normal,Normal,0.9979,1,Normal,0.9979,Insider Threat,0.0014,Brute Force,0.0001
SES-008344,Normal,Normal,0.9993,1,Normal,0.9993,Impossible Travel,0.0001,Insider Threat,0.0001
SES-005542,Normal,Normal,0.9956,1,Normal,0.9956,Malware Execution,0.0012,Privilege Escalation,0.0005
SES-003983,Normal,Normal,0.9656,1,Normal,0.9656,Insider Threat,0.014,USB Data Theft,0.0039
SES-002386,Normal,Normal,0.9976,1,Normal,0.9976,USB Data Theft,0.0008,Device Spoofing,0.0002
SES-004357,Normal,Normal,0.9986,1,Normal,0.9986,USB Data Theft,0.0006,Device Spoofing,0.0002
SES-004352,Normal,Normal,0.9987,1,Normal,0.9987,Device Spoofing,0.0002,Impossible Travel,0.0001
SES-002675,Normal,Normal,0.9986,1,Normal,0.9986,Device Spoofing,0.0004,USB Data Theft,0.0002
SES-004932,Normal,Normal,0.9993,1,Normal,0.9993,Device Spoofing,0.0002,Impossible Travel,0.0001
SES-008220,Brute Force,Brute Force,0.974,1,Brute Force,0.974,Credential Stuffing,0.0213,Device Spoofing,0.0016
SES-008230,Normal,Normal,0.9976,1,Normal,0.9976,Device Spoofing,0.0007,Impossible Travel,0.0002
SES-006708,Normal,Normal,0.6708,1,Normal,0.6708,Device Spoofing,0.3079,Insider Threat,0.0093
SES-004270,Privilege Escalation,Privilege Escalation,0.5185,1,Privilege Escalation,0.5185,Normal,0.2635,Malware Execution,0.201
SES-003433,Normal,Normal,0.8761,1,Normal,0.8761,USB Data Theft,0.0808,Insider Threat,0.0092
SES-003856,Normal,Normal,0.9884,1,Normal,0.9884,USB Data Theft,0.0026,Insider Threat,0.0023
SES-001073,Privilege Escalation,Privilege Escalation,0.9776,1,Privilege Escalation,0.9776,Malware Execution,0.0157,Brute Force,0.0036
SES-012469,Normal,Normal,0.9769,1,Normal,0.9769,Device Spoofing,0.0053,Impossible Travel,0.002
SES-001360,Normal,Normal,0.99,1,Normal,0.99,USB Data Theft,0.0067,Impossible Travel,0.0009
SES-012392,Normal,Normal,0.9993,1,Normal,0.9993,USB Data Theft,0.0001,Device Spoofing,0.0001
SES-001863,Normal,Normal,0.9993,1,Normal,0.9993,Device Spoofing,0.0002,Insider Threat,0.0001
SES-000401,Normal,Normal,0.7574,1,Normal,0.7574,USB Data Theft,0.0309,Insider Threat,0.0264
SES-001789,Normal,Normal,0.9993,1,Normal,0.9993,Device Spoofing,0.0002,Brute Force,0.0001
SES-010595,Normal,Normal,0.9965,1,Normal,0.9965,Impossible Travel,0.0006,Brute Force,0.0006
SES-005802,Normal,Normal,0.8359,1,Normal,0.8359,USB Data Theft,0.112,Privilege Escalation,0.0068
SES-011648,Normal,Privilege Escalation,0.6045,0,Privilege Escalation,0.6045,Normal,0.3588,Malware Execution,0.0269
SES-004167,Normal,Normal,0.9993,1,Normal,0.9993,Insider Threat,0.0002,Device Spoofing,0.0001
SES-000397,Malware Execution,Normal,0.8865,0,Normal,0.8865,Malware Execution,0.0682,Insider Threat,0.019
SES-000018,Normal,Normal,0.9736,1,Normal,0.9736,Off-hours Access,0.0117,Device Spoofing,0.0083
SES-006896,Normal,Normal,0.9976,1,Normal,0.9976,USB Data Theft,0.0013,Impossible Travel,0.0003
SES-005425,Malware Execution,Privilege Escalation,0.8556,0,Privilege Escalation,0.8556,Normal,0.075,Malware Execution,0.0619
SES-004713,Normal,Normal,0.8887,1,Normal,0.8887,Insider Threat,0.0836,Privilege Escalation,0.0039
SES-004915,Normal,Normal,0.9974,1,Normal,0.9974,Malware Execution,0.0015,Device Spoofing,0.0004
SES-002021,Normal,Normal,0.9893,1,Normal,0.9893,Malware Execution,0.0033,Device Spoofing,0.0016
SES-010854,Normal,Normal,0.9981,1,Normal,0.9981,Device Spoofing,0.0003,USB Data Theft,0.0003
SES-004520,Normal,Normal,0.9996,1,Normal,0.9996,Impossible Travel,0.0,Lateral Movement,0.0
SES-006732,Normal,Normal,0.9979,1,Normal,0.9979,Privilege Escalation,0.0005,Malware Execution,0.0003
SES-006594,Normal,Malware Execution,0.5501,0,Malware Execution,0.5501,Normal,0.4345,Privilege Escalation,0.0101
SES-006976,Normal,Normal,0.9969,1,Normal,0.9969,Impossible Travel,0.0003,Data Exfiltration,0.0003
SES-004716,Normal,Normal,0.9607,1,Normal,0.9607,Privilege Escalation,0.0208,Malware Execution,0.0048
SES-004639,Normal,Normal,0.9969,1,Normal,0.9969,Device Spoofing,0.0006,Insider Threat,0.0003
SES-006836,Normal,Normal,0.9992,1,Normal,0.9992,USB Data Theft,0.0001,Device Spoofing,0.0001
SES-006757,Normal,Normal,0.9988,1,Normal,0.9988,Insider Threat,0.0004,Device Spoofing,0.0001
SES-001235,Normal,Normal,0.9985,1,Normal,0.9985,Device Spoofing,0.0003,Insider Drift,0.0001
SES-002588,Normal,Normal,0.9956,1,Normal,0.9956,Insider Threat,0.0021,Device Spoofing,0.0004
SES-010516,Normal,Normal,0.9994,1,Normal,0.9994,USB Data Theft,0.0001,Device Spoofing,0.0001
SES-010343,Normal,Normal,0.9975,1,Normal,0.9975,Device Spoofing,0.0007,Credential Stuffing,0.0003
SES-010161,Normal,Normal,0.9983,1,Normal,0.9983,Device Spoofing,0.0003,Brute Force,0.0002
SES-007987,Normal,Normal,0.9335,1,Normal,0.9335,USB Data Theft,0.0512,Impossible Travel,0.0023
SES-009989,Normal,Normal,0.997,1,Normal,0.997,USB Data Theft,0.0014,Credential Stuffing,0.0002
SES-005205,Normal,Lateral Movement,0.9391,0,Lateral Movement,0.9391,Normal,0.0577,Insider Drift,0.0018
SES-008536,Normal,Normal,0.9831,1,Normal,0.9831,Device Spoofing,0.0064,USB Data Theft,0.0024
SES-004054,Normal,Normal,0.7147,1,Normal,0.7147,Insider Threat,0.2559,USB Data Theft,0.0088
SES-002497,Normal,Normal,0.9998,1,Normal,0.9998,Device Spoofing,0.0001,Impossible Travel,0.0
SES-005585,Normal,Normal,0.9969,1,Normal,0.9969,Insider Threat,0.0017,Malware Execution,0.0004
SES-010247,Normal,Normal,0.9988,1,Normal,0.9988,Device Spoofing,0.0004,Impossible Travel,0.0001
SES-011119,Normal,Normal,0.9727,1,Normal,0.9727,Device Spoofing,0.0035,Data Exfiltration,0.0029
SES-002948,Normal,Normal,0.819,1,Normal,0.819,Lateral Movement,0.1468,Insider Drift,0.0309
SES-000428,Normal,Normal,0.9977,1,Normal,0.9977,Device Spoofing,0.0008,Impossible Travel,0.0002
SES-002907,Normal,Normal,0.9775,1,Normal,0.9775,Insider Threat,0.0091,USB Data Theft,0.0044
SES-012565,Low-and-Slow Exfiltration,Low-and-Slow Exfiltration,0.9989,1,Low-and-Slow Exfiltration,0.9989,Normal,0.0005,Device Spoofing,0.0002
SES-010473,Normal,Normal,0.9918,1,Normal,0.9918,Impossible Travel,0.0023,Brute Force,0.0009
SES-000334,Normal,Normal,0.9819,1,Normal,0.9819,Device Spoofing,0.0078,USB Data Theft,0.0019
SES-012087,Normal,Normal,0.9806,1,Normal,0.9806,Malware Execution,0.0072,USB Data Theft,0.0033
SES-008749,Normal,Normal,0.9942,1,Normal,0.9942,USB Data Theft,0.0025,Malware Execution,0.0018
SES-009889,Normal,Normal,0.7297,1,Normal,0.7297,USB Data Theft,0.2396,Insider Threat,0.005
SES-005748,Normal,Normal,0.8363,1,Normal,0.8363,USB Data Theft,0.0589,Insider Threat,0.0124
SES-005881,Normal,Normal,0.9281,1,Normal,0.9281,Privilege Escalation,0.0239,Malware Execution,0.0211
SES-012547,Normal,Normal,0.9973,1,Normal,0.9973,Insider Drift,0.0007,Lateral Movement,0.0005
SES-007288,Normal,Normal,0.4492,1,Normal,0.4492,Insider Threat,0.283,Malware Execution,0.2281
SES-011907,Normal,Normal,0.9833,1,Normal,0.9833,Off-hours Access,0.0109,Device Spoofing,0.0024
SES-008951,Normal,Normal,0.902,1,Normal,0.902,Malware Execution,0.0219,Suspicious PowerShell,0.0145
SES-007751,Normal,Normal,0.9856,1,Normal,0.9856,Insider Threat,0.0099,USB Data Theft,0.0009
SES-006969,Normal,Normal,0.9365,1,Normal,0.9365,Privilege Escalation,0.0391,Malware Execution,0.0104
SES-011673,Insider Threat,Normal,0.8936,0,Normal,0.8936,USB Data Theft,0.0636,Insider Threat,0.0213
SES-009410,Normal,Privilege Escalation,0.6506,0,Privilege Escalation,0.6506,Normal,0.3328,Malware Execution,0.0047
SES-005310,Normal,Normal,0.9347,1,Normal,0.9347,USB Data Theft,0.0078,Insider Threat,0.0065
SES-011901,Normal,Normal,0.9929,1,Normal,0.9929,Off-hours Access,0.0032,Device Spoofing,0.0013
SES-006625,Normal,Normal,0.9754,1,Normal,0.9754,USB Data Theft,0.0038,Device Spoofing,0.0035
SES-000908,Normal,Normal,0.9965,1,Normal,0.9965,Device Spoofing,0.0006,Impossible Travel,0.0004
SES-001014,Normal,Normal,0.8167,1,Normal,0.8167,Insider Threat,0.1411,Malware Execution,0.0106
SES-008222,Normal,Normal,0.9994,1,Normal,0.9994,Device Spoofing,0.0002,Impossible Travel,0.0001
SES-000275,Normal,Normal,0.9523,1,Normal,0.9523,Device Spoofing,0.0256,USB Data Theft,0.0042
SES-007755,Normal,Normal,0.9802,1,Normal,0.9802,Device Spoofing,0.0142,Impossible Travel,0.0009
SES-002418,Normal,USB Data Theft,0.6662,0,USB Data Theft,0.6662,Normal,0.2602,Malware Execution,0.0276
SES-008013,Normal,Normal,0.883,1,Normal,0.883,Privilege Escalation,0.0623,Malware Execution,0.0197
SES-006908,Normal,Normal,0.995,1,Normal,0.995,Malware Execution,0.0029,Privilege Escalation,0.0008
SES-010508,Normal,Normal,0.9521,1,Normal,0.9521,Privilege Escalation,0.0328,Malware Execution,0.0099
SES-009849,Low-and-Slow Exfiltration,Low-and-Slow Exfiltration,0.999,1,Low-and-Slow Exfiltration,0.999,Lateral Movement,0.0004,Normal,0.0002
SES-003349,Normal,Normal,0.9994,1,Normal,0.9994,USB Data Theft,0.0001,Insider Threat,0.0001
SES-008332,Normal,Insider Threat,0.6956,0,Insider Threat,0.6956,Normal,0.2763,Device Spoofing,0.0035
SES-000410,Normal,Normal,0.9935,1,Normal,0.9935,USB Data Theft,0.0044,Data Exfiltration,0.0003
SES-007754,Normal,Normal,0.9987,1,Normal,0.9987,USB Data Theft,0.0002,Device Spoofing,0.0001
SES-002211,Normal,Normal,0.997,1,Normal,0.997,Insider Threat,0.0007,Impossible Travel,0.0003
SES-008892,Normal,Normal,0.7286,1,Normal,0.7286,Malware Execution,0.1718,USB Data Theft,0.0372
SES-012963,Normal,Normal,0.9889,1,Normal,0.9889,Insider Threat,0.003,Device Spoofing,0.0014
SES-012553,Normal,Normal,0.8548,1,Normal,0.8548,Brute Force,0.0284,Device Spoofing,0.0208
SES-010185,Normal,Normal,0.9967,1,Normal,0.9967,Device Spoofing,0.0008,Privilege Escalation,0.0005
SES-001026,Normal,Normal,0.9565,1,Normal,0.9565,USB Data Theft,0.0149,Device Spoofing,0.0138
SES-010018,Normal,Normal,0.9931,1,Normal,0.9931,Insider Threat,0.0053,Impossible Travel,0.0002
SES-003548,Normal,Normal,0.993,1,Normal,0.993,Device Spoofing,0.0023,Off-hours Access,0.0015
SES-000396,Normal,Normal,0.989,1,Normal,0.989,USB Data Theft,0.0033,Privilege Escalation,0.0011
SES-002172,Normal,Normal,0.998,1,Normal,0.998,Credential Stuffing,0.0002,Device Spoofing,0.0002
SES-000625,Normal,Normal,0.998,1,Normal,0.998,Device Spoofing,0.0005,USB Data Theft,0.0002
SES-007954,Suspicious PowerShell,Suspicious PowerShell,0.9907,1,Suspicious PowerShell,0.9907,Privilege Escalation,0.0067,Normal,0.0015
SES-010530,Normal,Normal,0.9992,1,Normal,0.9992,Device Spoofing,0.0001,Impossible Travel,0.0001
SES-007842,Normal,Normal,0.9993,1,Normal,0.9993,USB Data Theft,0.0001,Device Spoofing,0.0001
SES-002610,Normal,Normal,0.998,1,Normal,0.998,Impossible Travel,0.0006,Device Spoofing,0.0002
SES-012703,Normal,Normal,0.8037,1,Normal,0.8037,Insider Threat,0.1624,USB Data Theft,0.0102
SES-006089,Data Exfiltration,Data Exfiltration,0.9988,1,Data Exfiltration,0.9988,Normal,0.0006,Privilege Escalation,0.0003
SES-011559,Data Exfiltration,Data Exfiltration,0.9909,1,Data Exfiltration,0.9909,Insider Threat,0.0068,Low-and-Slow Exfiltration,0.0007
SES-004009,Normal,Normal,0.9977,1,Normal,0.9977,USB Data Theft,0.0013,Device Spoofing,0.0003
SES-004500,Normal,Normal,0.9709,1,Normal,0.9709,Malware Execution,0.0092,Privilege Escalation,0.0035
SES-002212,Normal,Normal,0.9862,1,Normal,0.9862,USB Data Theft,0.0093,Impossible Travel,0.0006
SES-001523,Normal,Normal,0.984,1,Normal,0.984,USB Data Theft,0.0087,Insider Drift,0.001
SES-003302,Normal,Normal,0.9969,1,Normal,0.9969,Impossible Travel,0.0005,USB Data Theft,0.0004
SES-003575,Normal,Normal,0.9988,1,Normal,0.9988,Impossible Travel,0.0002,Malware Execution,0.0001
SES-011086,Insider Threat,Insider Threat,0.5549,1,Insider Threat,0.5549,Normal,0.4091,USB Data Theft,0.0105
SES-005685,Normal,Normal,0.7548,1,Normal,0.7548,Device Spoofing,0.2391,USB Data Theft,0.0023
SES-004252,Normal,Normal,0.9914,1,Normal,0.9914,Malware Execution,0.0043,Device Spoofing,0.0008
SES-008371,Normal,Normal,0.8269,1,Normal,0.8269,Device Spoofing,0.1543,USB Data Theft,0.0035
SES-004880,Normal,Normal,0.9981,1,Normal,0.9981,Impossible Travel,0.0004,Device Spoofing,0.0004
SES-008582,Normal,Normal,0.9982,1,Normal,0.9982,USB Data Theft,0.0006,Device Spoofing,0.0001
SES-001916,Normal,Normal,0.9986,1,Normal,0.9986,Device Spoofing,0.0003,Insider Threat,0.0001
SES-002862,Normal,Normal,0.8625,1,Normal,0.8625,Lateral Movement,0.0629,Malware Execution,0.0339
SES-007593,Normal,Normal,0.6322,1,Normal,0.6322,Lateral Movement,0.2311,Insider Drift,0.0818
SES-007727,Normal,Normal,0.9957,1,Normal,0.9957,Impossible Travel,0.001,Credential Stuffing,0.0005
SES-011226,Normal,Normal,0.9765,1,Normal,0.9765,Lateral Movement,0.0193,Insider Drift,0.0036
SES-005524,Normal,Normal,0.9993,1,Normal,0.9993,Impossible Travel,0.0001,USB Data Theft,0.0001
SES-011574,Credential Stuffing,Brute Force,0.8506,0,Brute Force,0.8506,Credential Stuffing,0.1457,Insider Threat,0.0021
SES-005019,Beaconing C2,Beaconing C2,0.9994,1,Beaconing C2,0.9994,Normal,0.0002,Malware Execution,0.0001
SES-003713,Normal,Normal,0.8204,1,Normal,0.8204,USB Data Theft,0.143,Insider Threat,0.0054
SES-007682,Normal,Normal,0.9987,1,Normal,0.9987,Impossible Travel,0.0002,USB Data Theft,0.0001
SES-004464,Normal,Normal,0.5872,1,Normal,0.5872,Insider Threat,0.3976,Impossible Travel,0.002
SES-006320,Normal,Normal,0.9965,1,Normal,0.9965,USB Data Theft,0.0005,Insider Threat,0.0004
SES-010987,Normal,Normal,0.9664,1,Normal,0.9664,Device Spoofing,0.0284,USB Data Theft,0.0012
SES-001817,Normal,Normal,0.9982,1,Normal,0.9982,Device Spoofing,0.0006,USB Data Theft,0.0005
SES-009199,Normal,Normal,0.9188,1,Normal,0.9188,Insider Threat,0.0528,USB Data Theft,0.0078
SES-007801,Normal,Normal,0.9984,1,Normal,0.9984,Brute Force,0.0002,Credential Stuffing,0.0002
SES-005521,Privilege Escalation,Privilege Escalation,0.9871,1,Privilege Escalation,0.9871,Data Exfiltration,0.0053,Brute Force,0.0044
SES-008453,Normal,Normal,0.992,1,Normal,0.992,Privilege Escalation,0.0037,Malware Execution,0.0019
SES-008670,Normal,Normal,0.9972,1,Normal,0.9972,USB Data Theft,0.0005,Impossible Travel,0.0004
SES-001818,Normal,Normal,0.9994,1,Normal,0.9994,Device Spoofing,0.0002,Impossible Travel,0.0
SES-000324,Normal,Normal,0.873,1,Normal,0.873,Device Spoofing,0.0514,Malware Execution,0.0284
SES-003938,Normal,Normal,0.9994,1,Normal,0.9994,Device Spoofing,0.0001,USB Data Theft,0.0001
SES-009157,Normal,Normal,0.9984,1,Normal,0.9984,Device Spoofing,0.0008,Credential Stuffing,0.0001
SES-009079,Normal,Normal,0.9799,1,Normal,0.9799,USB Data Theft,0.0051,Insider Threat,0.0022
SES-006463,Normal,Normal,0.9981,1,Normal,0.9981,Malware Execution,0.0013,Privilege Escalation,0.0001
SES-001167,Normal,Normal,0.9971,1,Normal,0.9971,Impossible Travel,0.0006,Device Spoofing,0.0004
SES-002456,Normal,Normal,0.9422,1,Normal,0.9422,Malware Execution,0.0177,USB Data Theft,0.0121
SES-003052,Normal,Normal,0.9829,1,Normal,0.9829,Device Spoofing,0.0129,USB Data Theft,0.0005
SES-003338,Normal,Normal,0.7694,1,Normal,0.7694,USB Data Theft,0.1462,Malware Execution,0.0112
SES-002178,Normal,Normal,0.9988,1,Normal,0.9988,Device Spoofing,0.0004,Lateral Movement,0.0001
SES-012506,Normal,Normal,0.9988,1,Normal,0.9988,Device Spoofing,0.0002,Insider Threat,0.0001
SES-004646,Normal,Normal,0.9967,1,Normal,0.9967,Privilege Escalation,0.0015,Malware Execution,0.0005
SES-003961,Normal,Normal,0.9981,1,Normal,0.9981,USB Data Theft,0.0007,Brute Force,0.0002
SES-005436,Normal,Normal,0.9998,1,Normal,0.9998,USB Data Theft,0.0,Device Spoofing,0.0
SES-010338,Normal,Normal,0.9948,1,Normal,0.9948,USB Data Theft,0.0035,Privilege Escalation,0.0002
SES-012805,Normal,Normal,0.924,1,Normal,0.924,Privilege Escalation,0.0449,Malware Execution,0.0158
SES-006568,Normal,Normal,0.9987,1,Normal,0.9987,Brute Force,0.0001,Malware Execution,0.0001
SES-005859,Suspicious PowerShell,Suspicious PowerShell,0.9973,1,Suspicious PowerShell,0.9973,Normal,0.0022,Insider Drift,0.0002
SES-000882,Normal,Normal,0.9144,1,Normal,0.9144,Privilege Escalation,0.0291,Malware Execution,0.0182
SES-000044,Normal,Normal,0.9938,1,Normal,0.9938,Insider Threat,0.005,Lateral Movement,0.0003
SES-002099,Normal,Normal,0.9341,1,Normal,0.9341,Malware Execution,0.0318,Privilege Escalation,0.02
SES-011084,Normal,Normal,0.9986,1,Normal,0.9986,Privilege Escalation,0.0004,Suspicious PowerShell,0.0001
SES-005213,Normal,Normal,0.9994,1,Normal,0.9994,Device Spoofing,0.0001,Impossible Travel,0.0001
SES-011441,Normal,Normal,0.9911,1,Normal,0.9911,Device Spoofing,0.0038,Credential Stuffing,0.0007
SES-008648,Normal,Device Spoofing,0.4558,0,Device Spoofing,0.4558,Normal,0.4173,USB Data Theft,0.0947
SES-003667,Normal,Normal,0.9932,1,Normal,0.9932,Insider Threat,0.0031,Device Spoofing,0.0011
SES-005620,Brute Force,Brute Force,0.6315,1,Brute Force,0.6315,Credential Stuffing,0.3338,Device Spoofing,0.0117
SES-001044,Normal,Normal,0.9956,1,Normal,0.9956,USB Data Theft,0.0006,Device Spoofing,0.0005
SES-000372,Normal,Normal,0.9993,1,Normal,0.9993,USB Data Theft,0.0001,Device Spoofing,0.0001
SES-006846,Normal,Normal,0.8301,1,Normal,0.8301,Malware Execution,0.0918,Privilege Escalation,0.0518
SES-010790,Normal,Normal,0.9936,1,Normal,0.9936,Lateral Movement,0.0049,Malware Execution,0.0002
SES-007946,Normal,Normal,0.9988,1,Normal,0.9988,Privilege Escalation,0.0002,Malware Execution,0.0001
SES-002872,Normal,Normal,0.5578,1,Normal,0.5578,USB Data Theft,0.1108,Insider Threat,0.0597
SES-011185,Normal,Normal,0.9839,1,Normal,0.9839,Device Spoofing,0.0069,Off-hours Access,0.0029
SES-008896,Normal,Normal,0.5762,1,Normal,0.5762,Malware Execution,0.2469,Insider Threat,0.1015
SES-003991,Normal,Normal,0.9988,1,Normal,0.9988,USB Data Theft,0.0001,Brute Force,0.0001
SES-007586,Normal,Normal,0.9788,1,Normal,0.9788,Insider Threat,0.0033,Privilege Escalation,0.003
SES-013000,Normal,Normal,0.9866,1,Normal,0.9866,Malware Execution,0.0037,Low-and-Slow Exfiltration,0.0032
SES-005696,Normal,Normal,0.9987,1,Normal,0.9987,USB Data Theft,0.0004,Device Spoofing,0.0002
SES-011914,Malware Execution,Malware Execution,0.9921,1,Malware Execution,0.9921,Normal,0.0047,Privilege Escalation,0.0021
SES-011035,Normal,Normal,0.999,1,Normal,0.999,Device Spoofing,0.0001,Impossible Travel,0.0001
SES-006949,Impossible Travel,Impossible Travel,0.9981,1,Impossible Travel,0.9981,Normal,0.0018,USB Data Theft,0.0
SES-003220,Normal,Normal,0.9752,1,Normal,0.9752,USB Data Theft,0.0059,Insider Threat,0.0041
SES-008527,Normal,Normal,0.9991,1,Normal,0.9991,Device Spoofing,0.0002,USB Data Theft,0.0001
SES-003945,Normal,Normal,0.9985,1,Normal,0.9985,Impossible Travel,0.0004,USB Data Theft,0.0002
SES-008944,Normal,Normal,0.9993,1,Normal,0.9993,Device Spoofing,0.0001,Brute Force,0.0001
SES-002983,Normal,Normal,0.9871,1,Normal,0.9871,Malware Execution,0.01,Privilege Escalation,0.0007
SES-002112,Normal,Normal,0.9985,1,Normal,0.9985,Privilege Escalation,0.0005,Malware Execution,0.0004
SES-003504,Normal,Normal,0.9967,1,Normal,0.9967,Device Spoofing,0.0008,USB Data Theft,0.0006
SES-000063,Normal,Normal,0.9992,1,Normal,0.9992,Device Spoofing,0.0002,Impossible Travel,0.0001
SES-005058,Normal,Normal,0.9986,1,Normal,0.9986,Impossible Travel,0.0002,Device Spoofing,0.0002
SES-012912,Off-hours Access,Off-hours Access,0.985,1,Off-hours Access,0.985,Normal,0.0101,Privilege Escalation,0.0026
SES-009559,Normal,Normal,0.9281,1,Normal,0.9281,Insider Threat,0.0227,USB Data Theft,0.014
SES-010664,Normal,Normal,0.9972,1,Normal,0.9972,Brute Force,0.0007,Impossible Travel,0.0002
SES-008629,Normal,Normal,0.6158,1,Normal,0.6158,Insider Drift,0.3659,Lateral Movement,0.0151
SES-011073,Normal,Normal,0.9985,1,Normal,0.9985,Device Spoofing,0.0003,Insider Drift,0.0002
SES-011433,Normal,Normal,0.9299,1,Normal,0.9299,Privilege Escalation,0.0344,Low-and-Slow Exfiltration,0.0141
SES-004908,Normal,Normal,0.998,1,Normal,0.998,Privilege Escalation,0.0005,Malware Execution,0.0004
SES-002158,Normal,USB Data Theft,0.7239,0,USB Data Theft,0.7239,Normal,0.2642,Insider Threat,0.0016
SES-005852,Normal,Normal,0.9938,1,Normal,0.9938,Device Spoofing,0.0047,Impossible Travel,0.0002
SES-007216,Normal,Normal,0.9989,1,Normal,0.9989,Impossible Travel,0.0002,Brute Force,0.0001
SES-004695,Normal,Normal,0.9734,1,Normal,0.9734,Device Spoofing,0.0054,USB Data Theft,0.0033
SES-002175,Normal,Normal,0.999,1,Normal,0.999,Impossible Travel,0.0002,USB Data Theft,0.0001
SES-000311,Normal,Normal,0.9494,1,Normal,0.9494,Insider Threat,0.0203,Device Spoofing,0.0091
SES-000462,Privilege Escalation,Privilege Escalation,0.8899,1,Privilege Escalation,0.8899,Normal,0.0823,Malware Execution,0.0125
SES-003840,Normal,Normal,0.9988,1,Normal,0.9988,USB Data Theft,0.0004,Impossible Travel,0.0001
SES-005658,Normal,Normal,0.9996,1,Normal,0.9996,Device Spoofing,0.0001,Impossible Travel,0.0
SES-001048,Normal,Normal,0.9974,1,Normal,0.9974,Credential Stuffing,0.0003,USB Data Theft,0.0003
SES-000569,Normal,Normal,0.9819,1,Normal,0.9819,Device Spoofing,0.0084,USB Data Theft,0.0034
SES-001436,Normal,Normal,0.9893,1,Normal,0.9893,Device Spoofing,0.0023,Impossible Travel,0.0009
SES-003594,Off-hours Access,Off-hours Access,0.5803,1,Off-hours Access,0.5803,Normal,0.3984,Device Spoofing,0.0066
SES-009422,Normal,Normal,0.9977,1,Normal,0.9977,USB Data Theft,0.0012,Impossible Travel,0.0001
SES-011842,Data Exfiltration,Data Exfiltration,0.9976,1,Data Exfiltration,0.9976,Off-hours Access,0.0011,Low-and-Slow Exfiltration,0.0005
SES-003808,Normal,Device Spoofing,0.9626,0,Device Spoofing,0.9626,Normal,0.0357,Insider Drift,0.0002
SES-000853,Normal,Normal,0.9746,1,Normal,0.9746,Privilege Escalation,0.0113,Malware Execution,0.0053
SES-005119,Normal,Normal,0.7099,1,Normal,0.7099,USB Data Theft,0.1072,Low-and-Slow Exfiltration,0.1041
SES-010425,Normal,Normal,0.9994,1,Normal,0.9994,USB Data Theft,0.0001,Malware Execution,0.0001
SES-000624,Normal,Normal,0.9976,1,Normal,0.9976,USB Data Theft,0.0007,Impossible Travel,0.0002
SES-009165,Normal,Normal,0.9265,1,Normal,0.9265,USB Data Theft,0.0606,Insider Drift,0.0014
SES-007322,Normal,Normal,0.902,1,Normal,0.902,Device Spoofing,0.0851,USB Data Theft,0.0042
SES-003597,Normal,Normal,0.9957,1,Normal,0.9957,Lateral Movement,0.0016,Insider Threat,0.0013
SES-012340,Normal,Normal,0.9993,1,Normal,0.9993,Impossible Travel,0.0001,Data Exfiltration,0.0001
SES-008098,Normal,Normal,0.9618,1,Normal,0.9618,Insider Threat,0.0126,USB Data Theft,0.0074
SES-007696,Normal,Normal,0.9943,1,Normal,0.9943,USB Data Theft,0.0007,Impossible Travel,0.0006
SES-009912,Normal,Normal,0.9952,1,Normal,0.9952,Device Spoofing,0.0013,Impossible Travel,0.0004
SES-008851,Normal,Normal,0.9849,1,Normal,0.9849,Device Spoofing,0.0114,Impossible Travel,0.0007
SES-003069,Normal,Normal,0.9894,1,Normal,0.9894,Insider Threat,0.0015,Impossible Travel,0.0012
SES-005857,Normal,Normal,0.9119,1,Normal,0.9119,Device Spoofing,0.0855,USB Data Theft,0.0005
SES-001203,Normal,Normal,0.9966,1,Normal,0.9966,Insider Threat,0.0022,Impossible Travel,0.0001
SES-011428,Normal,Normal,0.9994,1,Normal,0.9994,Device Spoofing,0.0001,Impossible Travel,0.0001
SES-004992,Normal,Normal,0.9989,1,Normal,0.9989,Insider Threat,0.0001,Impossible Travel,0.0001
SES-002897,Normal,Normal,0.9733,1,Normal,0.9733,USB Data Theft,0.008,Insider Threat,0.0022
SES-008459,Normal,Normal,0.9971,1,Normal,0.9971,USB Data Theft,0.0005,Impossible Travel,0.0003
SES-011255,Normal,Normal,0.9969,1,Normal,0.9969,Device Spoofing,0.0008,USB Data Theft,0.0004
SES-009671,Normal,Normal,0.9481,1,Normal,0.9481,USB Data Theft,0.0392,Impossible Travel,0.0015
SES-009396,Normal,Normal,0.9995,1,Normal,0.9995,Malware Execution,0.0001,USB Data Theft,0.0001
SES-003395,Normal,Normal,0.9969,1,Normal,0.9969,Device Spoofing,0.0012,Credential Stuffing,0.0002
SES-004854,Normal,Normal,0.9976,1,Normal,0.9976,Privilege Escalation,0.0011,Malware Execution,0.0002
SES-002317,Normal,Normal,0.9169,1,Normal,0.9169,Insider Threat,0.0445,Privilege Escalation,0.0129
SES-009159,Normal,Normal,0.9976,1,Normal,0.9976,Device Spoofing,0.0005,USB Data Theft,0.0002
SES-005247,Normal,Normal,0.9927,1,Normal,0.9927,Off-hours Access,0.0022,Device Spoofing,0.0022
SES-012538,Normal,Normal,0.9765,1,Normal,0.9765,Device Spoofing,0.0041,Impossible Travel,0.002
SES-000256,Normal,Normal,0.9863,1,Normal,0.9863,Device Spoofing,0.0028,Insider Threat,0.0024
SES-012697,Normal,Normal,0.9961,1,Normal,0.9961,USB Data Theft,0.0013,Impossible Travel,0.0003
SES-007564,Normal,Normal,0.98,1,Normal,0.98,Malware Execution,0.0053,Privilege Escalation,0.0042
SES-001773,Normal,Normal,0.9991,1,Normal,0.9991,USB Data Theft,0.0002,Device Spoofing,0.0001
SES-012033,Normal,Normal,0.9262,1,Normal,0.9262,Malware Execution,0.0588,Privilege Escalation,0.0038
SES-009794,Normal,Normal,0.9983,1,Normal,0.9983,Privilege Escalation,0.0005,Malware Execution,0.0004
SES-012473,Normal,Normal,0.9964,1,Normal,0.9964,Malware Execution,0.001,Impossible Travel,0.0005
SES-011207,Normal,Normal,0.8886,1,Normal,0.8886,USB Data Theft,0.0628,Device Spoofing,0.0055
SES-000500,Normal,Normal,0.9981,1,Normal,0.9981,Device Spoofing,0.0004,Impossible Travel,0.0002
SES-003585,Normal,Normal,0.9917,1,Normal,0.9917,USB Data Theft,0.0018,Insider Threat,0.0009
SES-006495,Normal,Normal,0.9851,1,Normal,0.9851,Off-hours Access,0.0041,Device Spoofing,0.002
SES-008287,Normal,Normal,0.8999,1,Normal,0.8999,Lateral Movement,0.0317,Insider Drift,0.0153
SES-011772,Normal,Normal,0.9905,1,Normal,0.9905,Off-hours Access,0.0046,Device Spoofing,0.0019
SES-000325,Brute Force,Brute Force,0.4992,1,Brute Force,0.4992,Lateral Movement,0.3893,Credential Stuffing,0.0971
SES-012475,Normal,Normal,0.9807,1,Normal,0.9807,Low-and-Slow Exfiltration,0.0079,Privilege Escalation,0.0025
SES-003834,Insider Threat,Normal,0.7948,0,Normal,0.7948,Insider Threat,0.1429,USB Data Theft,0.019
SES-009175,Beaconing C2,Beaconing C2,0.9988,1,Beaconing C2,0.9988,Normal,0.0005,Insider Threat,0.0002
SES-007254,Normal,Normal,0.997,1,Normal,0.997,USB Data Theft,0.0005,Impossible Travel,0.0003
SES-005211,Normal,Normal,0.952,1,Normal,0.952,Insider Threat,0.0192,USB Data Theft,0.0162
SES-000795,Normal,Normal,0.7636,1,Normal,0.7636,USB Data Theft,0.1042,Insider Threat,0.0171
SES-004060,Normal,Normal,0.9992,1,Normal,0.9992,Privilege Escalation,0.0003,Device Spoofing,0.0001
SES-011297,Normal,Normal,0.9539,1,Normal,0.9539,USB Data Theft,0.0135,Insider Threat,0.0066
SES-008626,Normal,Normal,0.9793,1,Normal,0.9793,Device Spoofing,0.018,USB Data Theft,0.0004
SES-012559,Off-hours Access,Off-hours Access,0.9966,1,Off-hours Access,0.9966,Insider Threat,0.0028,Normal,0.0005
SES-012201,Normal,Normal,0.9984,1,Normal,0.9984,USB Data Theft,0.0004,Impossible Travel,0.0001
SES-000576,Normal,Normal,0.9981,1,Normal,0.9981,USB Data Theft,0.0002,Impossible Travel,0.0002
SES-011956,Normal,Normal,0.9897,1,Normal,0.9897,Device Spoofing,0.0035,Privilege Escalation,0.0021
SES-002561,Normal,Normal,0.9991,1,Normal,0.9991,USB Data Theft,0.0001,Insider Threat,0.0001
SES-012743,Normal,Normal,0.9689,1,Normal,0.9689,Malware Execution,0.0107,Privilege Escalation,0.005
SES-006743,Brute Force,Credential Stuffing,0.9229,0,Credential Stuffing,0.9229,Brute Force,0.0762,Normal,0.0004
SES-003291,Normal,Normal,0.9984,1,Normal,0.9984,USB Data Theft,0.0005,Impossible Travel,0.0001
SES-009240,Normal,Normal,0.9711,1,Normal,0.9711,Insider Threat,0.0234,USB Data Theft,0.0019
SES-002946,Normal,Normal,0.9972,1,Normal,0.9972,Device Spoofing,0.0013,Brute Force,0.0003
SES-007769,Normal,Normal,0.9341,1,Normal,0.9341,USB Data Theft,0.043,Insider Threat,0.0037
SES-010827,Credential Stuffing,Brute Force,0.6116,0,Brute Force,0.6116,Privilege Escalation,0.3112,Credential Stuffing,0.0437
SES-001663,Normal,Normal,0.9974,1,Normal,0.9974,Device Spoofing,0.0015,Impossible Travel,0.0001
SES-000686,Normal,Lateral Movement,0.6425,0,Lateral Movement,0.6425,Normal,0.3486,Device Spoofing,0.0017
SES-002357,Normal,Normal,0.9961,1,Normal,0.9961,Device Spoofing,0.0008,USB Data Theft,0.0006
SES-007602,Normal,Normal,0.9968,1,Normal,0.9968,Off-hours Access,0.0009,Device Spoofing,0.0006
SES-012290,Normal,Normal,0.9097,1,Normal,0.9097,USB Data Theft,0.0769,Privilege Escalation,0.0021
SES-011483,Normal,Normal,0.6779,1,Normal,0.6779,Malware Execution,0.2612,Privilege Escalation,0.0409
SES-005265,Normal,Normal,0.9937,1,Normal,0.9937,USB Data Theft,0.0008,Device Spoofing,0.0007
SES-005777,Normal,Normal,0.9953,1,Normal,0.9953,Privilege Escalation,0.0024,Malware Execution,0.0005
SES-008308,Normal,Normal,0.9984,1,Normal,0.9984,Privilege Escalation,0.0003,Device Spoofing,0.0002
SES-003452,Normal,Normal,0.9694,1,Normal,0.9694,Insider Threat,0.0121,USB Data Theft,0.0075
SES-011342,USB Data Theft,Normal,0.9267,0,Normal,0.9267,USB Data Theft,0.0246,Insider Threat,0.0059
SES-006024,Normal,Normal,0.999,1,Normal,0.999,Device Spoofing,0.0003,Impossible Travel,0.0001
SES-001158,Normal,Normal,0.9942,1,Normal,0.9942,Off-hours Access,0.0017,Device Spoofing,0.001
SES-001138,Normal,Normal,0.8908,1,Normal,0.8908,Malware Execution,0.0779,Device Spoofing,0.0102
SES-007609,Normal,Normal,0.9882,1,Normal,0.9882,Off-hours Access,0.003,Device Spoofing,0.0029
SES-000100,Normal,Normal,0.9934,1,Normal,0.9934,Device Spoofing,0.0033,Impossible Travel,0.0004
SES-008397,Normal,Normal,0.9277,1,Normal,0.9277,USB Data Theft,0.0358,Insider Threat,0.0043
SES-005014,Normal,Normal,0.9034,1,Normal,0.9034,Malware Execution,0.0396,Privilege Escalation,0.0264
SES-001049,Normal,Normal,0.6967,1,Normal,0.6967,Lateral Movement,0.0991,Malware Execution,0.0852
SES-008488,Normal,Normal,0.7145,1,Normal,0.7145,Device Spoofing,0.278,Impossible Travel,0.001
SES-004967,Normal,Normal,0.9978,1,Normal,0.9978,USB Data Theft,0.0008,Malware Execution,0.0002
SES-006384,Normal,Normal,0.9913,1,Normal,0.9913,USB Data Theft,0.0025,Impossible Travel,0.0008
SES-012814,Normal,Normal,0.9858,1,Normal,0.9858,USB Data Theft,0.0072,Credential Stuffing,0.0011
SES-012018,Normal,Normal,0.9992,1,Normal,0.9992,Malware Execution,0.0003,Insider Drift,0.0002
SES-005896,Normal,Normal,0.979,1,Normal,0.979,Off-hours Access,0.008,Device Spoofing,0.0063
SES-011351,Normal,Normal,0.7885,1,Normal,0.7885,USB Data Theft,0.0458,Insider Threat,0.0296
SES-003577,Privilege Escalation,Normal,0.7742,0,Normal,0.7742,Malware Execution,0.1427,Privilege Escalation,0.0378
SES-010152,Normal,Normal,0.7106,1,Normal,0.7106,USB Data Theft,0.1841,Privilege Escalation,0.0566
SES-012026,Impossible Travel,Impossible Travel,0.9983,1,Impossible Travel,0.9983,Normal,0.0012,Insider Threat,0.0003
SES-002136,Normal,Normal,0.9989,1,Normal,0.9989,Device Spoofing,0.0002,Impossible Travel,0.0001
SES-012159,Suspicious PowerShell,Suspicious PowerShell,0.9973,1,Suspicious PowerShell,0.9973,Normal,0.0022,Malware Execution,0.0003
SES-007988,Normal,Normal,0.9767,1,Normal,0.9767,Device Spoofing,0.0219,Impossible Travel,0.0002
SES-007766,Normal,Normal,0.8858,1,Normal,0.8858,USB Data Theft,0.0712,Insider Threat,0.0324
SES-008914,Normal,Normal,0.9103,1,Normal,0.9103,Lateral Movement,0.0651,Malware Execution,0.0144
SES-007036,Normal,Normal,0.997,1,Normal,0.997,Device Spoofing,0.0007,Brute Force,0.0003
SES-006634,Normal,Normal,0.9655,1,Normal,0.9655,Insider Threat,0.0276,USB Data Theft,0.0022
SES-004051,Normal,Normal,0.9985,1,Normal,0.9985,Brute Force,0.0004,Device Spoofing,0.0002
SES-006937,Normal,Normal,0.9954,1,Normal,0.9954,Device Spoofing,0.0016,Insider Threat,0.0008
SES-006243,Normal,Normal,0.9687,1,Normal,0.9687,Device Spoofing,0.0156,USB Data Theft,0.0036
SES-002952,Normal,Normal,0.9133,1,Normal,0.9133,USB Data Theft,0.0569,Device Spoofing,0.005
SES-011149,Normal,Normal,0.9647,1,Normal,0.9647,Malware Execution,0.0151,Privilege Escalation,0.009
SES-008294,Normal,Normal,0.9979,1,Normal,0.9979,Malware Execution,0.0008,Impossible Travel,0.0003
SES-002745,Normal,Normal,0.8735,1,Normal,0.8735,Insider Drift,0.026,Brute Force,0.0155
SES-010886,Normal,Normal,0.9947,1,Normal,0.9947,Privilege Escalation,0.002,Lateral Movement,0.0009
SES-011588,Normal,Normal,0.9952,1,Normal,0.9952,USB Data Theft,0.0013,Device Spoofing,0.0004
SES-004237,Normal,Normal,0.8848,1,Normal,0.8848,Malware Execution,0.077,USB Data Theft,0.0242
SES-011338,Low-and-Slow Exfiltration,Low-and-Slow Exfiltration,0.9985,1,Low-and-Slow Exfiltration,0.9985,Lateral Movement,0.0007,Malware Execution,0.0002
SES-012864,Normal,Normal,0.9937,1,Normal,0.9937,Device Spoofing,0.0019,USB Data Theft,0.0008
SES-011518,Normal,Normal,0.8469,1,Normal,0.8469,Device Spoofing,0.1474,Brute Force,0.0007
SES-011865,Low-and-Slow Exfiltration,Low-and-Slow Exfiltration,0.9955,1,Low-and-Slow Exfiltration,0.9955,Privilege Escalation,0.0022,Device Spoofing,0.0008
SES-011596,Normal,Normal,0.9985,1,Normal,0.9985,Malware Execution,0.0005,Device Spoofing,0.0002
SES-011958,Normal,Normal,0.9694,1,Normal,0.9694,Device Spoofing,0.0225,Impossible Travel,0.0008
SES-008579,Normal,Normal,0.9912,1,Normal,0.9912,USB Data Theft,0.002,Impossible Travel,0.0011
SES-000307,Normal,Normal,0.9674,1,Normal,0.9674,Device Spoofing,0.0188,Impossible Travel,0.0024
SES-009582,Normal,Normal,0.9538,1,Normal,0.9538,Privilege Escalation,0.024,Malware Execution,0.0125
SES-012278,Normal,Normal,0.9616,1,Normal,0.9616,Insider Threat,0.0225,Insider Drift,0.0059
SES-002558,Normal,Normal,0.9965,1,Normal,0.9965,Device Spoofing,0.0011,Impossible Travel,0.0003
SES-005517,Normal,Normal,0.9357,1,Normal,0.9357,Privilege Escalation,0.0179,Malware Execution,0.0173
SES-007730,Normal,Normal,0.9974,1,Normal,0.9974,Low-and-Slow Exfiltration,0.0017,Privilege Escalation,0.0003
SES-003904,Normal,Device Spoofing,0.5485,0,Device Spoofing,0.5485,Normal,0.4334,Impossible Travel,0.0032
SES-001445,Normal,Normal,0.9913,1,Normal,0.9913,Malware Execution,0.0031,Privilege Escalation,0.0022
SES-007080,Normal,Normal,0.9993,1,Normal,0.9993,USB Data Theft,0.0001,Device Spoofing,0.0001
SES-007316,Normal,Normal,0.9965,1,Normal,0.9965,USB Data Theft,0.0015,Impossible Travel,0.0002
SES-012869,Data Exfiltration,Data Exfiltration,0.9916,1,Data Exfiltration,0.9916,USB Data Theft,0.0041,Insider Threat,0.0033
SES-005027,Normal,Normal,0.9973,1,Normal,0.9973,Malware Execution,0.0004,Device Spoofing,0.0004
SES-010798,Normal,Normal,0.9963,1,Normal,0.9963,Device Spoofing,0.0006,USB Data Theft,0.0004
SES-008306,Normal,Normal,0.9856,1,Normal,0.9856,USB Data Theft,0.0043,Device Spoofing,0.0017
SES-007835,Normal,Normal,0.9038,1,Normal,0.9038,USB Data Theft,0.0699,Insider Threat,0.004
SES-012365,Normal,Normal,0.9991,1,Normal,0.9991,Insider Threat,0.0001,Impossible Travel,0.0001
SES-012848,Normal,Normal,0.9742,1,Normal,0.9742,Device Spoofing,0.0239,Impossible Travel,0.0002
SES-010014,Normal,Normal,0.9958,1,Normal,0.9958,USB Data Theft,0.0011,Device Spoofing,0.0008
SES-004021,Normal,Normal,0.7679,1,Normal,0.7679,Insider Threat,0.2156,Insider Drift,0.0019
SES-004929,Normal,Normal,0.9972,1,Normal,0.9972,Device Spoofing,0.0009,Malware Execution,0.0004
SES-006392,Normal,Insider Drift,0.8202,0,Insider Drift,0.8202,Normal,0.1701,Lateral Movement,0.0033
SES-009543,Normal,Normal,0.9966,1,Normal,0.9966,Impossible Travel,0.0008,Device Spoofing,0.0004
SES-006828,Normal,Normal,0.989,1,Normal,0.989,Device Spoofing,0.0089,Malware Execution,0.0002
SES-009033,Normal,Normal,0.9949,1,Normal,0.9949,Low-and-Slow Exfiltration,0.0021,Impossible Travel,0.0004
SES-012696,Beaconing C2,Beaconing C2,0.999,1,Beaconing C2,0.999,Normal,0.0003,Malware Execution,0.0002
SES-004807,Normal,Normal,0.9825,1,Normal,0.9825,USB Data Theft,0.0038,Device Spoofing,0.0036
SES-002753,Normal,Normal,0.9986,1,Normal,0.9986,Device Spoofing,0.0002,Impossible Travel,0.0002
SES-002766,Normal,Normal,0.9603,1,Normal,0.9603,Privilege Escalation,0.0266,Malware Execution,0.0024
SES-001398,Normal,Normal,0.9912,1,Normal,0.9912,Device Spoofing,0.0022,USB Data Theft,0.0011
SES-010096,Normal,Normal,0.9399,1,Normal,0.9399,Insider Drift,0.0368,Lateral Movement,0.0132
SES-003766,Normal,Normal,0.9975,1,Normal,0.9975,Insider Threat,0.0006,Impossible Travel,0.0005
SES-001752,Normal,Normal,0.9801,1,Normal,0.9801,Device Spoofing,0.01,USB Data Theft,0.0026
SES-000179,Normal,Normal,0.982,1,Normal,0.982,Lateral Movement,0.0173,Malware Execution,0.0002
SES-006655,Normal,Normal,0.9989,1,Normal,0.9989,Privilege Escalation,0.0003,Impossible Travel,0.0002
SES-004813,Normal,Normal,0.9991,1,Normal,0.9991,Device Spoofing,0.0004,Insider Threat,0.0001
SES-005249,Normal,Normal,0.9909,1,Normal,0.9909,Off-hours Access,0.0046,Device Spoofing,0.0016
SES-002328,Normal,Normal,0.9986,1,Normal,0.9986,Device Spoofing,0.0002,USB Data Theft,0.0002
SES-004976,Normal,Normal,0.9975,1,Normal,0.9975,USB Data Theft,0.0007,Device Spoofing,0.0002
SES-000600,Normal,Off-hours Access,0.5258,0,Off-hours Access,0.5258,Normal,0.4645,Device Spoofing,0.0018
SES-002776,Normal,Normal,0.9944,1,Normal,0.9944,Device Spoofing,0.0014,USB Data Theft,0.0013
SES-006727,Normal,Normal,0.9707,1,Normal,0.9707,Insider Threat,0.026,Insider Drift,0.0005
SES-012855,Normal,Normal,0.9989,1,Normal,0.9989,USB Data Theft,0.0003,Impossible Travel,0.0002
SES-002493,Normal,Normal,0.999,1,Normal,0.999,Device Spoofing,0.0005,Suspicious PowerShell,0.0001
SES-006365,Insider Drift,Lateral Movement,0.9966,0,Lateral Movement,0.9966,Insider Drift,0.0016,Normal,0.0011
SES-008303,Normal,Normal,0.9993,1,Normal,0.9993,Device Spoofing,0.0002,Impossible Travel,0.0001
SES-010206,Normal,Normal,0.8608,1,Normal,0.8608,Privilege Escalation,0.0871,Malware Execution,0.0433
SES-002375,Normal,Normal,0.9982,1,Normal,0.9982,Device Spoofing,0.0003,Impossible Travel,0.0002
SES-004822,Normal,Normal,0.9976,1,Normal,0.9976,USB Data Theft,0.0007,Device Spoofing,0.0005
SES-000245,Data Exfiltration,Data Exfiltration,0.9993,1,Data Exfiltration,0.9993,Normal,0.0003,Low-and-Slow Exfiltration,0.0002
SES-007492,Normal,Normal,0.9995,1,Normal,0.9995,Device Spoofing,0.0002,Impossible Travel,0.0
SES-008821,Normal,Normal,0.984,1,Normal,0.984,Malware Execution,0.0097,Insider Threat,0.0026
SES-000248,Normal,Normal,0.993,1,Normal,0.993,Device Spoofing,0.002,Impossible Travel,0.0013
SES-008041,Normal,Normal,0.9987,1,Normal,0.9987,Device Spoofing,0.0003,USB Data Theft,0.0002
SES-002912,Normal,Normal,0.9985,1,Normal,0.9985,Insider Threat,0.0002,USB Data Theft,0.0002
SES-008430,Normal,Normal,0.9899,1,Normal,0.9899,Insider Threat,0.003,Device Spoofing,0.0026
SES-002825,Normal,Normal,0.9977,1,Normal,0.9977,Insider Threat,0.0012,Privilege Escalation,0.0004
SES-006050,Normal,Normal,0.9916,1,Normal,0.9916,Lateral Movement,0.0012,Insider Threat,0.0009
SES-003682,Normal,Normal,0.9876,1,Normal,0.9876,USB Data Theft,0.0043,Insider Threat,0.0011
SES-008183,Normal,Normal,0.9985,1,Normal,0.9985,Device Spoofing,0.0005,Privilege Escalation,0.0002
SES-007824,Normal,Normal,0.9986,1,Normal,0.9986,Privilege Escalation,0.0005,USB Data Theft,0.0002
SES-006524,Normal,Normal,0.9846,1,Normal,0.9846,USB Data Theft,0.0038,Impossible Travel,0.0018
SES-010334,Normal,Normal,0.9958,1,Normal,0.9958,USB Data Theft,0.0013,Lateral Movement,0.0005
SES-004688,Normal,Normal,0.9844,1,Normal,0.9844,Off-hours Access,0.0065,Device Spoofing,0.0043
SES-003624,Normal,Normal,0.986,1,Normal,0.986,USB Data Theft,0.0029,Insider Threat,0.0013
SES-007005,Normal,Normal,0.9979,1,Normal,0.9979,Credential Stuffing,0.0003,Device Spoofing,0.0002
SES-000851,Normal,Normal,0.9993,1,Normal,0.9993,Device Spoofing,0.0001,USB Data Theft,0.0001
SES-011937,Normal,Normal,0.9968,1,Normal,0.9968,USB Data Theft,0.0015,Privilege Escalation,0.0003
SES-010457,Normal,Normal,0.9998,1,Normal,0.9998,Device Spoofing,0.0,USB Data Theft,0.0
SES-011687,Normal,Normal,0.9956,1,Normal,0.9956,Impossible Travel,0.001,USB Data Theft,0.0005
SES-009387,Normal,Normal,0.9475,1,Normal,0.9475,USB Data Theft,0.0109,Insider Threat,0.0066
SES-009371,Normal,Normal,0.9985,1,Normal,0.9985,USB Data Theft,0.0003,Impossible Travel,0.0001
SES-000779,Normal,Normal,0.9336,1,Normal,0.9336,Device Spoofing,0.0574,Insider Threat,0.0014
SES-010522,Normal,Normal,0.9597,1,Normal,0.9597,USB Data Theft,0.0284,Impossible Travel,0.0016
SES-011819,Normal,Normal,0.9641,1,Normal,0.9641,Device Spoofing,0.0336,Impossible Travel,0.0003
SES-009858,Normal,Normal,0.8376,1,Normal,0.8376,USB Data Theft,0.1176,Insider Threat,0.0054
SES-009710,Normal,Normal,0.9995,1,Normal,0.9995,USB Data Theft,0.0001,Impossible Travel,0.0001
SES-008072,Normal,Normal,0.982,1,Normal,0.982,Device Spoofing,0.0131,USB Data Theft,0.0012
SES-002859,Normal,Normal,0.9962,1,Normal,0.9962,Insider Drift,0.0009,Privilege Escalation,0.0006
SES-001832,Normal,Normal,0.9992,1,Normal,0.9992,Device Spoofing,0.0001,Privilege Escalation,0.0001
SES-000841,Normal,Normal,0.7359,1,Normal,0.7359,Privilege Escalation,0.2223,Malware Execution,0.0178
SES-007803,Normal,Normal,0.9545,1,Normal,0.9545,Device Spoofing,0.0245,USB Data Theft,0.0057
SES-011044,Normal,Normal,0.9993,1,Normal,0.9993,Device Spoofing,0.0002,Impossible Travel,0.0001
SES-010744,Normal,Normal,0.9982,1,Normal,0.9982,Device Spoofing,0.0003,Brute Force,0.0002
SES-011131,Normal,Normal,0.9939,1,Normal,0.9939,Lateral Movement,0.0024,Device Spoofing,0.0008
SES-008165,Normal,Normal,0.9917,1,Normal,0.9917,USB Data Theft,0.0056,Impossible Travel,0.0003
SES-002329,Normal,Normal,0.997,1,Normal,0.997,Impossible Travel,0.0009,Device Spoofing,0.0002
SES-004564,Normal,Normal,0.9812,1,Normal,0.9812,Brute Force,0.0029,USB Data Theft,0.0021
SES-007120,Normal,Normal,0.9976,1,Normal,0.9976,Device Spoofing,0.0014,Privilege Escalation,0.0002
SES-005334,Normal,Normal,0.9982,1,Normal,0.9982,Impossible Travel,0.0005,Data Exfiltration,0.0001
SES-004718,Off-hours Access,Off-hours Access,0.9983,1,Off-hours Access,0.9983,Normal,0.0015,Malware Execution,0.0
SES-005264,Normal,Normal,0.999,1,Normal,0.999,USB Data Theft,0.0002,Impossible Travel,0.0001
SES-010482,Normal,Normal,0.997,1,Normal,0.997,Device Spoofing,0.0003,Privilege Escalation,0.0003
SES-005441,Normal,Normal,0.9067,1,Normal,0.9067,Privilege Escalation,0.0369,Malware Execution,0.0271
SES-002635,Normal,Normal,0.994,1,Normal,0.994,USB Data Theft,0.0016,Insider Threat,0.0006
SES-005307,Normal,Normal,0.998,1,Normal,0.998,Insider Threat,0.0005,Impossible Travel,0.0002
SES-011127,Normal,Normal,0.9979,1,Normal,0.9979,USB Data Theft,0.0011,Brute Force,0.0001
SES-000260,Normal,Normal,0.9742,1,Normal,0.9742,Device Spoofing,0.0125,Insider Threat,0.0062
SES-001668,Normal,Normal,0.9993,1,Normal,0.9993,USB Data Theft,0.0002,Credential Stuffing,0.0001
SES-010740,Normal,Normal,0.9985,1,Normal,0.9985,USB Data Theft,0.0003,Brute Force,0.0002
SES-005366,Normal,Normal,0.6057,1,Normal,0.6057,USB Data Theft,0.3772,Privilege Escalation,0.0022
SES-005907,Normal,Normal,0.8994,1,Normal,0.8994,USB Data Theft,0.0253,Impossible Travel,0.0105
SES-007551,Normal,Normal,0.5817,1,Normal,0.5817,Device Spoofing,0.393,Credential Stuffing,0.005
SES-011419,Normal,Normal,0.8354,1,Normal,0.8354,Device Spoofing,0.157,USB Data Theft,0.002
SES-005483,Normal,Normal,0.9994,1,Normal,0.9994,Impossible Travel,0.0001,Data Exfiltration,0.0001
SES-010328,Normal,Normal,0.9662,1,Normal,0.9662,Lateral Movement,0.0088,Insider Drift,0.0057
SES-002097,Normal,Normal,0.9992,1,Normal,0.9992,Privilege Escalation,0.0002,Malware Execution,0.0001
SES-003214,Normal,Normal,0.9943,1,Normal,0.9943,Device Spoofing,0.0029,USB Data Theft,0.0019
SES-009600,Normal,Normal,0.7644,1,Normal,0.7644,USB Data Theft,0.1505,Device Spoofing,0.0518
SES-011792,Normal,Normal,0.9974,1,Normal,0.9974,Device Spoofing,0.0004,Impossible Travel,0.0003
SES-007524,Normal,Normal,0.9905,1,Normal,0.9905,Impossible Travel,0.0019,Brute Force,0.001
SES-001079,Normal,Normal,0.7684,1,Normal,0.7684,Insider Drift,0.144,Privilege Escalation,0.0503
SES-002691,Normal,Normal,0.9942,1,Normal,0.9942,USB Data Theft,0.005,Impossible Travel,0.0001
SES-007585,Normal,Normal,0.9959,1,Normal,0.9959,Device Spoofing,0.0016,Privilege Escalation,0.0012
SES-000979,Normal,Normal,0.9523,1,Normal,0.9523,Device Spoofing,0.0362,USB Data Theft,0.0054
SES-001860,Normal,Normal,0.9974,1,Normal,0.9974,Device Spoofing,0.0004,Impossible Travel,0.0002
SES-008763,Normal,Normal,0.9904,1,Normal,0.9904,Privilege Escalation,0.0041,Malware Execution,0.001
SES-001103,Normal,Normal,0.9391,1,Normal,0.9391,Malware Execution,0.0196,Low-and-Slow Exfiltration,0.0164
SES-007624,Normal,Normal,0.9986,1,Normal,0.9986,Device Spoofing,0.0002,Lateral Movement,0.0002
SES-007396,Normal,Normal,0.9993,1,Normal,0.9993,Impossible Travel,0.0001,Data Exfiltration,0.0001
SES-003871,Normal,Normal,0.9884,1,Normal,0.9884,USB Data Theft,0.0052,Impossible Travel,0.0007
SES-008070,Normal,Normal,0.9995,1,Normal,0.9995,USB Data Theft,0.0001,Impossible Travel,0.0
SES-012279,Normal,Normal,0.9966,1,Normal,0.9966,Lateral Movement,0.0007,Insider Threat,0.0005
SES-001378,Normal,Normal,0.9977,1,Normal,0.9977,Device Spoofing,0.0007,Impossible Travel,0.0004
SES-011389,Normal,Device Spoofing,0.5647,0,Device Spoofing,0.5647,Normal,0.416,USB Data Theft,0.013
SES-006110,Normal,Normal,0.9955,1,Normal,0.9955,Privilege Escalation,0.002,Malware Execution,0.0015
SES-011108,Normal,Normal,0.9996,1,Normal,0.9996,Brute Force,0.0001,Impossible Travel,0.0
SES-009202,Normal,Normal,0.9545,1,Normal,0.9545,Device Spoofing,0.031,USB Data Theft,0.0029
SES-010760,Normal,Normal,0.9916,1,Normal,0.9916,Device Spoofing,0.0069,USB Data Theft,0.0002
SES-002969,Normal,Normal,0.9388,1,Normal,0.9388,Device Spoofing,0.0125,Insider Threat,0.0072
SES-004131,Normal,Normal,0.9993,1,Normal,0.9993,Impossible Travel,0.0001,Device Spoofing,0.0001
SES-001829,Normal,Normal,0.9874,1,Normal,0.9874,Privilege Escalation,0.0029,Malware Execution,0.0028
SES-004862,Normal,Normal,0.9808,1,Normal,0.9808,Insider Threat,0.0101,Lateral Movement,0.003
SES-009248,Normal,Normal,0.9848,1,Normal,0.9848,USB Data Theft,0.0028,Impossible Travel,0.0017
SES-001082,Normal,Normal,0.9599,1,Normal,0.9599,USB Data Theft,0.0186,Insider Threat,0.0057
SES-004587,Normal,Normal,0.9997,1,Normal,0.9997,Device Spoofing,0.0001,Brute Force,0.0
SES-009286,Normal,Normal,0.9982,1,Normal,0.9982,Device Spoofing,0.0004,Impossible Travel,0.0003
SES-009818,Normal,Normal,0.9981,1,Normal,0.9981,USB Data Theft,0.0006,Impossible Travel,0.0003
SES-007224,Normal,Normal,0.9718,1,Normal,0.9718,Device Spoofing,0.0095,USB Data Theft,0.0034
SES-002168,Normal,Normal,0.98,1,Normal,0.98,Malware Execution,0.0184,Privilege Escalation,0.0006
SES-001796,Normal,Normal,0.9988,1,Normal,0.9988,Lateral Movement,0.0005,Malware Execution,0.0003
SES-009856,Normal,Normal,0.978,1,Normal,0.978,USB Data Theft,0.0134,Insider Threat,0.0011
SES-007496,Normal,Normal,0.9945,1,Normal,0.9945,Lateral Movement,0.0017,Privilege Escalation,0.0016
SES-001517,Normal,Normal,0.9874,1,Normal,0.9874,USB Data Theft,0.0041,Impossible Travel,0.001
SES-007545,Low-and-Slow Exfiltration,Low-and-Slow Exfiltration,0.997,1,Low-and-Slow Exfiltration,0.997,Normal,0.0027,Impossible Travel,0.0
SES-008461,Normal,Normal,0.9984,1,Normal,0.9984,Device Spoofing,0.0005,Malware Execution,0.0003
SES-010703,Normal,Normal,0.9946,1,Normal,0.9946,Privilege Escalation,0.0046,Suspicious PowerShell,0.0001
SES-010599,Normal,Normal,0.9983,1,Normal,0.9983,Malware Execution,0.0013,Suspicious PowerShell,0.0001
SES-005070,Normal,Normal,0.9546,1,Normal,0.9546,USB Data Theft,0.0187,Insider Threat,0.0089
SES-000016,Normal,Normal,0.9837,1,Normal,0.9837,Off-hours Access,0.0085,Device Spoofing,0.0043
SES-009891,Normal,Normal,0.9302,1,Normal,0.9302,Privilege Escalation,0.0242,USB Data Theft,0.0115
SES-002971,Normal,Normal,0.9694,1,Normal,0.9694,USB Data Theft,0.0151,Device Spoofing,0.0032
SES-005403,Normal,Normal,0.857,1,Normal,0.857,Privilege Escalation,0.0755,Malware Execution,0.0253
SES-012973,Normal,Normal,0.999,1,Normal,0.999,USB Data Theft,0.0001,Impossible Travel,0.0001
SES-012028,Normal,Normal,0.9962,1,Normal,0.9962,Device Spoofing,0.0007,USB Data Theft,0.0006
SES-006281,Normal,Normal,0.9995,1,Normal,0.9995,Insider Threat,0.0002,Impossible Travel,0.0
SES-009629,Normal,Normal,0.9722,1,Normal,0.9722,Insider Threat,0.0028,Lateral Movement,0.0028
SES-004200,Normal,Normal,0.9904,1,Normal,0.9904,Privilege Escalation,0.0055,Device Spoofing,0.0012
SES-007364,Normal,Normal,0.9928,1,Normal,0.9928,USB Data Theft,0.0011,Device Spoofing,0.001
SES-002146,Normal,Normal,0.9956,1,Normal,0.9956,USB Data Theft,0.0026,Impossible Travel,0.0004
SES-007116,Normal,Normal,0.9988,1,Normal,0.9988,Insider Threat,0.0001,Impossible Travel,0.0001
SES-011176,Data Exfiltration,Data Exfiltration,0.9991,1,Data Exfiltration,0.9991,Normal,0.0003,Insider Threat,0.0003
SES-008315,Normal,Normal,0.6178,1,Normal,0.6178,Device Spoofing,0.3601,Insider Threat,0.0141
SES-010268,Normal,Normal,0.9954,1,Normal,0.9954,USB Data Theft,0.0015,Device Spoofing,0.0006
SES-004139,Normal,Normal,0.9114,1,Normal,0.9114,Privilege Escalation,0.0418,Malware Execution,0.0197
SES-009780,Normal,Normal,0.9245,1,Normal,0.9245,Malware Execution,0.0291,Privilege Escalation,0.0153
SES-000748,Normal,Normal,0.9968,1,Normal,0.9968,USB Data Theft,0.0011,Insider Threat,0.0011
SES-012312,Normal,Normal,0.9111,1,Normal,0.9111,Privilege Escalation,0.0191,USB Data Theft,0.0147
SES-011113,Normal,Normal,0.8833,1,Normal,0.8833,Privilege Escalation,0.0623,Malware Execution,0.0343
SES-000719,Normal,Normal,0.9972,1,Normal,0.9972,Device Spoofing,0.0007,USB Data Theft,0.0007
SES-012115,Normal,Normal,0.9988,1,Normal,0.9988,Lateral Movement,0.0002,USB Data Theft,0.0001
SES-007098,Normal,Normal,0.9996,1,Normal,0.9996,Credential Stuffing,0.0,Impossible Travel,0.0
SES-004553,Normal,Normal,0.9984,1,Normal,0.9984,Impossible Travel,0.0003,Device Spoofing,0.0002
SES-009137,USB Data Theft,Normal,0.8449,0,Normal,0.8449,USB Data Theft,0.0654,Malware Execution,0.0139
SES-009944,Normal,Normal,0.996,1,Normal,0.996,Privilege Escalation,0.0014,Insider Drift,0.0008
SES-011241,Normal,Normal,0.8507,1,Normal,0.8507,Malware Execution,0.1023,Privilege Escalation,0.0136
SES-011977,Normal,Normal,0.9884,1,Normal,0.9884,Device Spoofing,0.0071,USB Data Theft,0.0013
SES-012710,Normal,Normal,0.9996,1,Normal,0.9996,Device Spoofing,0.0002,Impossible Travel,0.0
SES-009873,Normal,Normal,0.9994,1,Normal,0.9994,Device Spoofing,0.0003,Impossible Travel,0.0
SES-011461,Normal,Normal,0.9955,1,Normal,0.9955,Privilege Escalation,0.0015,Impossible Travel,0.001
SES-010585,Normal,Normal,0.661,1,Normal,0.661,Privilege Escalation,0.1604,Insider Threat,0.1536
SES-011128,Normal,Normal,0.907,1,Normal,0.907,Malware Execution,0.0459,Privilege Escalation,0.032
SES-008225,Normal,Normal,0.9983,1,Normal,0.9983,Insider Threat,0.0008,Insider Drift,0.0003
SES-008643,Normal,Normal,0.9986,1,Normal,0.9986,Insider Threat,0.0005,USB Data Theft,0.0001
SES-004097,Normal,Normal,0.9541,1,Normal,0.9541,USB Data Theft,0.0257,Insider Threat,0.0025
SES-005102,Normal,Normal,0.9928,1,Normal,0.9928,USB Data Theft,0.0009,Insider Threat,0.0009
SES-004532,Normal,Normal,0.9048,1,Normal,0.9048,Malware Execution,0.0332,Privilege Escalation,0.0151
SES-000637,Brute Force,Credential Stuffing,0.9143,0,Credential Stuffing,0.9143,Brute Force,0.0845,Normal,0.0003
SES-004556,Normal,Normal,0.8293,1,Normal,0.8293,Insider Threat,0.0556,USB Data Theft,0.0235
SES-004534,Normal,Normal,0.9994,1,Normal,0.9994,USB Data Theft,0.0002,Device Spoofing,0.0001
SES-010249,Normal,Normal,0.8771,1,Normal,0.8771,Privilege Escalation,0.0892,Malware Execution,0.0108
SES-007537,Normal,Normal,0.9843,1,Normal,0.9843,USB Data Theft,0.006,Insider Threat,0.0013
SES-001367,Normal,Normal,0.981,1,Normal,0.981,Device Spoofing,0.017,USB Data Theft,0.0003
SES-002239,Normal,Normal,0.9988,1,Normal,0.9988,USB Data Theft,0.0007,Impossible Travel,0.0001
SES-005216,Normal,Normal,0.9992,1,Normal,0.9992,Impossible Travel,0.0002,Device Spoofing,0.0001
SES-009711,Normal,Normal,0.9927,1,Normal,0.9927,USB Data Theft,0.0011,Insider Threat,0.0009
SES-009867,Privilege Escalation,Malware Execution,0.424,0,Malware Execution,0.424,Privilege Escalation,0.3273,Normal,0.2192
SES-001604,Normal,Normal,0.9994,1,Normal,0.9994,USB Data Theft,0.0001,Device Spoofing,0.0001
SES-012078,Normal,Normal,0.9958,1,Normal,0.9958,Impossible Travel,0.0007,Device Spoofing,0.0006
SES-005218,Normal,Normal,0.9874,1,Normal,0.9874,Device Spoofing,0.0041,Malware Execution,0.0022
SES-003506,Normal,Normal,0.8803,1,Normal,0.8803,Malware Execution,0.0819,Privilege Escalation,0.0208
SES-007398,Normal,Normal,0.9984,1,Normal,0.9984,Insider Threat,0.0008,USB Data Theft,0.0003
SES-010340,Normal,Normal,0.9967,1,Normal,0.9967,USB Data Theft,0.0005,Device Spoofing,0.0004
SES-002395,Normal,Normal,0.9182,1,Normal,0.9182,Privilege Escalation,0.0352,Malware Execution,0.0172
SES-011628,Normal,Normal,0.9864,1,Normal,0.9864,Privilege Escalation,0.0058,Malware Execution,0.0014
SES-000162,Normal,Normal,0.9995,1,Normal,0.9995,Lateral Movement,0.0002,USB Data Theft,0.0
SES-005579,Normal,Normal,0.9809,1,Normal,0.9809,USB Data Theft,0.0119,Device Spoofing,0.0016
SES-001986,Normal,Normal,0.9704,1,Normal,0.9704,Privilege Escalation,0.0121,Malware Execution,0.0097
SES-004629,Normal,Normal,0.8789,1,Normal,0.8789,Device Spoofing,0.1166,Brute Force,0.0007
SES-009149,Normal,Normal,0.9794,1,Normal,0.9794,Malware Execution,0.0048,Privilege Escalation,0.0047
SES-012934,Normal,Normal,0.9198,1,Normal,0.9198,Device Spoofing,0.0729,Insider Threat,0.0016
SES-007712,Normal,Normal,0.9954,1,Normal,0.9954,Device Spoofing,0.0017,Insider Threat,0.0004
SES-007728,Normal,Normal,0.9992,1,Normal,0.9992,Device Spoofing,0.0002,Brute Force,0.0001
SES-007096,Normal,Normal,0.985,1,Normal,0.985,USB Data Theft,0.006,Impossible Travel,0.0011
SES-001036,Normal,Normal,0.9992,1,Normal,0.9992,Device Spoofing,0.0003,Privilege Escalation,0.0001
SES-011720,Normal,Normal,0.999,1,Normal,0.999,USB Data Theft,0.0002,Device Spoofing,0.0001
SES-005369,Normal,Normal,0.6232,1,Normal,0.6232,USB Data Theft,0.358,Insider Threat,0.0042
SES-010688,Normal,Normal,0.9976,1,Normal,0.9976,Device Spoofing,0.0003,Impossible Travel,0.0002
SES-008238,Normal,Normal,0.7299,1,Normal,0.7299,Device Spoofing,0.2578,Impossible Travel,0.0018
SES-003995,Normal,Normal,0.9957,1,Normal,0.9957,Malware Execution,0.0019,Privilege Escalation,0.0005
SES-002430,Insider Threat,Normal,0.8607,0,Normal,0.8607,Insider Threat,0.1233,Privilege Escalation,0.0103
SES-010317,Normal,Normal,0.9996,1,Normal,0.9996,USB Data Theft,0.0001,Device Spoofing,0.0
SES-012612,Normal,Normal,0.9989,1,Normal,0.9989,Malware Execution,0.0001,Suspicious PowerShell,0.0001
SES-001047,Normal,Normal,0.9367,1,Normal,0.9367,Malware Execution,0.0246,USB Data Theft,0.0081
SES-011288,Normal,Normal,0.9994,1,Normal,0.9994,Privilege Escalation,0.0002,Insider Threat,0.0001
SES-007445,Normal,Normal,0.9992,1,Normal,0.9992,Insider Threat,0.0002,USB Data Theft,0.0001
SES-007762,Normal,Normal,0.9908,1,Normal,0.9908,Device Spoofing,0.0013,Insider Threat,0.0011
SES-008175,Normal,Normal,0.9946,1,Normal,0.9946,Malware Execution,0.0031,Privilege Escalation,0.001
SES-000153,Normal,Normal,0.9831,1,Normal,0.9831,Device Spoofing,0.0104,Insider Threat,0.0007
SES-010176,Normal,Normal,0.8836,1,Normal,0.8836,Privilege Escalation,0.091,USB Data Theft,0.0039
SES-002078,Normal,Normal,0.9997,1,Normal,0.9997,Insider Threat,0.0001,Impossible Travel,0.0
SES-005222,Normal,Normal,0.9989,1,Normal,0.9989,Malware Execution,0.0003,Insider Threat,0.0001
SES-005940,Normal,Normal,0.9907,1,Normal,0.9907,Device Spoofing,0.0045,Impossible Travel,0.0008
SES-009406,Normal,Normal,0.9896,1,Normal,0.9896,Impossible Travel,0.0021,Brute Force,0.0016
SES-004954,Normal,Normal,0.9685,1,Normal,0.9685,Malware Execution,0.0117,Privilege Escalation,0.0092
SES-011756,Normal,Normal,0.996,1,Normal,0.996,USB Data Theft,0.0027,Device Spoofing,0.0004
SES-009786,Normal,Normal,0.9697,1,Normal,0.9697,Insider Threat,0.0103,USB Data Theft,0.0091
SES-001321,Normal,Normal,0.9976,1,Normal,0.9976,Device Spoofing,0.0003,USB Data Theft,0.0003
SES-010322,Normal,Normal,0.9915,1,Normal,0.9915,Malware Execution,0.0033,Privilege Escalation,0.0029
SES-003864,Normal,Normal,0.8926,1,Normal,0.8926,Insider Threat,0.0464,USB Data Theft,0.0361
SES-006146,Normal,Normal,0.9991,1,Normal,0.9991,Insider Threat,0.0002,Device Spoofing,0.0001
SES-005813,Normal,Normal,0.9986,1,Normal,0.9986,Device Spoofing,0.0003,Credential Stuffing,0.0002
SES-012971,Normal,Normal,0.943,1,Normal,0.943,Malware Execution,0.0496,Device Spoofing,0.0021
SES-010663,Normal,Normal,0.9962,1,Normal,0.9962,Insider Threat,0.0006,Privilege Escalation,0.0005
SES-012853,Normal,Normal,0.9972,1,Normal,0.9972,USB Data Theft,0.0012,Impossible Travel,0.0002
SES-012969,Normal,Normal,0.9776,1,Normal,0.9776,USB Data Theft,0.0193,Impossible Travel,0.0004
SES-002681,Normal,Normal,0.9813,1,Normal,0.9813,Malware Execution,0.0034,Insider Drift,0.0024
SES-001248,Normal,Normal,0.9112,1,Normal,0.9112,USB Data Theft,0.0222,Insider Threat,0.0102
SES-002808,Normal,Normal,0.9987,1,Normal,0.9987,Device Spoofing,0.0002,Impossible Travel,0.0001
SES-004943,Normal,Normal,0.9674,1,Normal,0.9674,Insider Drift,0.014,USB Data Theft,0.0048
SES-008723,Normal,Normal,0.9952,1,Normal,0.9952,Device Spoofing,0.002,Privilege Escalation,0.0009
SES-003298,Normal,Normal,0.9903,1,Normal,0.9903,USB Data Theft,0.0034,Insider Threat,0.0013
SES-009752,Normal,Normal,0.9339,1,Normal,0.9339,Device Spoofing,0.0375,USB Data Theft,0.0107
SES-002678,Normal,Normal,0.9926,1,Normal,0.9926,Insider Threat,0.0027,Lateral Movement,0.0014
SES-001989,Normal,Normal,0.9981,1,Normal,0.9981,Device Spoofing,0.0004,USB Data Theft,0.0002
SES-008445,Normal,Normal,0.9994,1,Normal,0.9994,Brute Force,0.0001,Device Spoofing,0.0001
SES-008546,Normal,Normal,0.9163,1,Normal,0.9163,Lateral Movement,0.0531,Insider Threat,0.0184
SES-005245,Normal,Normal,0.9592,1,Normal,0.9592,Insider Threat,0.0087,Off-hours Access,0.0078
SES-009151,Normal,Normal,0.9841,1,Normal,0.9841,Device Spoofing,0.0046,Insider Threat,0.0018
SES-003088,Privilege Escalation,Privilege Escalation,0.6506,1,Privilege Escalation,0.6506,Normal,0.2508,Insider Threat,0.0583
SES-004107,Normal,Normal,0.9556,1,Normal,0.9556,USB Data Theft,0.0151,Device Spoofing,0.006
SES-004225,Normal,Normal,0.5845,1,Normal,0.5845,Privilege Escalation,0.1999,Malware Execution,0.1366
SES-001886,Normal,Normal,0.9978,1,Normal,0.9978,Device Spoofing,0.0006,Brute Force,0.0003
SES-004569,Normal,Normal,0.9992,1,Normal,0.9992,USB Data Theft,0.0003,Brute Force,0.0001
SES-008937,Normal,Normal,0.9985,1,Normal,0.9985,Device Spoofing,0.0002,Credential Stuffing,0.0002
SES-011343,Normal,Normal,0.9989,1,Normal,0.9989,Insider Threat,0.0007,Impossible Travel,0.0
SES-003797,Normal,Normal,0.9992,1,Normal,0.9992,Device Spoofing,0.0002,Impossible Travel,0.0001
SES-006811,Normal,Normal,0.999,1,Normal,0.999,Insider Threat,0.0001,Privilege Escalation,0.0001
SES-003280,Normal,Normal,0.9771,1,Normal,0.9771,Device Spoofing,0.0187,Impossible Travel,0.0006
SES-001917,Normal,Normal,0.9698,1,Normal,0.9698,Device Spoofing,0.0284,Impossible Travel,0.0002
SES-004566,Normal,Normal,0.9891,1,Normal,0.9891,USB Data Theft,0.0064,Insider Threat,0.0007
SES-010957,Lateral Movement,Lateral Movement,0.9917,1,Lateral Movement,0.9917,Insider Drift,0.0073,Normal,0.0005
SES-011725,Privilege Escalation,Malware Execution,0.9659,0,Malware Execution,0.9659,Privilege Escalation,0.0246,Normal,0.0081
SES-011053,Normal,Normal,0.9863,1,Normal,0.9863,Device Spoofing,0.0116,Impossible Travel,0.0003
SES-000903,Normal,Normal,0.813,1,Normal,0.813,Insider Threat,0.1389,Malware Execution,0.0244
SES-009265,Normal,Normal,0.9982,1,Normal,0.9982,USB Data Theft,0.0003,Device Spoofing,0.0003
SES-009374,Normal,Normal,0.9914,1,Normal,0.9914,Privilege Escalation,0.0032,Malware Execution,0.0006
SES-000234,Normal,Normal,0.8452,1,Normal,0.8452,Device Spoofing,0.0541,Low-and-Slow Exfiltration,0.0373
SES-001056,Normal,Normal,0.9989,1,Normal,0.9989,Insider Threat,0.0003,Privilege Escalation,0.0001
SES-007401,Normal,Normal,0.9979,1,Normal,0.9979,Malware Execution,0.001,Privilege Escalation,0.0003
SES-000572,Normal,Normal,0.9985,1,Normal,0.9985,Device Spoofing,0.0004,USB Data Theft,0.0002
SES-010483,Normal,Normal,0.9983,1,Normal,0.9983,Insider Threat,0.0008,Device Spoofing,0.0002
SES-000193,Data Exfiltration,Data Exfiltration,0.9982,1,Data Exfiltration,0.9982,Normal,0.0012,Privilege Escalation,0.0002
SES-007792,Normal,Normal,0.9986,1,Normal,0.9986,Device Spoofing,0.0004,Impossible Travel,0.0001
SES-001641,Normal,Normal,0.8892,1,Normal,0.8892,Insider Threat,0.0655,USB Data Theft,0.0078
SES-010952,Normal,Normal,0.8273,1,Normal,0.8273,Device Spoofing,0.162,USB Data Theft,0.0028
SES-007332,Suspicious PowerShell,Suspicious PowerShell,0.9966,1,Suspicious PowerShell,0.9966,Normal,0.003,Privilege Escalation,0.0001
SES-003520,Normal,Normal,0.9982,1,Normal,0.9982,USB Data Theft,0.0002,Impossible Travel,0.0002
SES-012227,Normal,Normal,0.9755,1,Normal,0.9755,Privilege Escalation,0.0085,Malware Execution,0.0076
SES-001788,Normal,Normal,0.999,1,Normal,0.999,Insider Threat,0.0004,Impossible Travel,0.0001
SES-006020,Normal,Normal,0.9991,1,Normal,0.9991,Device Spoofing,0.0003,Impossible Travel,0.0001
SES-004724,Normal,Normal,0.9972,1,Normal,0.9972,Impossible Travel,0.0003,Lateral Movement,0.0003
SES-002637,Normal,Normal,0.9842,1,Normal,0.9842,USB Data Theft,0.0092,Impossible Travel,0.0008
SES-006993,Normal,Normal,0.9992,1,Normal,0.9992,Device Spoofing,0.0001,Credential Stuffing,0.0001
SES-007218,Normal,Normal,0.5286,1,Normal,0.5286,Insider Threat,0.2103,USB Data Theft,0.1764
SES-012228,Normal,Normal,0.9944,1,Normal,0.9944,Privilege Escalation,0.0025,Impossible Travel,0.0009
SES-007357,Normal,Normal,0.9837,1,Normal,0.9837,USB Data Theft,0.0081,Device Spoofing,0.0014
SES-011200,Normal,Normal,0.9809,1,Normal,0.9809,Off-hours Access,0.0062,Lateral Movement,0.0031
SES-008897,Normal,Normal,0.9881,1,Normal,0.9881,Device Spoofing,0.0081,Malware Execution,0.0004
SES-003497,Normal,Normal,0.9989,1,Normal,0.9989,Impossible Travel,0.0003,Device Spoofing,0.0002
SES-004615,Normal,Normal,0.9915,1,Normal,0.9915,Device Spoofing,0.0075,Privilege Escalation,0.0002
SES-007510,Normal,Normal,0.9985,1,Normal,0.9985,Device Spoofing,0.0002,Impossible Travel,0.0002
SES-009857,Normal,Normal,0.9192,1,Normal,0.9192,Device Spoofing,0.0777,Insider Drift,0.0004
SES-004150,Normal,Normal,0.9992,1,Normal,0.9992,Device Spoofing,0.0002,Impossible Travel,0.0001
SES-011249,Normal,Normal,0.98,1,Normal,0.98,Device Spoofing,0.0075,USB Data Theft,0.0052
SES-000138,Normal,Normal,0.9744,1,Normal,0.9744,Device Spoofing,0.0069,USB Data Theft,0.0062
SES-002248,Normal,Normal,0.9989,1,Normal,0.9989,Malware Execution,0.0004,Suspicious PowerShell,0.0001
SES-004373,Normal,Normal,0.854,1,Normal,0.854,Privilege Escalation,0.0411,Malware Execution,0.0306
SES-002234,Normal,Normal,0.9994,1,Normal,0.9994,Malware Execution,0.0002,Device Spoofing,0.0001
SES-008198,Impossible Travel,Impossible Travel,0.9986,1,Impossible Travel,0.9986,Normal,0.001,Off-hours Access,0.0002
SES-005323,Lateral Movement,Lateral Movement,0.9245,1,Lateral Movement,0.9245,Insider Drift,0.0351,Normal,0.0153
SES-005032,Normal,Normal,0.9979,1,Normal,0.9979,USB Data Theft,0.0012,Device Spoofing,0.0002
SES-004877,Normal,Normal,0.999,1,Normal,0.999,USB Data Theft,0.0002,Device Spoofing,0.0001
SES-005025,Malware Execution,Malware Execution,0.9343,1,Malware Execution,0.9343,Beaconing C2,0.0542,Privilege Escalation,0.0028
SES-011609,Normal,Normal,0.9986,1,Normal,0.9986,Device Spoofing,0.0003,Lateral Movement,0.0002
SES-001081,Normal,Normal,0.9986,1,Normal,0.9986,USB Data Theft,0.0002,Device Spoofing,0.0002
SES-002227,Brute Force,Brute Force,0.977,1,Brute Force,0.977,Insider Threat,0.0093,Credential Stuffing,0.0069
SES-006683,Data Exfiltration,Data Exfiltration,0.9982,1,Data Exfiltration,0.9982,Insider Threat,0.0014,Low-and-Slow Exfiltration,0.0002
SES-006070,Normal,Normal,0.9925,1,Normal,0.9925,Insider Threat,0.0009,Malware Execution,0.0008
SES-001010,Normal,Normal,0.9989,1,Normal,0.9989,Device Spoofing,0.0002,USB Data Theft,0.0002
SES-012163,Normal,Normal,0.9976,1,Normal,0.9976,Device Spoofing,0.0005,Impossible Travel,0.0004
SES-006774,Normal,Normal,0.9858,1,Normal,0.9858,Device Spoofing,0.0125,Impossible Travel,0.0002
SES-004957,Normal,Normal,0.9985,1,Normal,0.9985,USB Data Theft,0.0003,Impossible Travel,0.0002
SES-012646,Normal,Normal,0.999,1,Normal,0.999,USB Data Theft,0.0002,Insider Drift,0.0002
SES-010256,Normal,Normal,0.9951,1,Normal,0.9951,Device Spoofing,0.0016,USB Data Theft,0.0012
SES-011611,Normal,Normal,0.999,1,Normal,0.999,USB Data Theft,0.0004,Privilege Escalation,0.0001
SES-012461,Normal,Normal,0.8515,1,Normal,0.8515,Off-hours Access,0.1116,Device Spoofing,0.0108
SES-007654,Normal,Normal,0.9933,1,Normal,0.9933,Malware Execution,0.0016,Device Spoofing,0.001
SES-010754,Normal,Normal,0.6799,1,Normal,0.6799,Device Spoofing,0.2596,Privilege Escalation,0.022
SES-002106,Normal,Normal,0.9994,1,Normal,0.9994,USB Data Theft,0.0001,Impossible Travel,0.0001
SES-000532,Normal,Normal,0.9946,1,Normal,0.9946,Device Spoofing,0.0015,Malware Execution,0.0006
SES-001387,Normal,Normal,0.8454,1,Normal,0.8454,Malware Execution,0.0992,Privilege Escalation,0.0484
SES-012379,Normal,Normal,0.9992,1,Normal,0.9992,Device Spoofing,0.0003,USB Data Theft,0.0001
SES-009757,Normal,Normal,0.9847,1,Normal,0.9847,Device Spoofing,0.014,Impossible Travel,0.0002
SES-008560,Impossible Travel,Impossible Travel,0.9987,1,Impossible Travel,0.9987,Normal,0.0009,Insider Threat,0.0002
SES-008020,Normal,Normal,0.9991,1,Normal,0.9991,Impossible Travel,0.0001,Data Exfiltration,0.0001
SES-009819,Normal,Normal,0.9992,1,Normal,0.9992,Privilege Escalation,0.0006,Malware Execution,0.0001
SES-008766,Normal,Normal,0.9922,1,Normal,0.9922,Malware Execution,0.0045,Privilege Escalation,0.0009
SES-011101,Normal,Normal,0.9935,1,Normal,0.9935,Device Spoofing,0.0012,Malware Execution,0.0007
SES-003387,Normal,Normal,0.9982,1,Normal,0.9982,USB Data Theft,0.0007,Impossible Travel,0.0003
SES-001463,Normal,Normal,0.9983,1,Normal,0.9983,Device Spoofing,0.0002,Impossible Travel,0.0002
SES-011963,Normal,Normal,0.9969,1,Normal,0.9969,USB Data Theft,0.0005,Impossible Travel,0.0003
SES-012132,Normal,Normal,0.9984,1,Normal,0.9984,Impossible Travel,0.0003,Device Spoofing,0.0001
SES-001676,Normal,Normal,0.6193,1,Normal,0.6193,Malware Execution,0.354,Privilege Escalation,0.0056
SES-011164,Normal,Normal,0.9646,1,Normal,0.9646,USB Data Theft,0.0117,Insider Drift,0.0035
SES-002393,Normal,Normal,0.9976,1,Normal,0.9976,Device Spoofing,0.0006,Impossible Travel,0.0002
SES-002603,Normal,Normal,0.9889,1,Normal,0.9889,Privilege Escalation,0.005,Malware Execution,0.0016
SES-000349,Normal,Normal,0.9684,1,Normal,0.9684,Insider Threat,0.009,Device Spoofing,0.0053
SES-009235,Normal,Normal,0.9995,1,Normal,0.9995,USB Data Theft,0.0001,Impossible Travel,0.0001
SES-003634,Normal,Normal,0.9989,1,Normal,0.9989,Device Spoofing,0.0002,Impossible Travel,0.0001
SES-009661,Normal,Normal,0.9983,1,Normal,0.9983,USB Data Theft,0.0005,Insider Threat,0.0005
SES-007137,Normal,Normal,0.9628,1,Normal,0.9628,Lateral Movement,0.0249,Malware Execution,0.0083
SES-003751,Normal,Normal,0.9841,1,Normal,0.9841,Insider Threat,0.004,Device Spoofing,0.0032
SES-010751,Normal,Normal,0.9595,1,Normal,0.9595,Device Spoofing,0.0336,Impossible Travel,0.0008
SES-003246,Normal,Normal,0.9989,1,Normal,0.9989,Malware Execution,0.0006,Device Spoofing,0.0001
SES-003128,Normal,Normal,0.9987,1,Normal,0.9987,Malware Execution,0.0003,Device Spoofing,0.0001
SES-012490,Brute Force,Brute Force,0.6597,1,Brute Force,0.6597,Credential Stuffing,0.3112,Insider Drift,0.0085
SES-010913,Normal,Normal,0.9922,1,Normal,0.9922,Impossible Travel,0.0017,Device Spoofing,0.0013
SES-006473,Normal,Normal,0.5655,1,Normal,0.5655,USB Data Theft,0.3986,Impossible Travel,0.0042
SES-007903,Normal,Normal,0.7581,1,Normal,0.7581,Privilege Escalation,0.093,Malware Execution,0.0586
SES-010109,Credential Stuffing,Credential Stuffing,0.9862,1,Credential Stuffing,0.9862,Brute Force,0.0132,Normal,0.0003
SES-003146,Normal,Normal,0.9988,1,Normal,0.9988,Device Spoofing,0.0006,Credential Stuffing,0.0001
SES-009879,Normal,Normal,0.783,1,Normal,0.783,Privilege Escalation,0.081,Malware Execution,0.0396
SES-007732,Normal,Normal,0.9996,1,Normal,0.9996,Device Spoofing,0.0001,USB Data Theft,0.0001
SES-002873,Malware Execution,Normal,0.9007,0,Normal,0.9007,Insider Threat,0.0764,Malware Execution,0.0097
SES-006052,Normal,Normal,0.999,1,Normal,0.999,Malware Execution,0.0003,Insider Threat,0.0003
SES-002976,Normal,Normal,0.9978,1,Normal,0.9978,Device Spoofing,0.0006,USB Data Theft,0.0004
SES-007165,Brute Force,Brute Force,0.6457,1,Brute Force,0.6457,Credential Stuffing,0.3411,Normal,0.0043
SES-011752,Normal,Normal,0.5897,1,Normal,0.5897,Device Spoofing,0.3978,USB Data Theft,0.003
SES-005632,Normal,Normal,0.9986,1,Normal,0.9986,USB Data Theft,0.0011,Impossible Travel,0.0
SES-012945,Normal,Normal,0.9945,1,Normal,0.9945,USB Data Theft,0.001,Impossible Travel,0.0005
SES-003026,Normal,Normal,0.9978,1,Normal,0.9978,Device Spoofing,0.0005,Impossible Travel,0.0002
SES-007536,Normal,Normal,0.7764,1,Normal,0.7764,Insider Threat,0.147,USB Data Theft,0.0257
SES-009913,Normal,Normal,0.9987,1,Normal,0.9987,USB Data Theft,0.0002,Device Spoofing,0.0002
SES-006536,Normal,Normal,0.9984,1,Normal,0.9984,Device Spoofing,0.0002,Impossible Travel,0.0002
SES-005227,Normal,Normal,0.5807,1,Normal,0.5807,USB Data Theft,0.3972,Impossible Travel,0.0033
SES-002263,Normal,Normal,0.9982,1,Normal,0.9982,USB Data Theft,0.0006,Device Spoofing,0.0003
SES-012723,Normal,Normal,0.9991,1,Normal,0.9991,Impossible Travel,0.0002,Malware Execution,0.0001
SES-000694,Normal,Normal,0.9976,1,Normal,0.9976,Impossible Travel,0.0004,USB Data Theft,0.0003
SES-011049,Normal,Device Spoofing,0.5151,0,Device Spoofing,0.5151,Normal,0.4236,Insider Threat,0.0501
SES-012071,Normal,Normal,0.9997,1,Normal,0.9997,Device Spoofing,0.0,Impossible Travel,0.0
SES-012199,Normal,Normal,0.9995,1,Normal,0.9995,Insider Threat,0.0,Impossible Travel,0.0
SES-007813,Normal,Normal,0.9925,1,Normal,0.9925,Malware Execution,0.0023,Device Spoofing,0.0009
SES-003351,Normal,Normal,0.9847,1,Normal,0.9847,Device Spoofing,0.0103,USB Data Theft,0.0014
SES-005289,Normal,Normal,0.879,1,Normal,0.879,Insider Drift,0.1137,Lateral Movement,0.0033
SES-010702,Normal,Normal,0.985,1,Normal,0.985,Device Spoofing,0.0044,Impossible Travel,0.0015
SES-008915,Normal,Normal,0.9994,1,Normal,0.9994,Device Spoofing,0.0001,Impossible Travel,0.0001
SES-011186,Normal,Normal,0.9883,1,Normal,0.9883,Lateral Movement,0.0035,Off-hours Access,0.0031
SES-001621,Normal,Normal,0.9936,1,Normal,0.9936,USB Data Theft,0.0036,Device Spoofing,0.0003
SES-003773,Normal,Normal,0.9935,1,Normal,0.9935,Device Spoofing,0.0027,Malware Execution,0.001
SES-002249,Normal,Normal,0.9621,1,Normal,0.9621,Insider Threat,0.0217,Insider Drift,0.002
SES-011460,Normal,Normal,0.998,1,Normal,0.998,Impossible Travel,0.0004,Device Spoofing,0.0003
SES-003240,Normal,Normal,0.9975,1,Normal,0.9975,USB Data Theft,0.0006,Device Spoofing,0.0002
SES-011474,Normal,Normal,0.9993,1,Normal,0.9993,Impossible Travel,0.0002,Device Spoofing,0.0001
SES-003915,Normal,Normal,0.9607,1,Normal,0.9607,USB Data Theft,0.0124,Insider Threat,0.0084
SES-009042,Low-and-Slow Exfiltration,Low-and-Slow Exfiltration,0.9991,1,Low-and-Slow Exfiltration,0.9991,Normal,0.0006,USB Data Theft,0.0
SES-007864,Normal,Normal,0.9517,1,Normal,0.9517,Privilege Escalation,0.0201,Device Spoofing,0.0091
SES-003263,Normal,Normal,0.997,1,Normal,0.997,USB Data Theft,0.0018,Device Spoofing,0.0002
SES-012092,Insider Threat,Insider Threat,0.9965,1,Insider Threat,0.9965,Normal,0.0023,USB Data Theft,0.0002
SES-007794,Normal,Normal,0.9996,1,Normal,0.9996,Insider Threat,0.0001,Impossible Travel,0.0
SES-005046,Off-hours Access,Off-hours Access,0.9996,1,Off-hours Access,0.9996,Normal,0.0003,Device Spoofing,0.0
SES-009460,Normal,Normal,0.9934,1,Normal,0.9934,Insider Drift,0.0037,Device Spoofing,0.0006
SES-006275,Privilege Escalation,Privilege Escalation,0.7558,1,Privilege Escalation,0.7558,Malware Execution,0.1367,Normal,0.0667
SES-005957,Suspicious PowerShell,Suspicious PowerShell,0.9979,1,Suspicious PowerShell,0.9979,Privilege Escalation,0.0009,Malware Execution,0.0005
SES-012303,Normal,Normal,0.999,1,Normal,0.999,Impossible Travel,0.0002,Device Spoofing,0.0001
SES-001474,Normal,Normal,0.9667,1,Normal,0.9667,USB Data Theft,0.0194,Data Exfiltration,0.0017
SES-012825,Normal,Normal,0.9963,1,Normal,0.9963,USB Data Theft,0.0007,Device Spoofing,0.0005
SES-007142,Normal,Normal,0.9875,1,Normal,0.9875,Device Spoofing,0.0088,USB Data Theft,0.0006
SES-004434,Normal,Normal,0.9988,1,Normal,0.9988,Insider Threat,0.0006,Impossible Travel,0.0001
SES-011709,Normal,Normal,0.9976,1,Normal,0.9976,USB Data Theft,0.0011,Impossible Travel,0.0002
SES-006806,Normal,Normal,0.8183,1,Normal,0.8183,USB Data Theft,0.0828,Privilege Escalation,0.0522
SES-004070,Normal,Normal,0.9832,1,Normal,0.9832,Insider Threat,0.0059,USB Data Theft,0.0015
SES-010610,Normal,Normal,0.998,1,Normal,0.998,USB Data Theft,0.0005,Impossible Travel,0.0004
SES-010806,Normal,Normal,0.9828,1,Normal,0.9828,Privilege Escalation,0.0064,Malware Execution,0.004
SES-011103,Normal,Normal,0.9889,1,Normal,0.9889,USB Data Theft,0.0079,Lateral Movement,0.0006
