employee_uuid,employee_id,name,department,role,office_location,work_start_time,work_end_time,allowed_devices,preferred_browser,preferred_os,vpn_probability,access_level,behavior_profile
f26b4776-913e-4de2-a0c5-3cb83da9c2a9,EMP-0001,Amy Meadows,Marketing,Marketing Coordinator,New York,10:00,19:00,DEV-0001;DEV-0002;DEV-0003,Chrome,Windows,0.2,Low,"{""working_hours"": [10, 19], ""login_hour_distribution"": {""0"": 0.04, ""1"": 0.04, ""2"": 0.02, ""3"": 0.03, ""4"": 0.03, ""5"": 0.02, ""6"": 0.04, ""7"": 0.03, ""8"": 0.02, ""9"": 0.33, ""10"": 0.93, ""11"": 0.84, ""12"": 0.86, ""13"": 0.98, ""14"": 0.92, ""15"": 0.88, ""16"": 0.89, ""17"": 0.82, ""18"": 0.84, ""19"": 0.28, ""20"": 0.03, ""21"": 0.02, ""22"": 0.02, ""23"": 0.01}, ""resource_probabilities"": {""Payroll"": 0.0, ""FinanceDB"": 0.0, ""Email"": 0.86, ""GitHub"": 0.0, ""Jira"": 0.16, ""Slack"": 0.93, ""FileServer"": 0.04, ""HRPortal"": 0.0, ""CRM"": 0.72, ""AdminConsole"": 0.0, ""Servers"": 0.0, ""VPN"": 0.16, ""Confluence"": 0.27, ""Terminal"": 0.0, ""HRMS"": 0.0, ""EmployeeRecords"": 0.0, ""ERP"": 0.0, ""Accounting"": 0.0, ""Invoices"": 0.0, ""Meetings"": 0.15, ""Analytics"": 0.73, ""CampaignDashboard"": 0.93, ""Monitoring"": 0.0, ""Firewall"": 0.0}, ""browser_probabilities"": {""Chrome"": 0.6, ""Firefox"": 0.15, ""Edge"": 0.25, ""Safari"": 0.0}, ""device_probabilities"": {""Desktop"": 0.6666666666666665, ""Laptop"": 0.33333333333333354}, ""average_session_length"": 72.8, ""session_length_stddev"": 8, ""average_actions"": 20, ""actions_stddev"": 3, ""average_sessions_per_day"": 3, ""remote_work_probability"": 0.25}"
ceb81f9d-7914-4120-88dc-d19f3e351128,EMP-0002,Theresa Drake,Engineering,Engineering Manager,San Francisco,08:00,17:00,DEV-0004;DEV-0005,Chrome,Linux,0.45,High,"{""working_hours"": [8, 17], ""login_hour_distribution"": {""0"": 0.03, ""1"": 0.03, ""2"": 0.04, ""3"": 0.04, ""4"": 0.05, ""5"": 0.01, ""6"": 0.03, ""7"": 0.28, ""8"": 0.96, ""9"": 0.84, ""10"": 0.83, ""11"": 0.88, ""12"": 0.88, ""13"": 0.85, ""14"": 0.84, ""15"": 0.97, ""16"": 0.88, ""17"": 0.42, ""18"": 0.03, ""19"": 0.01, ""20"": 0.05, ""21"": 0.04, ""22"": 0.05, ""23"": 0.05}, ""resource_probabilities"": {""Payroll"": 0.0, ""FinanceDB"": 0.0, ""Email"": 0.31, ""GitHub"": 0.74, ""Jira"": 0.82, ""Slack"": 0.75, ""FileServer"": 0.2, ""HRPortal"": 0.0, ""CRM"": 0.0, ""AdminConsole"": 0.0, ""Servers"": 0.0, ""VPN"": 0.11, ""Confluence"": 0.79, ""Terminal"": 0.95, ""HRMS"": 0.0, ""EmployeeRecords"": 0.0, ""ERP"": 0.0, ""Accounting"": 0.0, ""Invoices"": 0.0, ""Meetings"": 0.17, ""Analytics"": 0.0, ""CampaignDashboard"": 0.0, ""Monitoring"": 0.0, ""Firewall"": 0.0}, ""browser_probabilities"": {""Chrome"": 0.5, ""Firefox"": 0.5, ""Edge"": 0.0, ""Safari"": 0.0}, ""device_probabilities"": {""Laptop"": 1.0}, ""average_session_length"": 96.2, ""session_length_stddev"": 8, ""average_actions"": 19, ""actions_stddev"": 3, ""average_sessions_per_day"": 3, ""remote_work_probability"": 0.25}"
f512c4c3-b253-4218-ac4a-37ea490617f2,EMP-0003,Terry Lopez,Engineering,Architect,Tokyo,08:00,17:00,DEV-0006;DEV-0007,Chrome,Linux,0.45,High,"{""working_hours"": [8, 17], ""login_hour_distribution"": {""0"": 0.01, ""1"": 0.04, ""2"": 0.01, ""3"": 0.02, ""4"": 0.01, ""5"": 0.03, ""6"": 0.05, ""7"": 0.33, ""8"": 0.81, ""9"": 0.89, ""10"": 0.95, ""11"": 0.81, ""12"": 0.81, ""13"": 0.96, ""14"": 0.87, ""15"": 0.97, ""16"": 0.9, ""17"": 0.34, ""18"": 0.01, ""19"": 0.01, ""20"": 0.04, ""21"": 0.03, ""22"": 0.02, ""23"": 0.02}, ""resource_probabilities"": {""Payroll"": 0.0, ""FinanceDB"": 0.0, ""Email"": 0.27, ""GitHub"": 0.78, ""Jira"": 0.77, ""Slack"": 0.73, ""FileServer"": 0.26, ""HRPortal"": 0.0, ""CRM"": 0.0, ""AdminConsole"": 0.0, ""Servers"": 0.0, ""VPN"": 0.21, ""Confluence"": 0.93, ""Terminal"": 0.93, ""HRMS"": 0.0, ""EmployeeRecords"": 0.0, ""ERP"": 0.0, ""Accounting"": 0.0, ""Invoices"": 0.0, ""Meetings"": 0.1, ""Analytics"": 0.0, ""CampaignDashboard"": 0.0, ""Monitoring"": 0.0, ""Firewall"": 0.0}, ""browser_probabilities"": {""Chrome"": 0.5, ""Firefox"": 0.5, ""Edge"": 0.0, ""Safari"": 0.0}, ""device_probabilities"": {""Laptop"": 1.0}, ""average_session_length"": 78.3, ""session_length_stddev"": 8, ""average_actions"": 23, ""actions_stddev"": 3, ""average_sessions_per_day"": 3, ""remote_work_probability"": 0.25}"
89a2688b-12c1-46e0-9998-5f15ff002d4d,EMP-0004,Ryan Dunn,Finance,Finance Analyst,Munich,09:00,18:00,DEV-0008,Chrome,Windows,0.15,Medium,"{""working_hours"": [9, 18], ""login_hour_distribution"": {""0"": 0.01, ""1"": 0.02, ""2"": 0.02, ""3"": 0.03, ""4"": 0.03, ""5"": 0.02, ""6"": 0.05, ""7"": 0.04, ""8"": 0.33, ""9"": 0.92, ""10"": 0.9, ""11"": 0.97, ""12"": 0.82, ""13"": 0.96, ""14"": 0.85, ""15"": 0.96, ""16"": 0.93, ""17"": 0.83, ""18"": 0.27, ""19"": 0.02, ""20"": 0.02, ""21"": 0.04, ""22"": 0.04, ""23"": 0.03}, ""resource_probabilities"": {""Payroll"": 0.16, ""FinanceDB"": 0.33, ""Email"": 0.71, ""GitHub"": 0.0, ""Jira"": 0.26, ""Slack"": 0.31, ""FileServer"": 0.11, ""HRPortal"": 0.0, ""CRM"": 0.0, ""AdminConsole"": 0.0, ""Servers"": 0.0, ""VPN"": 0.18, ""Confluence"": 0.13, ""Terminal"": 0.0, ""HRMS"": 0.0, ""EmployeeRecords"": 0.0, ""ERP"": 0.94, ""Accounting"": 0.74, ""Invoices"": 0.81, ""Meetings"": 0.04, ""Analytics"": 0.24, ""CampaignDashboard"": 0.0, ""Monitoring"": 0.0, ""Firewall"": 0.0}, ""browser_probabilities"": {""Chrome"": 0.6, ""Firefox"": 0.15, ""Edge"": 0.25, ""Safari"": 0.0}, ""device_probabilities"": {""Desktop"": 1.0}, ""average_session_length"": 22.3, ""session_length_stddev"": 8, ""average_actions"": 27, ""actions_stddev"": 3, ""average_sessions_per_day"": 3, ""remote_work_probability"": 0.25}"
093923de-8bab-4e3b-a628-6bfbe767dcea,EMP-0005,Christopher Cole,Engineering,DevOps Engineer,Munich,10:00,19:00,DEV-0009;DEV-0010,Chrome,Linux,0.45,Medium,"{""working_hours"": [10, 19], ""login_hour_distribution"": {""0"": 0.02, ""1"": 0.05, ""2"": 0.04, ""3"": 0.04, ""4"": 0.05, ""5"": 0.02, ""6"": 0.02, ""7"": 0.01, ""8"": 0.04, ""9"": 0.42, ""10"": 0.87, ""11"": 0.91, ""12"": 0.83, ""13"": 0.97, ""14"": 0.96, ""15"": 0.98, ""16"": 0.95, ""17"": 0.96, ""18"": 0.8, ""19"": 0.38, ""20"": 0.02, ""21"": 0.05, ""22"": 0.04, ""23"": 0.04}, ""resource_probabilities"": {""Payroll"": 0.0, ""FinanceDB"": 0.0, ""Email"": 0.3, ""GitHub"": 0.77, ""Jira"": 0.9, ""Slack"": 0.73, ""FileServer"": 0.32, ""HRPortal"": 0.0, ""CRM"": 0.0, ""AdminConsole"": 0.0, ""Servers"": 0.0, ""VPN"": 0.31, ""Confluence"": 0.76, ""Terminal"": 0.9, ""HRMS"": 0.0, ""EmployeeRecords"": 0.0, ""ERP"": 0.0, ""Accounting"": 0.0, ""Invoices"": 0.0, ""Meetings"": 0.22, ""Analytics"": 0.0, ""CampaignDashboard"": 0.0, ""Monitoring"": 0.0, ""Firewall"": 0.0}, ""browser_probabilities"": {""Chrome"": 0.5, ""Firefox"": 0.5, ""Edge"": 0.0, ""Safari"": 0.0}, ""device_probabilities"": {""Laptop"": 1.0}, ""average_session_length"": 43.6, ""session_length_stddev"": 8, ""average_actions"": 30, ""actions_stddev"": 3, ""average_sessions_per_day"": 3, ""remote_work_probability"": 0.25}"
060edf5b-3911-4497-ba43-b2badf0f06cb,EMP-0006,Thomas Williams,IT,Helpdesk Support,Tokyo,08:00,18:00,DEV-0011,Chrome,Linux,0.6,Low,"{""working_hours"": [8, 18], ""login_hour_distribution"": {""0"": 0.04, ""1"": 0.02, ""2"": 0.03, ""3"": 0.04, ""4"": 0.04, ""5"": 0.02, ""6"": 0.01, ""7"": 0.42, ""8"": 0.85, ""9"": 0.9, ""10"": 0.98, ""11"": 0.81, ""12"": 0.91, ""13"": 0.86, ""14"": 0.94, ""15"": 0.88, ""16"": 0.98, ""17"": 0.82, ""18"": 0.42, ""19"": 0.02, ""20"": 0.01, ""21"": 0.03, ""22"": 0.03, ""23"": 0.04}, ""resource_probabilities"": {""Payroll"": 0.27, ""FinanceDB"": 0.34, ""Email"": 0.28, ""GitHub"": 0.15, ""Jira"": 0.21, ""Slack"": 0.34, ""FileServer"": 0.93, ""HRPortal"": 0.26, ""CRM"": 0.27, ""AdminConsole"": 0.73, ""Servers"": 0.93, ""VPN"": 0.83, ""Confluence"": 0.27, ""Terminal"": 0.18, ""HRMS"": 0.27, ""EmployeeRecords"": 0.24, ""ERP"": 0.15, ""Accounting"": 0.27, ""Invoices"": 0.19, ""Meetings"": 0.29, ""Analytics"": 0.14, ""CampaignDashboard"": 0.24, ""Monitoring"": 0.8, ""Firewall"": 0.91}, ""browser_probabilities"": {""Chrome"": 0.5, ""Firefox"": 0.5, ""Edge"": 0.0, ""Safari"": 0.0}, ""device_probabilities"": {""Laptop"": 1.0}, ""average_session_length"": 43.4, ""session_length_stddev"": 8, ""average_actions"": 11, ""actions_stddev"": 3, ""average_sessions_per_day"": 3, ""remote_work_probability"": 0.25}"
9b4e2c24-9479-41e6-8927-7d9b6e0d2648,EMP-0007,Amy Miller,HR,HR Specialist,Tokyo,09:00,18:00,DEV-0012;DEV-0013,Chrome,Windows,0.05,Medium,"{""working_hours"": [9, 18], ""login_hour_distribution"": {""0"": 0.03, ""1"": 0.05, ""2"": 0.04, ""3"": 0.02, ""4"": 0.01, ""5"": 0.03, ""6"": 0.04, ""7"": 0.02, ""8"": 0.4, ""9"": 0.94, ""10"": 0.92, ""11"": 0.84, ""12"": 0.84, ""13"": 0.8, ""14"": 0.84, ""15"": 0.89, ""16"": 0.95, ""17"": 0.81, ""18"": 0.3, ""19"": 0.04, ""20"": 0.02, ""21"": 0.04, ""22"": 0.03, ""23"": 0.02}, ""resource_probabilities"": {""Payroll"": 0.86, ""FinanceDB"": 0.0, ""Email"": 0.7, ""GitHub"": 0.0, ""Jira"": 0.04, ""Slack"": 0.29, ""FileServer"": 0.13, ""HRPortal"": 0.21, ""CRM"": 0.0, ""AdminConsole"": 0.0, ""Servers"": 0.0, ""VPN"": 0.14, ""Confluence"": 0.34, ""Terminal"": 0.0, ""HRMS"": 0.83, ""EmployeeRecords"": 0.71, ""ERP"": 0.0, ""Accounting"": 0.0, ""Invoices"": 0.0, ""Meetings"": 0.16, ""Analytics"": 0.0, ""CampaignDashboard"": 0.0, ""Monitoring"": 0.0, ""Firewall"": 0.0}, ""browser_probabilities"": {""Chrome"": 0.6, ""Firefox"": 0.15, ""Edge"": 0.25, ""Safari"": 0.0}, ""device_probabilities"": {""Laptop"": 1.0}, ""average_session_length"": 103.3, ""session_length_stddev"": 8, ""average_actions"": 19, ""actions_stddev"": 3, ""average_sessions_per_day"": 3, ""remote_work_probability"": 0.25}"
aae65fc1-76f2-4bfe-8d29-a36f222282e1,EMP-0008,Lindsay Coleman,IT,IT Director,Munich,09:00,19:00,DEV-0014;DEV-0015,Firefox,Linux,0.6,Critical,"{""working_hours"": [9, 19], ""login_hour_distribution"": {""0"": 0.03, ""1"": 0.04, ""2"": 0.05, ""3"": 0.03, ""4"": 0.05, ""5"": 0.03, ""6"": 0.02, ""7"": 0.04, ""8"": 0.31, ""9"": 0.94, ""10"": 0.95, ""11"": 0.85, ""12"": 0.94, ""13"": 0.89, ""14"": 0.84, ""15"": 0.88, ""16"": 0.93, ""17"": 0.84, ""18"": 0.86, ""19"": 0.42, ""20"": 0.01, ""21"": 0.02, ""22"": 0.03, ""23"": 0.02}, ""resource_probabilities"": {""Payroll"": 0.15, ""FinanceDB"": 0.2, ""Email"": 0.18, ""GitHub"": 0.22, ""Jira"": 0.12, ""Slack"": 0.31, ""FileServer"": 0.8, ""HRPortal"": 0.29, ""CRM"": 0.34, ""AdminConsole"": 0.7, ""Servers"": 0.92, ""VPN"": 0.84, ""Confluence"": 0.22, ""Terminal"": 0.34, ""HRMS"": 0.17, ""EmployeeRecords"": 0.2, ""ERP"": 0.32, ""Accounting"": 0.31, ""Invoices"": 0.23, ""Meetings"": 0.28, ""Analytics"": 0.3, ""CampaignDashboard"": 0.32, ""Monitoring"": 0.82, ""Firewall"": 0.77}, ""browser_probabilities"": {""Chrome"": 0.5, ""Firefox"": 0.5, ""Edge"": 0.0, ""Safari"": 0.0}, ""device_probabilities"": {""Laptop"": 1.0}, ""average_session_length"": 63.4, ""session_length_stddev"": 8, ""average_actions"": 17, ""actions_stddev"": 3, ""average_sessions_per_day"": 3, ""remote_work_probability"": 0.25}"
cc530e36-addc-4e13-ab3b-4d37560c95ee,EMP-0009,Jeff Rowe,Sales,Sales Director,San Francisco,08:00,17:00,DEV-0016;DEV-0017;DEV-0018,Firefox,macOS,0.7,Critical,"{""working_hours"": [8, 17], ""login_hour_distribution"": {""0"": 0.03, ""1"": 0.05, ""2"": 0.03, ""3"": 0.04, ""4"": 0.01, ""5"": 0.03, ""6"": 0.04, ""7"": 0.25, ""8"": 0.85, ""9"": 0.86, ""10"": 0.88, ""11"": 0.86, ""12"": 0.96, ""13"": 0.85, ""14"": 0.97, ""15"": 0.88, ""16"": 0.95, ""17"": 0.32, ""18"": 0.04, ""19"": 0.01, ""20"": 0.05, ""21"": 0.02, ""22"": 0.01, ""23"": 0.05}, ""resource_probabilities"": {""Payroll"": 0.0, ""FinanceDB"": 0.0, ""Email"": 0.71, ""GitHub"": 0.0, ""Jira"": 0.11, ""Slack"": 0.76, ""FileServer"": 0.0, ""HRPortal"": 0.0, ""CRM"": 0.91, ""AdminConsole"": 0.0, ""Servers"": 0.0, ""VPN"": 0.26, ""Confluence"": 0.16, ""Terminal"": 0.0, ""HRMS"": 0.0, ""EmployeeRecords"": 0.0, ""ERP"": 0.0, ""Accounting"": 0.0, ""Invoices"": 0.0, ""Meetings"": 0.82, ""Analytics"": 0.13, ""CampaignDashboard"": 0.0, ""Monitoring"": 0.0, ""Firewall"": 0.0}, ""browser_probabilities"": {""Chrome"": 0.5, ""Firefox"": 0.1, ""Edge"": 0.0, ""Safari"": 0.4}, ""device_probabilities"": {""Desktop"": 0.2, ""Mobile"": 0.1, ""Laptop"": 0.7000000000000001}, ""average_session_length"": 114.3, ""session_length_stddev"": 8, ""average_actions"": 19, ""actions_stddev"": 3, ""average_sessions_per_day"": 3, ""remote_work_probability"": 0.25}"
5e6fea07-c453-4f1d-8199-2fdfb31022f0,EMP-0010,Megan Miranda,Engineering,QA Engineer,Munich,10:00,19:00,DEV-0019,Edge,Windows,0.45,Low,"{""working_hours"": [10, 19], ""login_hour_distribution"": {""0"": 0.04, ""1"": 0.02, ""2"": 0.02, ""3"": 0.03, ""4"": 0.05, ""5"": 0.03, ""6"": 0.05, ""7"": 0.03, ""8"": 0.05, ""9"": 0.25, ""10"": 0.91, ""11"": 0.95, ""12"": 0.84, ""13"": 0.93, ""14"": 0.85, ""15"": 0.92, ""16"": 0.94, ""17"": 0.94, ""18"": 0.9, ""19"": 0.21, ""20"": 0.03, ""21"": 0.04, ""22"": 0.01, ""23"": 0.04}, ""resource_probabilities"": {""Payroll"": 0.0, ""FinanceDB"": 0.0, ""Email"": 0.1, ""GitHub"": 0.81, ""Jira"": 0.82, ""Slack"": 0.81, ""FileServer"": 0.19, ""HRPortal"": 0.0, ""CRM"": 0.0, ""AdminConsole"": 0.0, ""Servers"": 0.0, ""VPN"": 0.32, ""Confluence"": 0.81, ""Terminal"": 0.74, ""HRMS"": 0.0, ""EmployeeRecords"": 0.0, ""ERP"": 0.0, ""Accounting"": 0.0, ""Invoices"": 0.0, ""Meetings"": 0.14, ""Analytics"": 0.0, ""CampaignDashboard"": 0.0, ""Monitoring"": 0.0, ""Firewall"": 0.0}, ""browser_probabilities"": {""Chrome"": 0.6, ""Firefox"": 0.15, ""Edge"": 0.25, ""Safari"": 0.0}, ""device_probabilities"": {""Laptop"": 1.0}, ""average_session_length"": 67.4, ""session_length_stddev"": 8, ""average_actions"": 25, ""actions_stddev"": 3, ""average_sessions_per_day"": 3, ""remote_work_probability"": 0.25}"
eb6c1016-cee6-44d0-9dac-6e8345241ea6,EMP-0011,Justin Adams,Engineering,Architect,Tokyo,09:00,18:00,DEV-0020,Firefox,Linux,0.45,High,"{""working_hours"": [9, 18], ""login_hour_distribution"": {""0"": 0.02, ""1"": 0.04, ""2"": 0.04, ""3"": 0.01, ""4"": 0.05, ""5"": 0.02, ""6"": 0.03, ""7"": 0.03, ""8"": 0.29, ""9"": 0.81, ""10"": 0.95, ""11"": 0.83, ""12"": 0.84, ""13"": 0.94, ""14"": 0.86, ""15"": 0.96, ""16"": 0.93, ""17"": 0.85, ""18"": 0.2, ""19"": 0.05, ""20"": 0.01, ""21"": 0.04, ""22"": 0.03, ""23"": 0.04}, ""resource_probabilities"": {""Payroll"": 0.0, ""FinanceDB"": 0.0, ""Email"": 0.27, ""GitHub"": 0.86, ""Jira"": 0.82, ""Slack"": 0.9, ""FileServer"": 0.12, ""HRPortal"": 0.0, ""CRM"": 0.0, ""AdminConsole"": 0.0, ""Servers"": 0.0, ""VPN"": 0.16, ""Confluence"": 0.87, ""Terminal"": 0.78, ""HRMS"": 0.0, ""EmployeeRecords"": 0.0, ""ERP"": 0.0, ""Accounting"": 0.0, ""Invoices"": 0.0, ""Meetings"": 0.25, ""Analytics"": 0.0, ""CampaignDashboard"": 0.0, ""Monitoring"": 0.0, ""Firewall"": 0.0}, ""browser_probabilities"": {""Chrome"": 0.5, ""Firefox"": 0.5, ""Edge"": 0.0, ""Safari"": 0.0}, ""device_probabilities"": {""Laptop"": 1.0}, ""average_session_length"": 62.1, ""session_length_stddev"": 8, ""average_actions"": 21, ""actions_stddev"": 3, ""average_sessions_per_day"": 3, ""remote_work_probability"": 0.25}"
bef59fe6-ff23-4d5f-aced-d15d58007c02,EMP-0012,Brittney Thompson,Engineering,Architect,London,09:00,18:00,DEV-0021,Chrome,macOS,0.45,High,"{""working_hours"": [9, 18], ""login_hour_distribution"": {""0"": 0.02, ""1"": 0.01, ""2"": 0.02, ""3"": 0.01, ""4"": 0.03, ""5"": 0.04, ""6"": 0.02, ""7"": 0.02, ""8"": 0.32, ""9"": 0.93, ""10"": 0.98, ""11"": 0.89, ""12"": 0.85, ""13"": 0.82, ""14"": 0.83, ""15"": 0.84, ""16"": 0.83, ""17"": 0.8, ""18"": 0.33, ""19"": 0.02, ""20"": 0.05, ""21"": 0.03, ""22"": 0.04, ""23"": 0.02}, ""resource_probabilities"": {""Payroll"": 0.0, ""FinanceDB"": 0.0, ""Email"": 0.32, ""GitHub"": 0.82, ""Jira"": 0.92, ""Slack"": 0.84, ""FileServer"": 0.22, ""HRPortal"": 0.0, ""CRM"": 0.0, ""AdminConsole"": 0.0, ""Servers"": 0.0, ""VPN"": 0.21, ""Confluence"": 0.75, ""Terminal"": 0.71, ""HRMS"": 0.0, ""EmployeeRecords"": 0.0, ""ERP"": 0.0, ""Accounting"": 0.0, ""Invoices"": 0.0, ""Meetings"": 0.34, ""Analytics"": 0.0, ""CampaignDashboard"": 0.0, ""Monitoring"": 0.0, ""Firewall"": 0.0}, ""browser_probabilities"": {""Chrome"": 0.5, ""Firefox"": 0.1, ""Edge"": 0.0, ""Safari"": 0.4}, ""device_probabilities"": {""Desktop"": 1.0}, ""average_session_length"": 62.6, ""session_length_stddev"": 8, ""average_actions"": 7, ""actions_stddev"": 3, ""average_sessions_per_day"": 3, ""remote_work_probability"": 0.25}"
93b7a886-12f7-4c97-bde3-1a516694c343,EMP-0013,Marissa Ayala,IT,Systems Administrator,San Francisco,07:00,17:00,DEV-0022;DEV-0023,Firefox,macOS,0.6,High,"{""working_hours"": [7, 17], ""login_hour_distribution"": {""0"": 0.01, ""1"": 0.02, ""2"": 0.03, ""3"": 0.03, ""4"": 0.03, ""5"": 0.03, ""6"": 0.39, ""7"": 0.87, ""8"": 0.96, ""9"": 0.85, ""10"": 0.91, ""11"": 0.88, ""12"": 0.9, ""13"": 0.81, ""14"": 0.97, ""15"": 0.82, ""16"": 0.94, ""17"": 0.36, ""18"": 0.02, ""19"": 0.01, ""20"": 0.02, ""21"": 0.03, ""22"": 0.02, ""23"": 0.03}, ""resource_probabilities"": {""Payroll"": 0.27, ""FinanceDB"": 0.22, ""Email"": 0.11, ""GitHub"": 0.17, ""Jira"": 0.17, ""Slack"": 0.31, ""FileServer"": 0.72, ""HRPortal"": 0.16, ""CRM"": 0.17, ""AdminConsole"": 0.9, ""Servers"": 0.85, ""VPN"": 0.9, ""Confluence"": 0.15, ""Terminal"": 0.13, ""HRMS"": 0.16, ""EmployeeRecords"": 0.14, ""ERP"": 0.17, ""Accounting"": 0.14, ""Invoices"": 0.11, ""Meetings"": 0.3, ""Analytics"": 0.25, ""CampaignDashboard"": 0.31, ""Monitoring"": 0.93, ""Firewall"": 0.81}, ""browser_probabilities"": {""Chrome"": 0.5, ""Firefox"": 0.1, ""Edge"": 0.0, ""Safari"": 0.4}, ""device_probabilities"": {""Desktop"": 0.2, ""Mobile"": 0.8}, ""average_session_length"": 61.6, ""session_length_stddev"": 8, ""average_actions"": 14, ""actions_stddev"": 3, ""average_sessions_per_day"": 3, ""remote_work_probability"": 0.25}"
45b1ed25-f153-4ae8-a70a-cc5cb321bf21,EMP-0014,Jennifer Jones,Engineering,Architect,Munich,09:00,18:00,DEV-0024;DEV-0025,Firefox,Linux,0.45,High,"{""working_hours"": [9, 18], ""login_hour_distribution"": {""0"": 0.05, ""1"": 0.04, ""2"": 0.03, ""3"": 0.01, ""4"": 0.02, ""5"": 0.04, ""6"": 0.04, ""7"": 0.03, ""8"": 0.21, ""9"": 0.94, ""10"": 0.95, ""11"": 0.9, ""12"": 0.94, ""13"": 0.83, ""14"": 0.89, ""15"": 0.88, ""16"": 0.85, ""17"": 0.98, ""18"": 0.31, ""19"": 0.04, ""20"": 0.05, ""21"": 0.03, ""22"": 0.03, ""23"": 0.02}, ""resource_probabilities"": {""Payroll"": 0.0, ""FinanceDB"": 0.0, ""Email"": 0.13, ""GitHub"": 0.74, ""Jira"": 0.8, ""Slack"": 0.82, ""FileServer"": 0.27, ""HRPortal"": 0.0, ""CRM"": 0.0, ""AdminConsole"": 0.0, ""Servers"": 0.0, ""VPN"": 0.2, ""Confluence"": 0.89, ""Terminal"": 0.71, ""HRMS"": 0.0, ""EmployeeRecords"": 0.0, ""ERP"": 0.0, ""Accounting"": 0.0, ""Invoices"": 0.0, ""Meetings"": 0.12, ""Analytics"": 0.0, ""CampaignDashboard"": 0.0, ""Monitoring"": 0.0, ""Firewall"": 0.0}, ""browser_probabilities"": {""Chrome"": 0.5, ""Firefox"": 0.5, ""Edge"": 0.0, ""Safari"": 0.0}, ""device_probabilities"": {""Laptop"": 1.0}, ""average_session_length"": 37.8, ""session_length_stddev"": 8, ""average_actions"": 8, ""actions_stddev"": 3, ""average_sessions_per_day"": 3, ""remote_work_probability"": 0.25}"
dd6ac7b8-6778-443b-85c5-b37af85e06a1,EMP-0015,Karen Adams,IT,IT Director,New York,09:00,19:00,DEV-0026,Chrome,macOS,0.6,Critical,"{""working_hours"": [9, 19], ""login_hour_distribution"": {""0"": 0.01, ""1"": 0.03, ""2"": 0.03, ""3"": 0.03, ""4"": 0.03, ""5"": 0.01, ""6"": 0.02, ""7"": 0.02, ""8"": 0.27, ""9"": 0.96, ""10"": 0.89, ""11"": 0.81, ""12"": 0.91, ""13"": 0.94, ""14"": 0.93, ""15"": 0.86, ""16"": 0.8, ""17"": 0.87, ""18"": 0.84, ""19"": 0.41, ""20"": 0.01, ""21"": 0.05, ""22"": 0.04, ""23"": 0.02}, ""resource_probabilities"": {""Payroll"": 0.33, ""FinanceDB"": 0.17, ""Email"": 0.28, ""GitHub"": 0.2, ""Jira"": 0.22, ""Slack"": 0.22, ""FileServer"": 0.81, ""HRPortal"": 0.14, ""CRM"": 0.15, ""AdminConsole"": 0.85, ""Servers"": 0.89, ""VPN"": 0.73, ""Confluence"": 0.12, ""Terminal"": 0.29, ""HRMS"": 0.31, ""EmployeeRecords"": 0.18, ""ERP"": 0.3, ""Accounting"": 0.17, ""Invoices"": 0.1, ""Meetings"": 0.28, ""Analytics"": 0.31, ""CampaignDashboard"": 0.24, ""Monitoring"": 0.86, ""Firewall"": 0.92}, ""browser_probabilities"": {""Chrome"": 0.5, ""Firefox"": 0.1, ""Edge"": 0.0, ""Safari"": 0.4}, ""device_probabilities"": {""Laptop"": 1.0}, ""average_session_length"": 59.1, ""session_length_stddev"": 8, ""average_actions"": 20, ""actions_stddev"": 3, ""average_sessions_per_day"": 3, ""remote_work_probability"": 0.25}"
c34b9fbb-8d4a-45b8-951a-c8ea585a0afa,EMP-0016,Jim Wright,IT,IT Director,Tokyo,08:00,18:00,DEV-0027;DEV-0028;DEV-0029,Safari,macOS,0.6,Critical,"{""working_hours"": [8, 18], ""login_hour_distribution"": {""0"": 0.05, ""1"": 0.02, ""2"": 0.03, ""3"": 0.04, ""4"": 0.03, ""5"": 0.02, ""6"": 0.03, ""7"": 0.43, ""8"": 0.87, ""9"": 0.98, ""10"": 0.94, ""11"": 0.92, ""12"": 0.83, ""13"": 0.97, ""14"": 0.82, ""15"": 0.97, ""16"": 0.86, ""17"": 0.82, ""18"": 0.41, ""19"": 0.01, ""20"": 0.05, ""21"": 0.01, ""22"": 0.02, ""23"": 0.04}, ""resource_probabilities"": {""Payroll"": 0.34, ""FinanceDB"": 0.12, ""Email"": 0.3, ""GitHub"": 0.17, ""Jira"": 0.26, ""Slack"": 0.2, ""FileServer"": 0.72, ""HRPortal"": 0.18, ""CRM"": 0.27, ""AdminConsole"": 0.83, ""Servers"": 0.94, ""VPN"": 0.86, ""Confluence"": 0.32, ""Terminal"": 0.22, ""HRMS"": 0.24, ""EmployeeRecords"": 0.25, ""ERP"": 0.16, ""Accounting"": 0.27, ""Invoices"": 0.17, ""Meetings"": 0.16, ""Analytics"": 0.12, ""CampaignDashboard"": 0.34, ""Monitoring"": 0.89, ""Firewall"": 0.88}, ""browser_probabilities"": {""Chrome"": 0.5, ""Firefox"": 0.1, ""Edge"": 0.0, ""Safari"": 0.4}, ""device_probabilities"": {""Desktop"": 0.2222222222222222, ""Mobile"": 0.7777777777777778}, ""average_session_length"": 21.1, ""session_length_stddev"": 8, ""average_actions"": 10, ""actions_stddev"": 3, ""average_sessions_per_day"": 3, ""remote_work_probability"": 0.25}"
0769165f-e746-4cb9-8ca9-cf07b1aa0f6a,EMP-0017,Beth Ramirez,IT,Systems Administrator,London,07:00,17:00,DEV-0030;DEV-0031;DEV-0032,Chrome,Linux,0.6,High,"{""working_hours"": [7, 17], ""login_hour_distribution"": {""0"": 0.02, ""1"": 0.03, ""2"": 0.03, ""3"": 0.04, ""4"": 0.02, ""5"": 0.01, ""6"": 0.42, ""7"": 0.91, ""8"": 0.84, ""9"": 0.96, ""10"": 0.83, ""11"": 0.88, ""12"": 0.85, ""13"": 0.85, ""14"": 0.8, ""15"": 0.94, ""16"": 0.96, ""17"": 0.37, ""18"": 0.02, ""19"": 0.03, ""20"": 0.02, ""21"": 0.03, ""22"": 0.04, ""23"": 0.03}, ""resource_probabilities"": {""Payroll"": 0.16, ""FinanceDB"": 0.31, ""Email"": 0.15, ""GitHub"": 0.2, ""Jira"": 0.22, ""Slack"": 0.16, ""FileServer"": 0.84, ""HRPortal"": 0.24, ""CRM"": 0.35, ""AdminConsole"": 0.77, ""Servers"": 0.94, ""VPN"": 0.86, ""Confluence"": 0.17, ""Terminal"": 0.24, ""HRMS"": 0.27, ""EmployeeRecords"": 0.29, ""ERP"": 0.11, ""Accounting"": 0.25, ""Invoices"": 0.22, ""Meetings"": 0.33, ""Analytics"": 0.17, ""CampaignDashboard"": 0.3, ""Monitoring"": 0.85, ""Firewall"": 0.79}, ""browser_probabilities"": {""Chrome"": 0.5, ""Firefox"": 0.5, ""Edge"": 0.0, ""Safari"": 0.0}, ""device_probabilities"": {""Laptop"": 1.0}, ""average_session_length"": 80.0, ""session_length_stddev"": 8, ""average_actions"": 24, ""actions_stddev"": 3, ""average_sessions_per_day"": 3, ""remote_work_probability"": 0.25}"
b88ec318-c16d-43ed-ad81-f8bd402913ec,EMP-0018,Gary Mason,Marketing,Marketing Specialist,New York,10:00,19:00,DEV-0033;DEV-0034,Chrome,macOS,0.2,Medium,"{""working_hours"": [10, 19], ""login_hour_distribution"": {""0"": 0.03, ""1"": 0.03, ""2"": 0.04, ""3"": 0.01, ""4"": 0.02, ""5"": 0.04, ""6"": 0.02, ""7"": 0.02, ""8"": 0.03, ""9"": 0.44, ""10"": 0.9, ""11"": 0.96, ""12"": 0.95, ""13"": 0.85, ""14"": 0.95, ""15"": 0.89, ""16"": 0.95, ""17"": 0.93, ""18"": 0.86, ""19"": 0.23, ""20"": 0.05, ""21"": 0.02, ""22"": 0.05, ""23"": 0.04}, ""resource_probabilities"": {""Payroll"": 0.0, ""FinanceDB"": 0.0, ""Email"": 0.88, ""GitHub"": 0.0, ""Jira"": 0.34, ""Slack"": 0.94, ""FileServer"": 0.04, ""HRPortal"": 0.0, ""CRM"": 0.79, ""AdminConsole"": 0.0, ""Servers"": 0.0, ""VPN"": 0.3, ""Confluence"": 0.1, ""Terminal"": 0.0, ""HRMS"": 0.0, ""EmployeeRecords"": 0.0, ""ERP"": 0.0, ""Accounting"": 0.0, ""Invoices"": 0.0, ""Meetings"": 0.23, ""Analytics"": 0.81, ""CampaignDashboard"": 0.87, ""Monitoring"": 0.0, ""Firewall"": 0.0}, ""browser_probabilities"": {""Chrome"": 0.5, ""Firefox"": 0.1, ""Edge"": 0.0, ""Safari"": 0.4}, ""device_probabilities"": {""Desktop"": 0.2, ""Laptop"": 0.8}, ""average_session_length"": 84.0, ""session_length_stddev"": 8, ""average_actions"": 23, ""actions_stddev"": 3, ""average_sessions_per_day"": 3, ""remote_work_probability"": 0.25}"
f0b6f83f-a377-46f1-9289-f0ab618ae305,EMP-0019,Wendy Boyd,HR,HR Specialist,New York,10:00,19:00,DEV-0035,Chrome,Windows,0.05,Medium,"{""working_hours"": [10, 19], ""login_hour_distribution"": {""0"": 0.05, ""1"": 0.03, ""2"": 0.05, ""3"": 0.02, ""4"": 0.01, ""5"": 0.04, ""6"": 0.05, ""7"": 0.02, ""8"": 0.03, ""9"": 0.23, ""10"": 0.97, ""11"": 0.85, ""12"": 0.89, ""13"": 0.82, ""14"": 0.96, ""15"": 0.82, ""16"": 0.88, ""17"": 0.92, ""18"": 0.93, ""19"": 0.44, ""20"": 0.03, ""21"": 0.04, ""22"": 0.02, ""23"": 0.03}, ""resource_probabilities"": {""Payroll"": 0.72, ""FinanceDB"": 0.0, ""Email"": 0.82, ""GitHub"": 0.0, ""Jira"": 0.03, ""Slack"": 0.34, ""FileServer"": 0.11, ""HRPortal"": 0.19, ""CRM"": 0.0, ""AdminConsole"": 0.0, ""Servers"": 0.0, ""VPN"": 0.21, ""Confluence"": 0.34, ""Terminal"": 0.0, ""HRMS"": 0.91, ""EmployeeRecords"": 0.72, ""ERP"": 0.0, ""Accounting"": 0.0, ""Invoices"": 0.0, ""Meetings"": 0.27, ""Analytics"": 0.0, ""CampaignDashboard"": 0.0, ""Monitoring"": 0.0, ""Firewall"": 0.0}, ""browser_probabilities"": {""Chrome"": 0.6, ""Firefox"": 0.15, ""Edge"": 0.25, ""Safari"": 0.0}, ""device_probabilities"": {""Laptop"": 1.0}, ""average_session_length"": 69.9, ""session_length_stddev"": 8, ""average_actions"": 25, ""actions_stddev"": 3, ""average_sessions_per_day"": 3, ""remote_work_probability"": 0.25}"
46a02a9b-65ec-4acd-8f80-35f55bd20c98,EMP-0020,Edward Baker,HR,Recruiter,New York,09:00,18:00,DEV-0036,Chrome,Windows,0.05,Low,"{""working_hours"": [9, 18], ""login_hour_distribution"": {""0"": 0.04, ""1"": 0.05, ""2"": 0.01, ""3"": 0.02, ""4"": 0.05, ""5"": 0.04, ""6"": 0.02, ""7"": 0.04, ""8"": 0.34, ""9"": 0.91, ""10"": 0.95, ""11"": 0.84, ""12"": 0.94, ""13"": 0.94, ""14"": 0.91, ""15"": 0.85, ""16"": 0.98, ""17"": 0.98, ""18"": 0.34, ""19"": 0.04, ""20"": 0.01, ""21"": 0.04, ""22"": 0.02, ""23"": 0.02}, ""resource_probabilities"": {""Payroll"": 0.9, ""FinanceDB"": 0.0, ""Email"": 0.85, ""GitHub"": 0.0, ""Jira"": 0.01, ""Slack"": 0.17, ""FileServer"": 0.13, ""HRPortal"": 0.21, ""CRM"": 0.0, ""AdminConsole"": 0.0, ""Servers"": 0.0, ""VPN"": 0.13, ""Confluence"": 0.12, ""Terminal"": 0.0, ""HRMS"": 0.81, ""EmployeeRecords"": 0.79, ""ERP"": 0.0, ""Accounting"": 0.0, ""Invoices"": 0.0, ""Meetings"": 0.25, ""Analytics"": 0.0, ""CampaignDashboard"": 0.0, ""Monitoring"": 0.0, ""Firewall"": 0.0}, ""browser_probabilities"": {""Chrome"": 0.6, ""Firefox"": 0.15, ""Edge"": 0.25, ""Safari"": 0.0}, ""device_probabilities"": {""Laptop"": 1.0}, ""average_session_length"": 59.7, ""session_length_stddev"": 8, ""average_actions"": 12, ""actions_stddev"": 3, ""average_sessions_per_day"": 3, ""remote_work_probability"": 0.25}"
ba2c98ce-0b19-488e-9d77-a45ef206c269,EMP-0021,Amy Montoya,IT,IT Director,London,08:00,18:00,DEV-0037,Chrome,Windows,0.6,Critical,"{""working_hours"": [8, 18], ""login_hour_distribution"": {""0"": 0.05, ""1"": 0.04, ""2"": 0.03, ""3"": 0.01, ""4"": 0.04, ""5"": 0.03, ""6"": 0.05, ""7"": 0.28, ""8"": 0.83, ""9"": 0.82, ""10"": 0.91, ""11"": 0.91, ""12"": 0.93, ""13"": 0.87, ""14"": 0.91, ""15"": 0.85, ""16"": 0.89, ""17"": 0.88, ""18"": 0.4, ""19"": 0.01, ""20"": 0.04, ""21"": 0.05, ""22"": 0.03, ""23"": 0.04}, ""resource_probabilities"": {""Payroll"": 0.21, ""FinanceDB"": 0.32, ""Email"": 0.2, ""GitHub"": 0.31, ""Jira"": 0.2, ""Slack"": 0.28, ""FileServer"": 0.78, ""HRPortal"": 0.18, ""CRM"": 0.16, ""AdminConsole"": 0.94, ""Servers"": 0.87, ""VPN"": 0.82, ""Confluence"": 0.12, ""Terminal"": 0.12, ""HRMS"": 0.21, ""EmployeeRecords"": 0.29, ""ERP"": 0.19, ""Accounting"": 0.13, ""Invoices"": 0.11, ""Meetings"": 0.34, ""Analytics"": 0.24, ""CampaignDashboard"": 0.27, ""Monitoring"": 0.8, ""Firewall"": 0.92}, ""browser_probabilities"": {""Chrome"": 0.6, ""Firefox"": 0.15, ""Edge"": 0.25, ""Safari"": 0.0}, ""device_probabilities"": {""Desktop"": 1.0}, ""average_session_length"": 113.5, ""session_length_stddev"": 8, ""average_actions"": 18, ""actions_stddev"": 3, ""average_sessions_per_day"": 3, ""remote_work_probability"": 0.25}"
0d2b91ef-b897-4ec5-aa74-bb18de3b496f,EMP-0022,Ronald Simpson,Sales,Sales Manager,Munich,08:00,17:00,DEV-0038;DEV-0039,Chrome,Windows,0.7,High,"{""working_hours"": [8, 17], ""login_hour_distribution"": {""0"": 0.02, ""1"": 0.04, ""2"": 0.02, ""3"": 0.01, ""4"": 0.04, ""5"": 0.02, ""6"": 0.04, ""7"": 0.34, ""8"": 0.95, ""9"": 0.95, ""10"": 0.98, ""11"": 0.95, ""12"": 0.91, ""13"": 0.92, ""14"": 0.8, ""15"": 0.97, ""16"": 0.95, ""17"": 0.27, ""18"": 0.02, ""19"": 0.04, ""20"": 0.02, ""21"": 0.02, ""22"": 0.01, ""23"": 0.04}, ""resource_probabilities"": {""Payroll"": 0.0, ""FinanceDB"": 0.0, ""Email"": 0.84, ""GitHub"": 0.0, ""Jira"": 0.2, ""Slack"": 0.74, ""FileServer"": 0.0, ""HRPortal"": 0.0, ""CRM"": 0.86, ""AdminConsole"": 0.0, ""Servers"": 0.0, ""VPN"": 0.11, ""Confluence"": 0.29, ""Terminal"": 0.0, ""HRMS"": 0.0, ""EmployeeRecords"": 0.0, ""ERP"": 0.0, ""Accounting"": 0.0, ""Invoices"": 0.0, ""Meetings"": 0.75, ""Analytics"": 0.2, ""CampaignDashboard"": 0.0, ""Monitoring"": 0.0, ""Firewall"": 0.0}, ""browser_probabilities"": {""Chrome"": 0.6, ""Firefox"": 0.15, ""Edge"": 0.25, ""Safari"": 0.0}, ""device_probabilities"": {""Laptop"": 0.7, ""Mobile"": 0.30000000000000004}, ""average_session_length"": 47.5, ""session_length_stddev"": 8, ""average_actions"": 16, ""actions_stddev"": 3, ""average_sessions_per_day"": 3, ""remote_work_probability"": 0.25}"
c6deb2f0-530a-41c7-b8ba-83684fc77768,EMP-0023,Carrie Berg,Engineering,Architect,Munich,08:00,17:00,DEV-0040;DEV-0041;DEV-0042,Chrome,Windows,0.45,High,"{""working_hours"": [8, 17], ""login_hour_distribution"": {""0"": 0.04, ""1"": 0.01, ""2"": 0.01, ""3"": 0.03, ""4"": 0.03, ""5"": 0.03, ""6"": 0.03, ""7"": 0.25, ""8"": 0.89, ""9"": 0.86, ""10"": 0.82, ""11"": 0.92, ""12"": 0.91, ""13"": 0.89, ""14"": 0.86, ""15"": 0.84, ""16"": 0.98, ""17"": 0.21, ""18"": 0.02, ""19"": 0.05, ""20"": 0.04, ""21"": 0.04, ""22"": 0.02, ""23"": 0.01}, ""resource_probabilities"": {""Payroll"": 0.0, ""FinanceDB"": 0.0, ""Email"": 0.22, ""GitHub"": 0.81, ""Jira"": 0.73, ""Slack"": 0.83, ""FileServer"": 0.16, ""HRPortal"": 0.0, ""CRM"": 0.0, ""AdminConsole"": 0.0, ""Servers"": 0.0, ""VPN"": 0.24, ""Confluence"": 0.87, ""Terminal"": 0.79, ""HRMS"": 0.0, ""EmployeeRecords"": 0.0, ""ERP"": 0.0, ""Accounting"": 0.0, ""Invoices"": 0.0, ""Meetings"": 0.2, ""Analytics"": 0.0, ""CampaignDashboard"": 0.0, ""Monitoring"": 0.0, ""Firewall"": 0.0}, ""browser_probabilities"": {""Chrome"": 0.6, ""Firefox"": 0.15, ""Edge"": 0.25, ""Safari"": 0.0}, ""device_probabilities"": {""Desktop"": 0.2, ""Mobile"": 0.1, ""Laptop"": 0.7000000000000001}, ""average_session_length"": 91.6, ""session_length_stddev"": 8, ""average_actions"": 18, ""actions_stddev"": 3, ""average_sessions_per_day"": 3, ""remote_work_probability"": 0.25}"
13eecdc6-ebd1-4d2c-b5b2-745504cc3ede,EMP-0024,Cheryl Christian,Sales,Sales Manager,Munich,08:00,17:00,DEV-0043;DEV-0044,Edge,Windows,0.7,High,"{""working_hours"": [8, 17], ""login_hour_distribution"": {""0"": 0.03, ""1"": 0.01, ""2"": 0.01, ""3"": 0.02, ""4"": 0.04, ""5"": 0.03, ""6"": 0.04, ""7"": 0.43, ""8"": 0.82, ""9"": 0.95, ""10"": 0.84, ""11"": 0.91, ""12"": 0.89, ""13"": 0.87, ""14"": 0.86, ""15"": 0.86, ""16"": 0.86, ""17"": 0.24, ""18"": 0.03, ""19"": 0.01, ""20"": 0.03, ""21"": 0.05, ""22"": 0.02, ""23"": 0.04}, ""resource_probabilities"": {""Payroll"": 0.0, ""FinanceDB"": 0.0, ""Email"": 0.9, ""GitHub"": 0.0, ""Jira"": 0.3, ""Slack"": 0.76, ""FileServer"": 0.0, ""HRPortal"": 0.0, ""CRM"": 0.74, ""AdminConsole"": 0.0, ""Servers"": 0.0, ""VPN"": 0.15, ""Confluence"": 0.25, ""Terminal"": 0.0, ""HRMS"": 0.0, ""EmployeeRecords"": 0.0, ""ERP"": 0.0, ""Accounting"": 0.0, ""Invoices"": 0.0, ""Meetings"": 0.89, ""Analytics"": 0.26, ""CampaignDashboard"": 0.0, ""Monitoring"": 0.0, ""Firewall"": 0.0}, ""browser_probabilities"": {""Chrome"": 0.6, ""Firefox"": 0.15, ""Edge"": 0.25, ""Safari"": 0.0}, ""device_probabilities"": {""Laptop"": 0.7, ""Mobile"": 0.30000000000000004}, ""average_session_length"": 29.5, ""session_length_stddev"": 8, ""average_actions"": 29, ""actions_stddev"": 3, ""average_sessions_per_day"": 3, ""remote_work_probability"": 0.25}"
c1235c91-76c5-40dc-be7e-7419a0c14035,EMP-0025,Jeffery Clark,Sales,Sales Director,Munich,09:00,18:00,DEV-0045;DEV-0046,Edge,Windows,0.7,Critical,"{""working_hours"": [9, 18], ""login_hour_distribution"": {""0"": 0.04, ""1"": 0.04, ""2"": 0.02, ""3"": 0.01, ""4"": 0.03, ""5"": 0.02, ""6"": 0.02, ""7"": 0.01, ""8"": 0.33, ""9"": 0.86, ""10"": 0.88, ""11"": 0.81, ""12"": 0.95, ""13"": 0.81, ""14"": 0.96, ""15"": 0.95, ""16"": 0.91, ""17"": 0.89, ""18"": 0.32, ""19"": 0.03, ""20"": 0.04, ""21"": 0.05, ""22"": 0.03, ""23"": 0.04}, ""resource_probabilities"": {""Payroll"": 0.0, ""FinanceDB"": 0.0, ""Email"": 0.86, ""GitHub"": 0.0, ""Jira"": 0.18, ""Slack"": 0.82, ""FileServer"": 0.0, ""HRPortal"": 0.0, ""CRM"": 0.74, ""AdminConsole"": 0.0, ""Servers"": 0.0, ""VPN"": 0.12, ""Confluence"": 0.13, ""Terminal"": 0.0, ""HRMS"": 0.0, ""EmployeeRecords"": 0.0, ""ERP"": 0.0, ""Accounting"": 0.0, ""Invoices"": 0.0, ""Meetings"": 0.92, ""Analytics"": 0.19, ""CampaignDashboard"": 0.0, ""Monitoring"": 0.0, ""Firewall"": 0.0}, ""browser_probabilities"": {""Chrome"": 0.6, ""Firefox"": 0.15, ""Edge"": 0.25, ""Safari"": 0.0}, ""device_probabilities"": {""Laptop"": 0.7, ""Mobile"": 0.30000000000000004}, ""average_session_length"": 88.6, ""session_length_stddev"": 8, ""average_actions"": 21, ""actions_stddev"": 3, ""average_sessions_per_day"": 3, ""remote_work_probability"": 0.25}"
3f6c21f7-0a05-47f0-ac2c-d22ba56895c6,EMP-0026,Zachary Brown,Engineering,Engineering Manager,Tokyo,10:00,19:00,DEV-0047,Chrome,macOS,0.45,High,"{""working_hours"": [10, 19], ""login_hour_distribution"": {""0"": 0.02, ""1"": 0.02, ""2"": 0.03, ""3"": 0.02, ""4"": 0.03, ""5"": 0.04, ""6"": 0.04, ""7"": 0.01, ""8"": 0.01, ""9"": 0.37, ""10"": 0.85, ""11"": 0.93, ""12"": 0.92, ""13"": 0.96, ""14"": 0.96, ""15"": 0.86, ""16"": 0.9, ""17"": 0.83, ""18"": 0.86, ""19"": 0.44, ""20"": 0.04, ""21"": 0.03, ""22"": 0.03, ""23"": 0.05}, ""resource_probabilities"": {""Payroll"": 0.0, ""FinanceDB"": 0.0, ""Email"": 0.18, ""GitHub"": 0.79, ""Jira"": 0.9, ""Slack"": 0.9, ""FileServer"": 0.27, ""HRPortal"": 0.0, ""CRM"": 0.0, ""AdminConsole"": 0.0, ""Servers"": 0.0, ""VPN"": 0.31, ""Confluence"": 0.88, ""Terminal"": 0.87, ""HRMS"": 0.0, ""EmployeeRecords"": 0.0, ""ERP"": 0.0, ""Accounting"": 0.0, ""Invoices"": 0.0, ""Meetings"": 0.23, ""Analytics"": 0.0, ""CampaignDashboard"": 0.0, ""Monitoring"": 0.0, ""Firewall"": 0.0}, ""browser_probabilities"": {""Chrome"": 0.5, ""Firefox"": 0.1, ""Edge"": 0.0, ""Safari"": 0.4}, ""device_probabilities"": {""Laptop"": 1.0}, ""average_session_length"": 81.1, ""session_length_stddev"": 8, ""average_actions"": 18, ""actions_stddev"": 3, ""average_sessions_per_day"": 3, ""remote_work_probability"": 0.25}"
5cd33369-04aa-41b7-9ca0-c428822c4d32,EMP-0027,Emma Howell,Finance,Treasurer,San Francisco,08:00,17:00,DEV-0048,Edge,Windows,0.15,Medium,"{""working_hours"": [8, 17], ""login_hour_distribution"": {""0"": 0.02, ""1"": 0.05, ""2"": 0.02, ""3"": 0.02, ""4"": 0.04, ""5"": 0.03, ""6"": 0.03, ""7"": 0.38, ""8"": 0.89, ""9"": 0.92, ""10"": 0.96, ""11"": 0.91, ""12"": 0.91, ""13"": 0.83, ""14"": 0.83, ""15"": 0.92, ""16"": 0.91, ""17"": 0.43, ""18"": 0.04, ""19"": 0.01, ""20"": 0.02, ""21"": 0.04, ""22"": 0.05, ""23"": 0.03}, ""resource_probabilities"": {""Payroll"": 0.29, ""FinanceDB"": 0.3, ""Email"": 0.76, ""GitHub"": 0.0, ""Jira"": 0.16, ""Slack"": 0.34, ""FileServer"": 0.3, ""HRPortal"": 0.0, ""CRM"": 0.0, ""AdminConsole"": 0.0, ""Servers"": 0.0, ""VPN"": 0.33, ""Confluence"": 0.15, ""Terminal"": 0.0, ""HRMS"": 0.0, ""EmployeeRecords"": 0.0, ""ERP"": 0.87, ""Accounting"": 0.84, ""Invoices"": 0.81, ""Meetings"": 0.04, ""Analytics"": 0.29, ""CampaignDashboard"": 0.0, ""Monitoring"": 0.0, ""Firewall"": 0.0}, ""browser_probabilities"": {""Chrome"": 0.6, ""Firefox"": 0.15, ""Edge"": 0.25, ""Safari"": 0.0}, ""device_probabilities"": {""Laptop"": 1.0}, ""average_session_length"": 65.3, ""session_length_stddev"": 8, ""average_actions"": 18, ""actions_stddev"": 3, ""average_sessions_per_day"": 3, ""remote_work_probability"": 0.25}"
331f63fb-d11f-48c0-a97c-a4fff75d599f,EMP-0028,Derrick Wong,Sales,Account Executive,London,07:00,16:00,DEV-0049;DEV-0050,Firefox,Windows,0.7,Medium,"{""working_hours"": [7, 16], ""login_hour_distribution"": {""0"": 0.03, ""1"": 0.01, ""2"": 0.04, ""3"": 0.04, ""4"": 0.02, ""5"": 0.04, ""6"": 0.27, ""7"": 0.96, ""8"": 0.83, ""9"": 0.88, ""10"": 0.97, ""11"": 0.84, ""12"": 0.88, ""13"": 0.86, ""14"": 0.8, ""15"": 0.81, ""16"": 0.33, ""17"": 0.02, ""18"": 0.05, ""19"": 0.02, ""20"": 0.01, ""21"": 0.05, ""22"": 0.04, ""23"": 0.04}, ""resource_probabilities"": {""Payroll"": 0.0, ""FinanceDB"": 0.0, ""Email"": 0.9, ""GitHub"": 0.0, ""Jira"": 0.13, ""Slack"": 0.77, ""FileServer"": 0.0, ""HRPortal"": 0.0, ""CRM"": 0.91, ""AdminConsole"": 0.0, ""Servers"": 0.0, ""VPN"": 0.27, ""Confluence"": 0.13, ""Terminal"": 0.0, ""HRMS"": 0.0, ""EmployeeRecords"": 0.0, ""ERP"": 0.0, ""Accounting"": 0.0, ""Invoices"": 0.0, ""Meetings"": 0.88, ""Analytics"": 0.21, ""CampaignDashboard"": 0.0, ""Monitoring"": 0.0, ""Firewall"": 0.0}, ""browser_probabilities"": {""Chrome"": 0.6, ""Firefox"": 0.15, ""Edge"": 0.25, ""Safari"": 0.0}, ""device_probabilities"": {""Desktop"": 0.2, ""Mobile"": 0.8}, ""average_session_length"": 10.6, ""session_length_stddev"": 8, ""average_actions"": 7, ""actions_stddev"": 3, ""average_sessions_per_day"": 3, ""remote_work_probability"": 0.25}"
d5c0244d-3735-462d-8184-3b0304dd7054,EMP-0029,David Davis,Sales,Account Executive,Munich,09:00,18:00,DEV-0051;DEV-0052;DEV-0053,Chrome,Windows,0.7,Medium,"{""working_hours"": [9, 18], ""login_hour_distribution"": {""0"": 0.04, ""1"": 0.02, ""2"": 0.01, ""3"": 0.02, ""4"": 0.04, ""5"": 0.03, ""6"": 0.01, ""7"": 0.04, ""8"": 0.32, ""9"": 0.9, ""10"": 0.91, ""11"": 0.9, ""12"": 0.93, ""13"": 0.85, ""14"": 0.8, ""15"": 0.86, ""16"": 0.9, ""17"": 0.83, ""18"": 0.37, ""19"": 0.03, ""20"": 0.02, ""21"": 0.05, ""22"": 0.03, ""23"": 0.04}, ""resource_probabilities"": {""Payroll"": 0.0, ""FinanceDB"": 0.0, ""Email"": 0.83, ""GitHub"": 0.0, ""Jira"": 0.11, ""Slack"": 0.92, ""FileServer"": 0.0, ""HRPortal"": 0.0, ""CRM"": 0.71, ""AdminConsole"": 0.0, ""Servers"": 0.0, ""VPN"": 0.2, ""Confluence"": 0.19, ""Terminal"": 0.0, ""HRMS"": 0.0, ""EmployeeRecords"": 0.0, ""ERP"": 0.0, ""Accounting"": 0.0, ""Invoices"": 0.0, ""Meetings"": 0.89, ""Analytics"": 0.19, ""CampaignDashboard"": 0.0, ""Monitoring"": 0.0, ""Firewall"": 0.0}, ""browser_probabilities"": {""Chrome"": 0.6, ""Firefox"": 0.15, ""Edge"": 0.25, ""Safari"": 0.0}, ""device_probabilities"": {""Laptop"": 0.6666666666666667, ""Mobile"": 0.3333333333333333}, ""average_session_length"": 17.4, ""session_length_stddev"": 8, ""average_actions"": 12, ""actions_stddev"": 3, ""average_sessions_per_day"": 3, ""remote_work_probability"": 0.25}"
1a89b71e-a0d5-42c8-a837-fe68bba205ca,EMP-0030,Pamela Lopez,Marketing,Marketing Manager,San Francisco,08:00,17:00,DEV-0054,Chrome,Windows,0.2,High,"{""working_hours"": [8, 17], ""login_hour_distribution"": {""0"": 0.04, ""1"": 0.04, ""2"": 0.04, ""3"": 0.05, ""4"": 0.03, ""5"": 0.02, ""6"": 0.02, ""7"": 0.38, ""8"": 0.97, ""9"": 0.81, ""10"": 0.84, ""11"": 0.94, ""12"": 0.96, ""13"": 0.86, ""14"": 0.86, ""15"": 0.87, ""16"": 0.95, ""17"": 0.32, ""18"": 0.01, ""19"": 0.04, ""20"": 0.02, ""21"": 0.04, ""22"": 0.01, ""23"": 0.04}, ""resource_probabilities"": {""Payroll"": 0.0, ""FinanceDB"": 0.0, ""Email"": 0.77, ""GitHub"": 0.0, ""Jira"": 0.3, ""Slack"": 0.81, ""FileServer"": 0.03, ""HRPortal"": 0.0, ""CRM"": 0.81, ""AdminConsole"": 0.0, ""Servers"": 0.0, ""VPN"": 0.34, ""Confluence"": 0.18, ""Terminal"": 0.0, ""HRMS"": 0.0, ""EmployeeRecords"": 0.0, ""ERP"": 0.0, ""Accounting"": 0.0, ""Invoices"": 0.0, ""Meetings"": 0.15, ""Analytics"": 0.87, ""CampaignDashboard"": 0.79, ""Monitoring"": 0.0, ""Firewall"": 0.0}, ""browser_probabilities"": {""Chrome"": 0.6, ""Firefox"": 0.15, ""Edge"": 0.25, ""Safari"": 0.0}, ""device_probabilities"": {""Laptop"": 1.0}, ""average_session_length"": 97.7, ""session_length_stddev"": 8, ""average_actions"": 13, ""actions_stddev"": 3, ""average_sessions_per_day"": 3, ""remote_work_probability"": 0.25}"
6cac028c-ba22-4065-9526-0718cd180a82,EMP-0031,Eric Nichols,IT,Systems Administrator,Tokyo,09:00,19:00,DEV-0055,Chrome,macOS,0.6,High,"{""working_hours"": [9, 19], ""login_hour_distribution"": {""0"": 0.02, ""1"": 0.01, ""2"": 0.02, ""3"": 0.02, ""4"": 0.03, ""5"": 0.04, ""6"": 0.02, ""7"": 0.03, ""8"": 0.31, ""9"": 0.93, ""10"": 0.96, ""11"": 0.91, ""12"": 0.88, ""13"": 0.92, ""14"": 0.94, ""15"": 0.81, ""16"": 0.92, ""17"": 0.87, ""18"": 0.89, ""19"": 0.39, ""20"": 0.02, ""21"": 0.01, ""22"": 0.04, ""23"": 0.04}, ""resource_probabilities"": {""Payroll"": 0.21, ""FinanceDB"": 0.13, ""Email"": 0.16, ""GitHub"": 0.26, ""Jira"": 0.19, ""Slack"": 0.34, ""FileServer"": 0.71, ""HRPortal"": 0.14, ""CRM"": 0.21, ""AdminConsole"": 0.79, ""Servers"": 0.81, ""VPN"": 0.72, ""Confluence"": 0.13, ""Terminal"": 0.19, ""HRMS"": 0.18, ""EmployeeRecords"": 0.17, ""ERP"": 0.34, ""Accounting"": 0.11, ""Invoices"": 0.15, ""Meetings"": 0.23, ""Analytics"": 0.33, ""CampaignDashboard"": 0.13, ""Monitoring"": 0.89, ""Firewall"": 0.88}, ""browser_probabilities"": {""Chrome"": 0.5, ""Firefox"": 0.1, ""Edge"": 0.0, ""Safari"": 0.4}, ""device_probabilities"": {""Desktop"": 1.0}, ""average_session_length"": 33.6, ""session_length_stddev"": 8, ""average_actions"": 24, ""actions_stddev"": 3, ""average_sessions_per_day"": 3, ""remote_work_probability"": 0.25}"
ffa623d0-ea9e-4c8d-b1a8-b71f491b90e9,EMP-0032,William Michael,Engineering,Engineering Manager,San Francisco,08:00,17:00,DEV-0056,Chrome,Linux,0.45,High,"{""working_hours"": [8, 17], ""login_hour_distribution"": {""0"": 0.02, ""1"": 0.04, ""2"": 0.05, ""3"": 0.04, ""4"": 0.05, ""5"": 0.05, ""6"": 0.04, ""7"": 0.38, ""8"": 0.9, ""9"": 0.85, ""10"": 0.85, ""11"": 0.83, ""12"": 0.93, ""13"": 0.93, ""14"": 0.83, ""15"": 0.87, ""16"": 0.84, ""17"": 0.45, ""18"": 0.04, ""19"": 0.02, ""20"": 0.03, ""21"": 0.02, ""22"": 0.03, ""23"": 0.03}, ""resource_probabilities"": {""Payroll"": 0.0, ""FinanceDB"": 0.0, ""Email"": 0.35, ""GitHub"": 0.73, ""Jira"": 0.92, ""Slack"": 0.72, ""FileServer"": 0.2, ""HRPortal"": 0.0, ""CRM"": 0.0, ""AdminConsole"": 0.0, ""Servers"": 0.0, ""VPN"": 0.28, ""Confluence"": 0.82, ""Terminal"": 0.8, ""HRMS"": 0.0, ""EmployeeRecords"": 0.0, ""ERP"": 0.0, ""Accounting"": 0.0, ""Invoices"": 0.0, ""Meetings"": 0.2, ""Analytics"": 0.0, ""CampaignDashboard"": 0.0, ""Monitoring"": 0.0, ""Firewall"": 0.0}, ""browser_probabilities"": {""Chrome"": 0.5, ""Firefox"": 0.5, ""Edge"": 0.0, ""Safari"": 0.0}, ""device_probabilities"": {""Laptop"": 1.0}, ""average_session_length"": 73.2, ""session_length_stddev"": 8, ""average_actions"": 9, ""actions_stddev"": 3, ""average_sessions_per_day"": 3, ""remote_work_probability"": 0.25}"
12fc7a87-a470-4d48-9128-b9b1f8ede0ca,EMP-0033,Chad Johnson,Sales,Sales Director,Tokyo,09:00,18:00,DEV-0057;DEV-0058;DEV-0059,Chrome,Windows,0.7,Critical,"{""working_hours"": [9, 18], ""login_hour_distribution"": {""0"": 0.04, ""1"": 0.03, ""2"": 0.03, ""3"": 0.04, ""4"": 0.02, ""5"": 0.03, ""6"": 0.04, ""7"": 0.04, ""8"": 0.33, ""9"": 0.85, ""10"": 0.83, ""11"": 0.97, ""12"": 0.84, ""13"": 0.97, ""14"": 0.89, ""15"": 0.85, ""16"": 0.81, ""17"": 0.84, ""18"": 0.44, ""19"": 0.02, ""20"": 0.04, ""21"": 0.03, ""22"": 0.01, ""23"": 0.04}, ""resource_probabilities"": {""Payroll"": 0.0, ""FinanceDB"": 0.0, ""Email"": 0.85, ""GitHub"": 0.0, ""Jira"": 0.25, ""Slack"": 0.74, ""FileServer"": 0.0, ""HRPortal"": 0.0, ""CRM"": 0.86, ""AdminConsole"": 0.0, ""Servers"": 0.0, ""VPN"": 0.33, ""Confluence"": 0.18, ""Terminal"": 0.0, ""HRMS"": 0.0, ""EmployeeRecords"": 0.0, ""ERP"": 0.0, ""Accounting"": 0.0, ""Invoices"": 0.0, ""Meetings"": 0.93, ""Analytics"": 0.11, ""CampaignDashboard"": 0.0, ""Monitoring"": 0.0, ""Firewall"": 0.0}, ""browser_probabilities"": {""Chrome"": 0.6, ""Firefox"": 0.15, ""Edge"": 0.25, ""Safari"": 0.0}, ""device_probabilities"": {""Laptop"": 0.6666666666666667, ""Mobile"": 0.3333333333333333}, ""average_session_length"": 105.0, ""session_length_stddev"": 8, ""average_actions"": 7, ""actions_stddev"": 3, ""average_sessions_per_day"": 3, ""remote_work_probability"": 0.25}"
c561b8dc-a436-4fcd-b2d3-f7610ba36279,EMP-0034,Gregory May,Sales,Sales Manager,San Francisco,09:00,18:00,DEV-0060;DEV-0061,Edge,Windows,0.7,High,"{""working_hours"": [9, 18], ""login_hour_distribution"": {""0"": 0.03, ""1"": 0.04, ""2"": 0.02, ""3"": 0.05, ""4"": 0.03, ""5"": 0.04, ""6"": 0.04, ""7"": 0.02, ""8"": 0.22, ""9"": 0.81, ""10"": 0.88, ""11"": 0.89, ""12"": 0.84, ""13"": 0.91, ""14"": 0.86, ""15"": 0.93, ""16"": 0.93, ""17"": 0.95, ""18"": 0.44, ""19"": 0.02, ""20"": 0.02, ""21"": 0.03, ""22"": 0.02, ""23"": 0.03}, ""resource_probabilities"": {""Payroll"": 0.0, ""FinanceDB"": 0.0, ""Email"": 0.77, ""GitHub"": 0.0, ""Jira"": 0.16, ""Slack"": 0.72, ""FileServer"": 0.0, ""HRPortal"": 0.0, ""CRM"": 0.77, ""AdminConsole"": 0.0, ""Servers"": 0.0, ""VPN"": 0.2, ""Confluence"": 0.25, ""Terminal"": 0.0, ""HRMS"": 0.0, ""EmployeeRecords"": 0.0, ""ERP"": 0.0, ""Accounting"": 0.0, ""Invoices"": 0.0, ""Meetings"": 0.76, ""Analytics"": 0.32, ""CampaignDashboard"": 0.0, ""Monitoring"": 0.0, ""Firewall"": 0.0}, ""browser_probabilities"": {""Chrome"": 0.6, ""Firefox"": 0.15, ""Edge"": 0.25, ""Safari"": 0.0}, ""device_probabilities"": {""Desktop"": 0.2, ""Mobile"": 0.8}, ""average_session_length"": 27.6, ""session_length_stddev"": 8, ""average_actions"": 15, ""actions_stddev"": 3, ""average_sessions_per_day"": 3, ""remote_work_probability"": 0.25}"
500e15c0-b89b-4f7f-93e3-4c35ef0a573d,EMP-0035,Autumn Mack,Sales,Account Executive,San Francisco,08:00,17:00,DEV-0062,Chrome,macOS,0.7,Medium,"{""working_hours"": [8, 17], ""login_hour_distribution"": {""0"": 0.05, ""1"": 0.03, ""2"": 0.01, ""3"": 0.03, ""4"": 0.03, ""5"": 0.02, ""6"": 0.03, ""7"": 0.21, ""8"": 0.85, ""9"": 0.91, ""10"": 0.95, ""11"": 0.92, ""12"": 0.85, ""13"": 0.8, ""14"": 0.82, ""15"": 0.82, ""16"": 0.85, ""17"": 0.29, ""18"": 0.03, ""19"": 0.01, ""20"": 0.01, ""21"": 0.03, ""22"": 0.02, ""23"": 0.02}, ""resource_probabilities"": {""Payroll"": 0.0, ""FinanceDB"": 0.0, ""Email"": 0.8, ""GitHub"": 0.0, ""Jira"": 0.21, ""Slack"": 0.84, ""FileServer"": 0.0, ""HRPortal"": 0.0, ""CRM"": 0.91, ""AdminConsole"": 0.0, ""Servers"": 0.0, ""VPN"": 0.26, ""Confluence"": 0.25, ""Terminal"": 0.0, ""HRMS"": 0.0, ""EmployeeRecords"": 0.0, ""ERP"": 0.0, ""Accounting"": 0.0, ""Invoices"": 0.0, ""Meetings"": 0.73, ""Analytics"": 0.12, ""CampaignDashboard"": 0.0, ""Monitoring"": 0.0, ""Firewall"": 0.0}, ""browser_probabilities"": {""Chrome"": 0.5, ""Firefox"": 0.1, ""Edge"": 0.0, ""Safari"": 0.4}, ""device_probabilities"": {""Laptop"": 1.0}, ""average_session_length"": 51.1, ""session_length_stddev"": 8, ""average_actions"": 15, ""actions_stddev"": 3, ""average_sessions_per_day"": 3, ""remote_work_probability"": 0.25}"
c14565c7-5d98-4115-b05e-eefe8ece1128,EMP-0036,Michelle Lopez,Marketing,Marketing Specialist,San Francisco,10:00,19:00,DEV-0063;DEV-0064,Chrome,Windows,0.2,Medium,"{""working_hours"": [10, 19], ""login_hour_distribution"": {""0"": 0.01, ""1"": 0.02, ""2"": 0.02, ""3"": 0.03, ""4"": 0.03, ""5"": 0.03, ""6"": 0.03, ""7"": 0.02, ""8"": 0.03, ""9"": 0.24, ""10"": 0.98, ""11"": 0.93, ""12"": 0.85, ""13"": 0.86, ""14"": 0.95, ""15"": 0.9, ""16"": 0.93, ""17"": 0.85, ""18"": 0.95, ""19"": 0.29, ""20"": 0.04, ""21"": 0.05, ""22"": 0.03, ""23"": 0.04}, ""resource_probabilities"": {""Payroll"": 0.0, ""FinanceDB"": 0.0, ""Email"": 0.88, ""GitHub"": 0.0, ""Jira"": 0.27, ""Slack"": 0.71, ""FileServer"": 0.03, ""HRPortal"": 0.0, ""CRM"": 0.94, ""AdminConsole"": 0.0, ""Servers"": 0.0, ""VPN"": 0.3, ""Confluence"": 0.29, ""Terminal"": 0.0, ""HRMS"": 0.0, ""EmployeeRecords"": 0.0, ""ERP"": 0.0, ""Accounting"": 0.0, ""Invoices"": 0.0, ""Meetings"": 0.24, ""Analytics"": 0.88, ""CampaignDashboard"": 0.85, ""Monitoring"": 0.0, ""Firewall"": 0.0}, ""browser_probabilities"": {""Chrome"": 0.6, ""Firefox"": 0.15, ""Edge"": 0.25, ""Safari"": 0.0}, ""device_probabilities"": {""Laptop"": 1.0}, ""average_session_length"": 28.8, ""session_length_stddev"": 8, ""average_actions"": 25, ""actions_stddev"": 3, ""average_sessions_per_day"": 3, ""remote_work_probability"": 0.25}"
d756ba9c-c64c-4647-9ea7-017cb89f7039,EMP-0037,Sarah Maxwell,Finance,Finance Director,San Francisco,10:00,19:00,DEV-0065;DEV-0066,Chrome,Windows,0.15,Critical,"{""working_hours"": [10, 19], ""login_hour_distribution"": {""0"": 0.04, ""1"": 0.02, ""2"": 0.03, ""3"": 0.03, ""4"": 0.03, ""5"": 0.02, ""6"": 0.03, ""7"": 0.03, ""8"": 0.03, ""9"": 0.41, ""10"": 0.93, ""11"": 0.93, ""12"": 0.89, ""13"": 0.9, ""14"": 0.98, ""15"": 0.89, ""16"": 0.87, ""17"": 0.97, ""18"": 0.88, ""19"": 0.33, ""20"": 0.03, ""21"": 0.04, ""22"": 0.04, ""23"": 0.04}, ""resource_probabilities"": {""Payroll"": 0.3, ""FinanceDB"": 0.17, ""Email"": 0.82, ""GitHub"": 0.0, ""Jira"": 0.34, ""Slack"": 0.17, ""FileServer"": 0.17, ""HRPortal"": 0.0, ""CRM"": 0.0, ""AdminConsole"": 0.0, ""Servers"": 0.0, ""VPN"": 0.34, ""Confluence"": 0.35, ""Terminal"": 0.0, ""HRMS"": 0.0, ""EmployeeRecords"": 0.0, ""ERP"": 0.89, ""Accounting"": 0.88, ""Invoices"": 0.87, ""Meetings"": 0.03, ""Analytics"": 0.22, ""CampaignDashboard"": 0.0, ""Monitoring"": 0.0, ""Firewall"": 0.0}, ""browser_probabilities"": {""Chrome"": 0.6, ""Firefox"": 0.15, ""Edge"": 0.25, ""Safari"": 0.0}, ""device_probabilities"": {""Desktop"": 0.2, ""Mobile"": 0.8}, ""average_session_length"": 71.7, ""session_length_stddev"": 8, ""average_actions"": 30, ""actions_stddev"": 3, ""average_sessions_per_day"": 3, ""remote_work_probability"": 0.25}"
1f33242d-49ac-4087-8601-5028b8beff3d,EMP-0038,Stephanie Robertson,Sales,Sales Director,Tokyo,08:00,17:00,DEV-0067;DEV-0068,Safari,macOS,0.7,Critical,"{""working_hours"": [8, 17], ""login_hour_distribution"": {""0"": 0.02, ""1"": 0.02, ""2"": 0.04, ""3"": 0.02, ""4"": 0.03, ""5"": 0.02, ""6"": 0.03, ""7"": 0.25, ""8"": 0.9, ""9"": 0.97, ""10"": 0.93, ""11"": 0.82, ""12"": 0.91, ""13"": 0.91, ""14"": 0.84, ""15"": 0.92, ""16"": 0.9, ""17"": 0.36, ""18"": 0.01, ""19"": 0.03, ""20"": 0.04, ""21"": 0.01, ""22"": 0.04, ""23"": 0.01}, ""resource_probabilities"": {""Payroll"": 0.0, ""FinanceDB"": 0.0, ""Email"": 0.84, ""GitHub"": 0.0, ""Jira"": 0.33, ""Slack"": 0.8, ""FileServer"": 0.0, ""HRPortal"": 0.0, ""CRM"": 0.93, ""AdminConsole"": 0.0, ""Servers"": 0.0, ""VPN"": 0.32, ""Confluence"": 0.22, ""Terminal"": 0.0, ""HRMS"": 0.0, ""EmployeeRecords"": 0.0, ""ERP"": 0.0, ""Accounting"": 0.0, ""Invoices"": 0.0, ""Meetings"": 0.75, ""Analytics"": 0.34, ""CampaignDashboard"": 0.0, ""Monitoring"": 0.0, ""Firewall"": 0.0}, ""browser_probabilities"": {""Chrome"": 0.5, ""Firefox"": 0.1, ""Edge"": 0.0, ""Safari"": 0.4}, ""device_probabilities"": {""Laptop"": 0.7, ""Mobile"": 0.30000000000000004}, ""average_session_length"": 45.3, ""session_length_stddev"": 8, ""average_actions"": 25, ""actions_stddev"": 3, ""average_sessions_per_day"": 3, ""remote_work_probability"": 0.25}"
16e6e5c0-c4cb-494f-a86e-8e630f25477d,EMP-0039,Anna Haynes DVM,Finance,Finance Analyst,Munich,10:00,19:00,DEV-0069;DEV-0070,Firefox,Windows,0.15,Medium,"{""working_hours"": [10, 19], ""login_hour_distribution"": {""0"": 0.05, ""1"": 0.02, ""2"": 0.05, ""3"": 0.02, ""4"": 0.05, ""5"": 0.05, ""6"": 0.03, ""7"": 0.03, ""8"": 0.05, ""9"": 0.44, ""10"": 0.97, ""11"": 0.96, ""12"": 0.8, ""13"": 0.9, ""14"": 0.82, ""15"": 0.98, ""16"": 0.85, ""17"": 0.98, ""18"": 0.9, ""19"": 0.32, ""20"": 0.05, ""21"": 0.04, ""22"": 0.03, ""23"": 0.02}, ""resource_probabilities"": {""Payroll"": 0.13, ""FinanceDB"": 0.14, ""Email"": 0.81, ""GitHub"": 0.0, ""Jira"": 0.16, ""Slack"": 0.15, ""FileServer"": 0.28, ""HRPortal"": 0.0, ""CRM"": 0.0, ""AdminConsole"": 0.0, ""Servers"": 0.0, ""VPN"": 0.3, ""Confluence"": 0.24, ""Terminal"": 0.0, ""HRMS"": 0.0, ""EmployeeRecords"": 0.0, ""ERP"": 0.89, ""Accounting"": 0.74, ""Invoices"": 0.91, ""Meetings"": 0.05, ""Analytics"": 0.31, ""CampaignDashboard"": 0.0, ""Monitoring"": 0.0, ""Firewall"": 0.0}, ""browser_probabilities"": {""Chrome"": 0.6, ""Firefox"": 0.15, ""Edge"": 0.25, ""Safari"": 0.0}, ""device_probabilities"": {""Laptop"": 0.7, ""Mobile"": 0.30000000000000004}, ""average_session_length"": 66.7, ""session_length_stddev"": 8, ""average_actions"": 7, ""actions_stddev"": 3, ""average_sessions_per_day"": 3, ""remote_work_probability"": 0.25}"
2f4dd219-186b-4880-ab54-5a15669d01ff,EMP-0040,Ivan Sloan,Marketing,Marketing Specialist,Tokyo,09:00,18:00,DEV-0071;DEV-0072;DEV-0073,Chrome,macOS,0.2,Medium,"{""working_hours"": [9, 18], ""login_hour_distribution"": {""0"": 0.03, ""1"": 0.03, ""2"": 0.02, ""3"": 0.02, ""4"": 0.03, ""5"": 0.03, ""6"": 0.02, ""7"": 0.02, ""8"": 0.26, ""9"": 0.92, ""10"": 0.88, ""11"": 0.83, ""12"": 0.92, ""13"": 0.97, ""14"": 0.96, ""15"": 0.94, ""16"": 0.92, ""17"": 0.91, ""18"": 0.44, ""19"": 0.02, ""20"": 0.02, ""21"": 0.05, ""22"": 0.03, ""23"": 0.03}, ""resource_probabilities"": {""Payroll"": 0.0, ""FinanceDB"": 0.0, ""Email"": 0.95, ""GitHub"": 0.0, ""Jira"": 0.19, ""Slack"": 0.88, ""FileServer"": 0.05, ""HRPortal"": 0.0, ""CRM"": 0.89, ""AdminConsole"": 0.0, ""Servers"": 0.0, ""VPN"": 0.3, ""Confluence"": 0.31, ""Terminal"": 0.0, ""HRMS"": 0.0, ""EmployeeRecords"": 0.0, ""ERP"": 0.0, ""Accounting"": 0.0, ""Invoices"": 0.0, ""Meetings"": 0.29, ""Analytics"": 0.87, ""CampaignDashboard"": 0.85, ""Monitoring"": 0.0, ""Firewall"": 0.0}, ""browser_probabilities"": {""Chrome"": 0.5, ""Firefox"": 0.1, ""Edge"": 0.0, ""Safari"": 0.4}, ""device_probabilities"": {""Desktop"": 0.2, ""Mobile"": 0.1, ""Laptop"": 0.7000000000000001}, ""average_session_length"": 96.6, ""session_length_stddev"": 8, ""average_actions"": 21, ""actions_stddev"": 3, ""average_sessions_per_day"": 3, ""remote_work_probability"": 0.25}"
5c9deee0-b42a-4456-8736-5a84725e134d,EMP-0041,Jennifer Davis,Engineering,Software Engineer,Munich,08:00,17:00,DEV-0074,Firefox,Linux,0.45,Medium,"{""working_hours"": [8, 17], ""login_hour_distribution"": {""0"": 0.03, ""1"": 0.03, ""2"": 0.02, ""3"": 0.02, ""4"": 0.03, ""5"": 0.01, ""6"": 0.02, ""7"": 0.35, ""8"": 0.82, ""9"": 0.89, ""10"": 0.95, ""11"": 0.88, ""12"": 0.89, ""13"": 0.88, ""14"": 0.81, ""15"": 0.88, ""16"": 0.95, ""17"": 0.38, ""18"": 0.03, ""19"": 0.04, ""20"": 0.04, ""21"": 0.03, ""22"": 0.01, ""23"": 0.02}, ""resource_probabilities"": {""Payroll"": 0.0, ""FinanceDB"": 0.0, ""Email"": 0.12, ""GitHub"": 0.95, ""Jira"": 0.93, ""Slack"": 0.72, ""FileServer"": 0.33, ""HRPortal"": 0.0, ""CRM"": 0.0, ""AdminConsole"": 0.0, ""Servers"": 0.0, ""VPN"": 0.11, ""Confluence"": 0.8, ""Terminal"": 0.89, ""HRMS"": 0.0, ""EmployeeRecords"": 0.0, ""ERP"": 0.0, ""Accounting"": 0.0, ""Invoices"": 0.0, ""Meetings"": 0.29, ""Analytics"": 0.0, ""CampaignDashboard"": 0.0, ""Monitoring"": 0.0, ""Firewall"": 0.0}, ""browser_probabilities"": {""Chrome"": 0.5, ""Firefox"": 0.5, ""Edge"": 0.0, ""Safari"": 0.0}, ""device_probabilities"": {""Laptop"": 1.0}, ""average_session_length"": 117.6, ""session_length_stddev"": 8, ""average_actions"": 25, ""actions_stddev"": 3, ""average_sessions_per_day"": 3, ""remote_work_probability"": 0.25}"
fe2bd987-5fdc-4bbf-ab9c-d71cf6ba745b,EMP-0042,Jaime Garza,IT,Security Analyst,Tokyo,08:00,18:00,DEV-0075;DEV-0076;DEV-0077,Firefox,Linux,0.6,High,"{""working_hours"": [8, 18], ""login_hour_distribution"": {""0"": 0.04, ""1"": 0.03, ""2"": 0.04, ""3"": 0.02, ""4"": 0.02, ""5"": 0.03, ""6"": 0.03, ""7"": 0.38, ""8"": 0.84, ""9"": 0.8, ""10"": 0.8, ""11"": 0.85, ""12"": 0.92, ""13"": 0.9, ""14"": 0.9, ""15"": 0.95, ""16"": 0.84, ""17"": 0.86, ""18"": 0.27, ""19"": 0.05, ""20"": 0.04, ""21"": 0.01, ""22"": 0.04, ""23"": 0.03}, ""resource_probabilities"": {""Payroll"": 0.29, ""FinanceDB"": 0.32, ""Email"": 0.1, ""GitHub"": 0.15, ""Jira"": 0.13, ""Slack"": 0.11, ""FileServer"": 0.85, ""HRPortal"": 0.28, ""CRM"": 0.11, ""AdminConsole"": 0.89, ""Servers"": 0.8, ""VPN"": 0.76, ""Confluence"": 0.15, ""Terminal"": 0.32, ""HRMS"": 0.11, ""EmployeeRecords"": 0.23, ""ERP"": 0.17, ""Accounting"": 0.3, ""Invoices"": 0.28, ""Meetings"": 0.18, ""Analytics"": 0.25, ""CampaignDashboard"": 0.27, ""Monitoring"": 0.78, ""Firewall"": 0.78}, ""browser_probabilities"": {""Chrome"": 0.5, ""Firefox"": 0.5, ""Edge"": 0.0, ""Safari"": 0.0}, ""device_probabilities"": {""Laptop"": 2.333333333333333, ""Mobile"": -1.3333333333333328}, ""average_session_length"": 25.8, ""session_length_stddev"": 8, ""average_actions"": 26, ""actions_stddev"": 3, ""average_sessions_per_day"": 3, ""remote_work_probability"": 0.25}"
4ceda164-69df-44e9-b896-41dd8570b59f,EMP-0043,Roger Collins,Engineering,DevOps Engineer,New York,10:00,19:00,DEV-0078,Firefox,Windows,0.45,Medium,"{""working_hours"": [10, 19], ""login_hour_distribution"": {""0"": 0.05, ""1"": 0.04, ""2"": 0.03, ""3"": 0.03, ""4"": 0.05, ""5"": 0.05, ""6"": 0.04, ""7"": 0.04, ""8"": 0.02, ""9"": 0.3, ""10"": 0.83, ""11"": 0.87, ""12"": 0.94, ""13"": 0.89, ""14"": 0.95, ""15"": 0.85, ""16"": 0.93, ""17"": 0.95, ""18"": 0.96, ""19"": 0.34, ""20"": 0.05, ""21"": 0.03, ""22"": 0.02, ""23"": 0.02}, ""resource_probabilities"": {""Payroll"": 0.0, ""FinanceDB"": 0.0, ""Email"": 0.15, ""GitHub"": 0.86, ""Jira"": 0.93, ""Slack"": 0.91, ""FileServer"": 0.12, ""HRPortal"": 0.0, ""CRM"": 0.0, ""AdminConsole"": 0.0, ""Servers"": 0.0, ""VPN"": 0.28, ""Confluence"": 0.75, ""Terminal"": 0.77, ""HRMS"": 0.0, ""EmployeeRecords"": 0.0, ""ERP"": 0.0, ""Accounting"": 0.0, ""Invoices"": 0.0, ""Meetings"": 0.27, ""Analytics"": 0.0, ""CampaignDashboard"": 0.0, ""Monitoring"": 0.0, ""Firewall"": 0.0}, ""browser_probabilities"": {""Chrome"": 0.6, ""Firefox"": 0.15, ""Edge"": 0.25, ""Safari"": 0.0}, ""device_probabilities"": {""Laptop"": 1.0}, ""average_session_length"": 76.3, ""session_length_stddev"": 8, ""average_actions"": 7, ""actions_stddev"": 3, ""average_sessions_per_day"": 3, ""remote_work_probability"": 0.25}"
966be275-c2fe-4954-8dfd-9531302b7831,EMP-0044,Heather Rowe,Sales,Account Executive,Tokyo,07:00,16:00,DEV-0079,Chrome,macOS,0.7,Medium,"{""working_hours"": [7, 16], ""login_hour_distribution"": {""0"": 0.05, ""1"": 0.01, ""2"": 0.05, ""3"": 0.05, ""4"": 0.01, ""5"": 0.05, ""6"": 0.32, ""7"": 0.84, ""8"": 0.91, ""9"": 0.84, ""10"": 0.96, ""11"": 0.9, ""12"": 0.94, ""13"": 0.87, ""14"": 0.9, ""15"": 0.86, ""16"": 0.27, ""17"": 0.03, ""18"": 0.03, ""19"": 0.01, ""20"": 0.05, ""21"": 0.03, ""22"": 0.04, ""23"": 0.05}, ""resource_probabilities"": {""Payroll"": 0.0, ""FinanceDB"": 0.0, ""Email"": 0.79, ""GitHub"": 0.0, ""Jira"": 0.2, ""Slack"": 0.84, ""FileServer"": 0.0, ""HRPortal"": 0.0, ""CRM"": 0.76, ""AdminConsole"": 0.0, ""Servers"": 0.0, ""VPN"": 0.14, ""Confluence"": 0.17, ""Terminal"": 0.0, ""HRMS"": 0.0, ""EmployeeRecords"": 0.0, ""ERP"": 0.0, ""Accounting"": 0.0, ""Invoices"": 0.0, ""Meetings"": 0.93, ""Analytics"": 0.24, ""CampaignDashboard"": 0.0, ""Monitoring"": 0.0, ""Firewall"": 0.0}, ""browser_probabilities"": {""Chrome"": 0.5, ""Firefox"": 0.1, ""Edge"": 0.0, ""Safari"": 0.4}, ""device_probabilities"": {""Laptop"": 1.0}, ""average_session_length"": 55.9, ""session_length_stddev"": 8, ""average_actions"": 9, ""actions_stddev"": 3, ""average_sessions_per_day"": 3, ""remote_work_probability"": 0.25}"
613d2de9-3ae2-4023-9472-0d2d32399ffb,EMP-0045,Tiffany Harris,Marketing,Marketing Specialist,Tokyo,10:00,19:00,DEV-0080,Safari,macOS,0.2,Medium,"{""working_hours"": [10, 19], ""login_hour_distribution"": {""0"": 0.02, ""1"": 0.04, ""2"": 0.05, ""3"": 0.04, ""4"": 0.03, ""5"": 0.02, ""6"": 0.04, ""7"": 0.02, ""8"": 0.04, ""9"": 0.32, ""10"": 0.97, ""11"": 0.9, ""12"": 0.92, ""13"": 0.81, ""14"": 0.81, ""15"": 0.95, ""16"": 0.97, ""17"": 0.92, ""18"": 0.94, ""19"": 0.3, ""20"": 0.04, ""21"": 0.02, ""22"": 0.04, ""23"": 0.01}, ""resource_probabilities"": {""Payroll"": 0.0, ""FinanceDB"": 0.0, ""Email"": 0.83, ""GitHub"": 0.0, ""Jira"": 0.19, ""Slack"": 0.85, ""FileServer"": 0.04, ""HRPortal"": 0.0, ""CRM"": 0.85, ""AdminConsole"": 0.0, ""Servers"": 0.0, ""VPN"": 0.22, ""Confluence"": 0.22, ""Terminal"": 0.0, ""HRMS"": 0.0, ""EmployeeRecords"": 0.0, ""ERP"": 0.0, ""Accounting"": 0.0, ""Invoices"": 0.0, ""Meetings"": 0.1, ""Analytics"": 0.84, ""CampaignDashboard"": 0.7, ""Monitoring"": 0.0, ""Firewall"": 0.0}, ""browser_probabilities"": {""Chrome"": 0.5, ""Firefox"": 0.1, ""Edge"": 0.0, ""Safari"": 0.4}, ""device_probabilities"": {""Laptop"": 1.0}, ""average_session_length"": 68.2, ""session_length_stddev"": 8, ""average_actions"": 13, ""actions_stddev"": 3, ""average_sessions_per_day"": 3, ""remote_work_probability"": 0.25}"
0463750e-4964-4b96-ba3c-1628892621df,EMP-0046,Danny Malone,IT,IT Director,Tokyo,07:00,17:00,DEV-0081;DEV-0082,Chrome,Linux,0.6,Critical,"{""working_hours"": [7, 17], ""login_hour_distribution"": {""0"": 0.02, ""1"": 0.02, ""2"": 0.03, ""3"": 0.04, ""4"": 0.02, ""5"": 0.03, ""6"": 0.29, ""7"": 0.87, ""8"": 0.9, ""9"": 0.98, ""10"": 0.84, ""11"": 0.92, ""12"": 0.95, ""13"": 0.92, ""14"": 0.95, ""15"": 0.94, ""16"": 0.82, ""17"": 0.29, ""18"": 0.03, ""19"": 0.01, ""20"": 0.01, ""21"": 0.02, ""22"": 0.03, ""23"": 0.03}, ""resource_probabilities"": {""Payroll"": 0.3, ""FinanceDB"": 0.24, ""Email"": 0.31, ""GitHub"": 0.12, ""Jira"": 0.23, ""Slack"": 0.11, ""FileServer"": 0.75, ""HRPortal"": 0.32, ""CRM"": 0.32, ""AdminConsole"": 0.82, ""Servers"": 0.71, ""VPN"": 0.72, ""Confluence"": 0.33, ""Terminal"": 0.32, ""HRMS"": 0.24, ""EmployeeRecords"": 0.11, ""ERP"": 0.33, ""Accounting"": 0.18, ""Invoices"": 0.34, ""Meetings"": 0.25, ""Analytics"": 0.29, ""CampaignDashboard"": 0.28, ""Monitoring"": 0.8, ""Firewall"": 0.72}, ""browser_probabilities"": {""Chrome"": 0.5, ""Firefox"": 0.5, ""Edge"": 0.0, ""Safari"": 0.0}, ""device_probabilities"": {""Laptop"": 1.0}, ""average_session_length"": 27.9, ""session_length_stddev"": 8, ""average_actions"": 12, ""actions_stddev"": 3, ""average_sessions_per_day"": 3, ""remote_work_probability"": 0.25}"
639fc471-d975-4f00-95ab-a8ae9112fbc0,EMP-0047,Cynthia Perez,Finance,Treasurer,Tokyo,10:00,19:00,DEV-0083,Firefox,Windows,0.15,Medium,"{""working_hours"": [10, 19], ""login_hour_distribution"": {""0"": 0.04, ""1"": 0.03, ""2"": 0.05, ""3"": 0.01, ""4"": 0.03, ""5"": 0.04, ""6"": 0.02, ""7"": 0.04, ""8"": 0.05, ""9"": 0.3, ""10"": 0.94, ""11"": 0.81, ""12"": 0.85, ""13"": 0.98, ""14"": 0.89, ""15"": 0.86, ""16"": 0.97, ""17"": 0.88, ""18"": 0.92, ""19"": 0.37, ""20"": 0.01, ""21"": 0.03, ""22"": 0.04, ""23"": 0.04}, ""resource_probabilities"": {""Payroll"": 0.12, ""FinanceDB"": 0.14, ""Email"": 0.88, ""GitHub"": 0.0, ""Jira"": 0.26, ""Slack"": 0.28, ""FileServer"": 0.18, ""HRPortal"": 0.0, ""CRM"": 0.0, ""AdminConsole"": 0.0, ""Servers"": 0.0, ""VPN"": 0.13, ""Confluence"": 0.1, ""Terminal"": 0.0, ""HRMS"": 0.0, ""EmployeeRecords"": 0.0, ""ERP"": 0.78, ""Accounting"": 0.79, ""Invoices"": 0.77, ""Meetings"": 0.02, ""Analytics"": 0.15, ""CampaignDashboard"": 0.0, ""Monitoring"": 0.0, ""Firewall"": 0.0}, ""browser_probabilities"": {""Chrome"": 0.6, ""Firefox"": 0.15, ""Edge"": 0.25, ""Safari"": 0.0}, ""device_probabilities"": {""Desktop"": 1.0}, ""average_session_length"": 59.4, ""session_length_stddev"": 8, ""average_actions"": 22, ""actions_stddev"": 3, ""average_sessions_per_day"": 3, ""remote_work_probability"": 0.25}"
06b919aa-1a71-47c7-a875-9545832f52c4,EMP-0048,Rodney Perry,IT,Systems Administrator,London,09:00,19:00,DEV-0084;DEV-0085;DEV-0086,Firefox,Linux,0.6,High,"{""working_hours"": [9, 19], ""login_hour_distribution"": {""0"": 0.02, ""1"": 0.03, ""2"": 0.02, ""3"": 0.03, ""4"": 0.01, ""5"": 0.05, ""6"": 0.05, ""7"": 0.05, ""8"": 0.34, ""9"": 0.83, ""10"": 0.87, ""11"": 0.82, ""12"": 0.85, ""13"": 0.89, ""14"": 0.81, ""15"": 0.88, ""16"": 0.88, ""17"": 0.89, ""18"": 0.81, ""19"": 0.26, ""20"": 0.02, ""21"": 0.04, ""22"": 0.03, ""23"": 0.02}, ""resource_probabilities"": {""Payroll"": 0.13, ""FinanceDB"": 0.18, ""Email"": 0.34, ""GitHub"": 0.18, ""Jira"": 0.26, ""Slack"": 0.3, ""FileServer"": 0.78, ""HRPortal"": 0.18, ""CRM"": 0.3, ""AdminConsole"": 0.91, ""Servers"": 0.94, ""VPN"": 0.73, ""Confluence"": 0.18, ""Terminal"": 0.34, ""HRMS"": 0.15, ""EmployeeRecords"": 0.18, ""ERP"": 0.34, ""Accounting"": 0.34, ""Invoices"": 0.17, ""Meetings"": 0.27, ""Analytics"": 0.22, ""CampaignDashboard"": 0.24, ""Monitoring"": 0.76, ""Firewall"": 0.79}, ""browser_probabilities"": {""Chrome"": 0.5, ""Firefox"": 0.5, ""Edge"": 0.0, ""Safari"": 0.0}, ""device_probabilities"": {""Desktop"": 0.6666666666666665, ""Laptop"": 0.33333333333333354}, ""average_session_length"": 99.8, ""session_length_stddev"": 8, ""average_actions"": 17, ""actions_stddev"": 3, ""average_sessions_per_day"": 3, ""remote_work_probability"": 0.25}"
905881df-ee9b-43e1-9d27-c09a5d71a898,EMP-0049,Jennifer Thompson,IT,Helpdesk Support,Munich,09:00,19:00,DEV-0087;DEV-0088;DEV-0089,Firefox,Linux,0.6,Low,"{""working_hours"": [9, 19], ""login_hour_distribution"": {""0"": 0.01, ""1"": 0.04, ""2"": 0.05, ""3"": 0.02, ""4"": 0.04, ""5"": 0.04, ""6"": 0.01, ""7"": 0.04, ""8"": 0.4, ""9"": 0.92, ""10"": 0.83, ""11"": 0.85, ""12"": 0.85, ""13"": 0.83, ""14"": 0.88, ""15"": 0.87, ""16"": 0.88, ""17"": 0.91, ""18"": 0.9, ""19"": 0.33, ""20"": 0.05, ""21"": 0.04, ""22"": 0.03, ""23"": 0.01}, ""resource_probabilities"": {""Payroll"": 0.34, ""FinanceDB"": 0.28, ""Email"": 0.3, ""GitHub"": 0.25, ""Jira"": 0.33, ""Slack"": 0.13, ""FileServer"": 0.76, ""HRPortal"": 0.27, ""CRM"": 0.14, ""AdminConsole"": 0.85, ""Servers"": 0.84, ""VPN"": 0.86, ""Confluence"": 0.26, ""Terminal"": 0.34, ""HRMS"": 0.18, ""EmployeeRecords"": 0.3, ""ERP"": 0.13, ""Accounting"": 0.12, ""Invoices"": 0.16, ""Meetings"": 0.29, ""Analytics"": 0.24, ""CampaignDashboard"": 0.27, ""Monitoring"": 0.76, ""Firewall"": 0.79}, ""browser_probabilities"": {""Chrome"": 0.5, ""Firefox"": 0.5, ""Edge"": 0.0, ""Safari"": 0.0}, ""device_probabilities"": {""Laptop"": 2.333333333333333, ""Mobile"": -1.3333333333333328}, ""average_session_length"": 60.9, ""session_length_stddev"": 8, ""average_actions"": 26, ""actions_stddev"": 3, ""average_sessions_per_day"": 3, ""remote_work_probability"": 0.25}"
2697384d-801e-4690-b0c0-7fcc96add4df,EMP-0050,Joseph Torres,Engineering,DevOps Engineer,New York,09:00,18:00,DEV-0090;DEV-0091,Chrome,Linux,0.45,Medium,"{""working_hours"": [9, 18], ""login_hour_distribution"": {""0"": 0.05, ""1"": 0.01, ""2"": 0.05, ""3"": 0.02, ""4"": 0.02, ""5"": 0.03, ""6"": 0.02, ""7"": 0.03, ""8"": 0.32, ""9"": 0.88, ""10"": 0.93, ""11"": 0.86, ""12"": 0.85, ""13"": 0.95, ""14"": 0.82, ""15"": 0.95, ""16"": 0.92, ""17"": 0.92, ""18"": 0.24, ""19"": 0.05, ""20"": 0.02, ""21"": 0.02, ""22"": 0.02, ""23"": 0.03}, ""resource_probabilities"": {""Payroll"": 0.0, ""FinanceDB"": 0.0, ""Email"": 0.34, ""GitHub"": 0.76, ""Jira"": 0.8, ""Slack"": 0.75, ""FileServer"": 0.26, ""HRPortal"": 0.0, ""CRM"": 0.0, ""AdminConsole"": 0.0, ""Servers"": 0.0, ""VPN"": 0.21, ""Confluence"": 0.71, ""Terminal"": 0.85, ""HRMS"": 0.0, ""EmployeeRecords"": 0.0, ""ERP"": 0.0, ""Accounting"": 0.0, ""Invoices"": 0.0, ""Meetings"": 0.15, ""Analytics"": 0.0, ""CampaignDashboard"": 0.0, ""Monitoring"": 0.0, ""Firewall"": 0.0}, ""browser_probabilities"": {""Chrome"": 0.5, ""Firefox"": 0.5, ""Edge"": 0.0, ""Safari"": 0.0}, ""device_probabilities"": {""Laptop"": 0.7, ""Mobile"": 0.30000000000000004}, ""average_session_length"": 75.1, ""session_length_stddev"": 8, ""average_actions"": 17, ""actions_stddev"": 3, ""average_sessions_per_day"": 3, ""remote_work_probability"": 0.25}"
34ae4abd-36fc-40ac-b469-8db30123a348,EMP-0051,Richard Griffin,Finance,Treasurer,New York,10:00,19:00,DEV-0092;DEV-0093,Firefox,Windows,0.15,Medium,"{""working_hours"": [10, 19], ""login_hour_distribution"": {""0"": 0.02, ""1"": 0.02, ""2"": 0.03, ""3"": 0.02, ""4"": 0.04, ""5"": 0.03, ""6"": 0.04, ""7"": 0.03, ""8"": 0.03, ""9"": 0.35, ""10"": 0.86, ""11"": 0.95, ""12"": 0.91, ""13"": 0.95, ""14"": 0.93, ""15"": 0.85, ""16"": 0.91, ""17"": 0.82, ""18"": 0.82, ""19"": 0.23, ""20"": 0.02, ""21"": 0.02, ""22"": 0.04, ""23"": 0.03}, ""resource_probabilities"": {""Payroll"": 0.2, ""FinanceDB"": 0.13, ""Email"": 0.8, ""GitHub"": 0.0, ""Jira"": 0.15, ""Slack"": 0.26, ""FileServer"": 0.27, ""HRPortal"": 0.0, ""CRM"": 0.0, ""AdminConsole"": 0.0, ""Servers"": 0.0, ""VPN"": 0.26, ""Confluence"": 0.35, ""Terminal"": 0.0, ""HRMS"": 0.0, ""EmployeeRecords"": 0.0, ""ERP"": 0.84, ""Accounting"": 0.82, ""Invoices"": 0.74, ""Meetings"": 0.02, ""Analytics"": 0.21, ""CampaignDashboard"": 0.0, ""Monitoring"": 0.0, ""Firewall"": 0.0}, ""browser_probabilities"": {""Chrome"": 0.6, ""Firefox"": 0.15, ""Edge"": 0.25, ""Safari"": 0.0}, ""device_probabilities"": {""Desktop"": 0.2, ""Laptop"": 0.8}, ""average_session_length"": 15.9, ""session_length_stddev"": 8, ""average_actions"": 16, ""actions_stddev"": 3, ""average_sessions_per_day"": 3, ""remote_work_probability"": 0.25}"
22f3f068-7c0f-449d-8274-0f73f3abea0d,EMP-0052,Matthew Wilson,Engineering,QA Engineer,Tokyo,10:00,19:00,DEV-0094;DEV-0095;DEV-0096,Chrome,macOS,0.45,Low,"{""working_hours"": [10, 19], ""login_hour_distribution"": {""0"": 0.04, ""1"": 0.03, ""2"": 0.04, ""3"": 0.03, ""4"": 0.01, ""5"": 0.01, ""6"": 0.04, ""7"": 0.02, ""8"": 0.02, ""9"": 0.33, ""10"": 0.83, ""11"": 0.88, ""12"": 0.93, ""13"": 0.94, ""14"": 0.9, ""15"": 0.82, ""16"": 0.82, ""17"": 0.94, ""18"": 0.95, ""19"": 0.29, ""20"": 0.04, ""21"": 0.01, ""22"": 0.04, ""23"": 0.03}, ""resource_probabilities"": {""Payroll"": 0.0, ""FinanceDB"": 0.0, ""Email"": 0.35, ""GitHub"": 0.73, ""Jira"": 0.91, ""Slack"": 0.89, ""FileServer"": 0.17, ""HRPortal"": 0.0, ""CRM"": 0.0, ""AdminConsole"": 0.0, ""Servers"": 0.0, ""VPN"": 0.35, ""Confluence"": 0.81, ""Terminal"": 0.79, ""HRMS"": 0.0, ""EmployeeRecords"": 0.0, ""ERP"": 0.0, ""Accounting"": 0.0, ""Invoices"": 0.0, ""Meetings"": 0.3, ""Analytics"": 0.0, ""CampaignDashboard"": 0.0, ""Monitoring"": 0.0, ""Firewall"": 0.0}, ""browser_probabilities"": {""Chrome"": 0.5, ""Firefox"": 0.1, ""Edge"": 0.0, ""Safari"": 0.4}, ""device_probabilities"": {""Desktop"": 0.6666666666666665, ""Laptop"": 0.33333333333333354}, ""average_session_length"": 58.3, ""session_length_stddev"": 8, ""average_actions"": 8, ""actions_stddev"": 3, ""average_sessions_per_day"": 3, ""remote_work_probability"": 0.25}"
35ba9357-3ca8-4f31-8fd7-f3b9c68fcba5,EMP-0053,Mrs. Erica Alvarado DVM,IT,IT Director,London,09:00,19:00,DEV-0097,Chrome,Windows,0.6,Critical,"{""working_hours"": [9, 19], ""login_hour_distribution"": {""0"": 0.03, ""1"": 0.04, ""2"": 0.04, ""3"": 0.04, ""4"": 0.03, ""5"": 0.03, ""6"": 0.03, ""7"": 0.02, ""8"": 0.44, ""9"": 0.85, ""10"": 0.9, ""11"": 0.97, ""12"": 0.89, ""13"": 0.96, ""14"": 0.95, ""15"": 0.82, ""16"": 0.94, ""17"": 0.87, ""18"": 0.81, ""19"": 0.27, ""20"": 0.04, ""21"": 0.04, ""22"": 0.02, ""23"": 0.02}, ""resource_probabilities"": {""Payroll"": 0.18, ""FinanceDB"": 0.16, ""Email"": 0.31, ""GitHub"": 0.2, ""Jira"": 0.14, ""Slack"": 0.26, ""FileServer"": 0.86, ""HRPortal"": 0.19, ""CRM"": 0.12, ""AdminConsole"": 0.9, ""Servers"": 0.89, ""VPN"": 0.8, ""Confluence"": 0.29, ""Terminal"": 0.27, ""HRMS"": 0.32, ""EmployeeRecords"": 0.21, ""ERP"": 0.22, ""Accounting"": 0.25, ""Invoices"": 0.32, ""Meetings"": 0.31, ""Analytics"": 0.12, ""CampaignDashboard"": 0.34, ""Monitoring"": 0.86, ""Firewall"": 0.87}, ""browser_probabilities"": {""Chrome"": 0.6, ""Firefox"": 0.15, ""Edge"": 0.25, ""Safari"": 0.0}, ""device_probabilities"": {""Laptop"": 1.0}, ""average_session_length"": 103.5, ""session_length_stddev"": 8, ""average_actions"": 30, ""actions_stddev"": 3, ""average_sessions_per_day"": 3, ""remote_work_probability"": 0.25}"
f7d7465d-37c3-43c9-a5d0-b51788d00abd,EMP-0054,Christopher Hawkins,IT,Security Analyst,San Francisco,08:00,18:00,DEV-0098,Firefox,Linux,0.6,High,"{""working_hours"": [8, 18], ""login_hour_distribution"": {""0"": 0.02, ""1"": 0.03, ""2"": 0.03, ""3"": 0.03, ""4"": 0.02, ""5"": 0.04, ""6"": 0.01, ""7"": 0.22, ""8"": 0.94, ""9"": 0.88, ""10"": 0.82, ""11"": 0.95, ""12"": 0.88, ""13"": 0.8, ""14"": 0.97, ""15"": 0.84, ""16"": 0.92, ""17"": 0.82, ""18"": 0.36, ""19"": 0.02, ""20"": 0.05, ""21"": 0.02, ""22"": 0.04, ""23"": 0.02}, ""resource_probabilities"": {""Payroll"": 0.19, ""FinanceDB"": 0.33, ""Email"": 0.14, ""GitHub"": 0.2, ""Jira"": 0.18, ""Slack"": 0.27, ""FileServer"": 0.76, ""HRPortal"": 0.26, ""CRM"": 0.28, ""AdminConsole"": 0.7, ""Servers"": 0.82, ""VPN"": 0.73, ""Confluence"": 0.16, ""Terminal"": 0.27, ""HRMS"": 0.1, ""EmployeeRecords"": 0.27, ""ERP"": 0.3, ""Accounting"": 0.35, ""Invoices"": 0.21, ""Meetings"": 0.13, ""Analytics"": 0.12, ""CampaignDashboard"": 0.2, ""Monitoring"": 0.88, ""Firewall"": 0.73}, ""browser_probabilities"": {""Chrome"": 0.5, ""Firefox"": 0.5, ""Edge"": 0.0, ""Safari"": 0.0}, ""device_probabilities"": {""Desktop"": 1.0}, ""average_session_length"": 44.5, ""session_length_stddev"": 8, ""average_actions"": 14, ""actions_stddev"": 3, ""average_sessions_per_day"": 3, ""remote_work_probability"": 0.25}"
d038e153-c601-418b-a1fa-01ba231ae7c7,EMP-0055,Carol Wells,Sales,Account Executive,San Francisco,07:00,16:00,DEV-0099,Chrome,Windows,0.7,Medium,"{""working_hours"": [7, 16], ""login_hour_distribution"": {""0"": 0.04, ""1"": 0.03, ""2"": 0.04, ""3"": 0.04, ""4"": 0.02, ""5"": 0.03, ""6"": 0.37, ""7"": 0.95, ""8"": 0.82, ""9"": 0.82, ""10"": 0.94, ""11"": 0.91, ""12"": 0.87, ""13"": 0.97, ""14"": 0.86, ""15"": 0.83, ""16"": 0.27, ""17"": 0.01, ""18"": 0.03, ""19"": 0.03, ""20"": 0.03, ""21"": 0.04, ""22"": 0.04, ""23"": 0.04}, ""resource_probabilities"": {""Payroll"": 0.0, ""FinanceDB"": 0.0, ""Email"": 0.86, ""GitHub"": 0.0, ""Jira"": 0.18, ""Slack"": 0.83, ""FileServer"": 0.0, ""HRPortal"": 0.0, ""CRM"": 0.83, ""AdminConsole"": 0.0, ""Servers"": 0.0, ""VPN"": 0.29, ""Confluence"": 0.17, ""Terminal"": 0.0, ""HRMS"": 0.0, ""EmployeeRecords"": 0.0, ""ERP"": 0.0, ""Accounting"": 0.0, ""Invoices"": 0.0, ""Meetings"": 0.71, ""Analytics"": 0.32, ""CampaignDashboard"": 0.0, ""Monitoring"": 0.0, ""Firewall"": 0.0}, ""browser_probabilities"": {""Chrome"": 0.6, ""Firefox"": 0.15, ""Edge"": 0.25, ""Safari"": 0.0}, ""device_probabilities"": {""Desktop"": 1.0}, ""average_session_length"": 115.0, ""session_length_stddev"": 8, ""average_actions"": 20, ""actions_stddev"": 3, ""average_sessions_per_day"": 3, ""remote_work_probability"": 0.25}"
7fe4a42e-3db7-48a6-9cdc-c4c262c965b2,EMP-0056,Jay Todd,Finance,Accountant,Munich,08:00,17:00,DEV-0100,Firefox,macOS,0.15,Low,"{""working_hours"": [8, 17], ""login_hour_distribution"": {""0"": 0.02, ""1"": 0.04, ""2"": 0.03, ""3"": 0.02, ""4"": 0.04, ""5"": 0.04, ""6"": 0.05, ""7"": 0.39, ""8"": 0.8, ""9"": 0.81, ""10"": 0.85, ""11"": 0.81, ""12"": 0.81, ""13"": 0.94, ""14"": 0.89, ""15"": 0.91, ""16"": 0.89, ""17"": 0.3, ""18"": 0.04, ""19"": 0.01, ""20"": 0.03, ""21"": 0.03, ""22"": 0.02, ""23"": 0.02}, ""resource_probabilities"": {""Payroll"": 0.23, ""FinanceDB"": 0.15, ""Email"": 0.9, ""GitHub"": 0.0, ""Jira"": 0.23, ""Slack"": 0.2, ""FileServer"": 0.26, ""HRPortal"": 0.0, ""CRM"": 0.0, ""AdminConsole"": 0.0, ""Servers"": 0.0, ""VPN"": 0.31, ""Confluence"": 0.27, ""Terminal"": 0.0, ""HRMS"": 0.0, ""EmployeeRecords"": 0.0, ""ERP"": 0.72, ""Accounting"": 0.87, ""Invoices"": 0.88, ""Meetings"": 0.04, ""Analytics"": 0.11, ""CampaignDashboard"": 0.0, ""Monitoring"": 0.0, ""Firewall"": 0.0}, ""browser_probabilities"": {""Chrome"": 0.5, ""Firefox"": 0.1, ""Edge"": 0.0, ""Safari"": 0.4}, ""device_probabilities"": {""Desktop"": 1.0}, ""average_session_length"": 19.5, ""session_length_stddev"": 8, ""average_actions"": 18, ""actions_stddev"": 3, ""average_sessions_per_day"": 3, ""remote_work_probability"": 0.25}"
9bdc70d1-9cbf-4b8c-b410-2d5d1db14bfc,EMP-0057,Bradley Mays,Marketing,Marketing Coordinator,London,10:00,19:00,DEV-0101,Safari,macOS,0.2,Low,"{""working_hours"": [10, 19], ""login_hour_distribution"": {""0"": 0.01, ""1"": 0.04, ""2"": 0.04, ""3"": 0.02, ""4"": 0.05, ""5"": 0.03, ""6"": 0.04, ""7"": 0.04, ""8"": 0.02, ""9"": 0.23, ""10"": 0.94, ""11"": 0.85, ""12"": 0.96, ""13"": 0.94, ""14"": 0.81, ""15"": 0.95, ""16"": 0.85, ""17"": 0.81, ""18"": 0.93, ""19"": 0.34, ""20"": 0.01, ""21"": 0.03, ""22"": 0.02, ""23"": 0.03}, ""resource_probabilities"": {""Payroll"": 0.0, ""FinanceDB"": 0.0, ""Email"": 0.84, ""GitHub"": 0.0, ""Jira"": 0.19, ""Slack"": 0.76, ""FileServer"": 0.01, ""HRPortal"": 0.0, ""CRM"": 0.84, ""AdminConsole"": 0.0, ""Servers"": 0.0, ""VPN"": 0.28, ""Confluence"": 0.16, ""Terminal"": 0.0, ""HRMS"": 0.0, ""EmployeeRecords"": 0.0, ""ERP"": 0.0, ""Accounting"": 0.0, ""Invoices"": 0.0, ""Meetings"": 0.23, ""Analytics"": 0.71, ""CampaignDashboard"": 0.92, ""Monitoring"": 0.0, ""Firewall"": 0.0}, ""browser_probabilities"": {""Chrome"": 0.5, ""Firefox"": 0.1, ""Edge"": 0.0, ""Safari"": 0.4}, ""device_probabilities"": {""Laptop"": 1.0}, ""average_session_length"": 36.9, ""session_length_stddev"": 8, ""average_actions"": 20, ""actions_stddev"": 3, ""average_sessions_per_day"": 3, ""remote_work_probability"": 0.25}"
266bf2ea-eb93-478c-a20a-f1585d2d904f,EMP-0058,Troy Peterson,Marketing,Marketing Specialist,New York,10:00,19:00,DEV-0102,Safari,macOS,0.2,Medium,"{""working_hours"": [10, 19], ""login_hour_distribution"": {""0"": 0.04, ""1"": 0.02, ""2"": 0.02, ""3"": 0.05, ""4"": 0.02, ""5"": 0.04, ""6"": 0.03, ""7"": 0.01, ""8"": 0.04, ""9"": 0.21, ""10"": 0.84, ""11"": 0.89, ""12"": 0.81, ""13"": 0.87, ""14"": 0.96, ""15"": 0.96, ""16"": 0.94, ""17"": 0.86, ""18"": 0.82, ""19"": 0.31, ""20"": 0.02, ""21"": 0.02, ""22"": 0.04, ""23"": 0.04}, ""resource_probabilities"": {""Payroll"": 0.0, ""FinanceDB"": 0.0, ""Email"": 0.76, ""GitHub"": 0.0, ""Jira"": 0.19, ""Slack"": 0.94, ""FileServer"": 0.05, ""HRPortal"": 0.0, ""CRM"": 0.89, ""AdminConsole"": 0.0, ""Servers"": 0.0, ""VPN"": 0.28, ""Confluence"": 0.24, ""Terminal"": 0.0, ""HRMS"": 0.0, ""EmployeeRecords"": 0.0, ""ERP"": 0.0, ""Accounting"": 0.0, ""Invoices"": 0.0, ""Meetings"": 0.3, ""Analytics"": 0.74, ""CampaignDashboard"": 0.93, ""Monitoring"": 0.0, ""Firewall"": 0.0}, ""browser_probabilities"": {""Chrome"": 0.5, ""Firefox"": 0.1, ""Edge"": 0.0, ""Safari"": 0.4}, ""device_probabilities"": {""Laptop"": 1.0}, ""average_session_length"": 12.6, ""session_length_stddev"": 8, ""average_actions"": 22, ""actions_stddev"": 3, ""average_sessions_per_day"": 3, ""remote_work_probability"": 0.25}"
b186a5a8-d6ee-426b-a2cd-159058af393c,EMP-0059,Andre Banks,Engineering,Software Engineer,London,08:00,17:00,DEV-0103,Chrome,macOS,0.45,Medium,"{""working_hours"": [8, 17], ""login_hour_distribution"": {""0"": 0.04, ""1"": 0.02, ""2"": 0.02, ""3"": 0.05, ""4"": 0.03, ""5"": 0.05, ""6"": 0.05, ""7"": 0.24, ""8"": 0.85, ""9"": 0.81, ""10"": 0.84, ""11"": 0.95, ""12"": 0.87, ""13"": 0.96, ""14"": 0.88, ""15"": 0.93, ""16"": 0.9, ""17"": 0.33, ""18"": 0.04, ""19"": 0.03, ""20"": 0.03, ""21"": 0.01, ""22"": 0.04, ""23"": 0.02}, ""resource_probabilities"": {""Payroll"": 0.0, ""FinanceDB"": 0.0, ""Email"": 0.17, ""GitHub"": 0.91, ""Jira"": 0.93, ""Slack"": 0.8, ""FileServer"": 0.31, ""HRPortal"": 0.0, ""CRM"": 0.0, ""AdminConsole"": 0.0, ""Servers"": 0.0, ""VPN"": 0.18, ""Confluence"": 0.81, ""Terminal"": 0.76, ""HRMS"": 0.0, ""EmployeeRecords"": 0.0, ""ERP"": 0.0, ""Accounting"": 0.0, ""Invoices"": 0.0, ""Meetings"": 0.34, ""Analytics"": 0.0, ""CampaignDashboard"": 0.0, ""Monitoring"": 0.0, ""Firewall"": 0.0}, ""browser_probabilities"": {""Chrome"": 0.5, ""Firefox"": 0.1, ""Edge"": 0.0, ""Safari"": 0.4}, ""device_probabilities"": {""Laptop"": 1.0}, ""average_session_length"": 25.0, ""session_length_stddev"": 8, ""average_actions"": 29, ""actions_stddev"": 3, ""average_sessions_per_day"": 3, ""remote_work_probability"": 0.25}"
1b0c62eb-27c8-4c6c-9be5-a4c395af6d0c,EMP-0060,Shannon Munoz DVM,Finance,Finance Analyst,Tokyo,09:00,18:00,DEV-0104;DEV-0105,Chrome,Windows,0.15,Medium,"{""working_hours"": [9, 18], ""login_hour_distribution"": {""0"": 0.02, ""1"": 0.04, ""2"": 0.03, ""3"": 0.03, ""4"": 0.04, ""5"": 0.01, ""6"": 0.04, ""7"": 0.02, ""8"": 0.38, ""9"": 0.91, ""10"": 0.84, ""11"": 0.95, ""12"": 0.83, ""13"": 0.93, ""14"": 0.97, ""15"": 0.87, ""16"": 0.81, ""17"": 0.85, ""18"": 0.41, ""19"": 0.02, ""20"": 0.05, ""21"": 0.04, ""22"": 0.03, ""23"": 0.03}, ""resource_probabilities"": {""Payroll"": 0.12, ""FinanceDB"": 0.13, ""Email"": 0.9, ""GitHub"": 0.0, ""Jira"": 0.13, ""Slack"": 0.12, ""FileServer"": 0.3, ""HRPortal"": 0.0, ""CRM"": 0.0, ""AdminConsole"": 0.0, ""Servers"": 0.0, ""VPN"": 0.16, ""Confluence"": 0.15, ""Terminal"": 0.0, ""HRMS"": 0.0, ""EmployeeRecords"": 0.0, ""ERP"": 0.8, ""Accounting"": 0.87, ""Invoices"": 0.93, ""Meetings"": 0.01, ""Analytics"": 0.25, ""CampaignDashboard"": 0.0, ""Monitoring"": 0.0, ""Firewall"": 0.0}, ""browser_probabilities"": {""Chrome"": 0.6, ""Firefox"": 0.15, ""Edge"": 0.25, ""Safari"": 0.0}, ""device_probabilities"": {""Desktop"": 0.2, ""Laptop"": 0.8}, ""average_session_length"": 110.9, ""session_length_stddev"": 8, ""average_actions"": 7, ""actions_stddev"": 3, ""average_sessions_per_day"": 3, ""remote_work_probability"": 0.25}"
329fc417-1081-4d45-bf45-f8a20594b24f,EMP-0061,Jose Shaffer,Engineering,Engineering Manager,San Francisco,08:00,17:00,DEV-0106;DEV-0107;DEV-0108,Edge,Windows,0.45,High,"{""working_hours"": [8, 17], ""login_hour_distribution"": {""0"": 0.02, ""1"": 0.01, ""2"": 0.03, ""3"": 0.02, ""4"": 0.03, ""5"": 0.04, ""6"": 0.03, ""7"": 0.21, ""8"": 0.92, ""9"": 0.83, ""10"": 0.84, ""11"": 0.83, ""12"": 0.85, ""13"": 0.96, ""14"": 0.81, ""15"": 0.91, ""16"": 0.84, ""17"": 0.27, ""18"": 0.03, ""19"": 0.03, ""20"": 0.01, ""21"": 0.02, ""22"": 0.02, ""23"": 0.02}, ""resource_probabilities"": {""Payroll"": 0.0, ""FinanceDB"": 0.0, ""Email"": 0.32, ""GitHub"": 0.83, ""Jira"": 0.86, ""Slack"": 0.9, ""FileServer"": 0.3, ""HRPortal"": 0.0, ""CRM"": 0.0, ""AdminConsole"": 0.0, ""Servers"": 0.0, ""VPN"": 0.35, ""Confluence"": 0.9, ""Terminal"": 0.79, ""HRMS"": 0.0, ""EmployeeRecords"": 0.0, ""ERP"": 0.0, ""Accounting"": 0.0, ""Invoices"": 0.0, ""Meetings"": 0.24, ""Analytics"": 0.0, ""CampaignDashboard"": 0.0, ""Monitoring"": 0.0, ""Firewall"": 0.0}, ""browser_probabilities"": {""Chrome"": 0.6, ""Firefox"": 0.15, ""Edge"": 0.25, ""Safari"": 0.0}, ""device_probabilities"": {""Desktop"": 0.6666666666666665, ""Laptop"": 0.33333333333333354}, ""average_session_length"": 63.3, ""session_length_stddev"": 8, ""average_actions"": 23, ""actions_stddev"": 3, ""average_sessions_per_day"": 3, ""remote_work_probability"": 0.25}"
453b45fe-636c-4499-9254-aad3809cd839,EMP-0062,Nathaniel Ochoa,HR,Recruiter,New York,09:00,18:00,DEV-0109;DEV-0110,Chrome,Windows,0.05,Low,"{""working_hours"": [9, 18], ""login_hour_distribution"": {""0"": 0.04, ""1"": 0.02, ""2"": 0.04, ""3"": 0.03, ""4"": 0.02, ""5"": 0.03, ""6"": 0.02, ""7"": 0.02, ""8"": 0.26, ""9"": 0.84, ""10"": 0.9, ""11"": 0.94, ""12"": 0.93, ""13"": 0.94, ""14"": 0.97, ""15"": 0.9, ""16"": 0.98, ""17"": 0.87, ""18"": 0.43, ""19"": 0.05, ""20"": 0.02, ""21"": 0.02, ""22"": 0.02, ""23"": 0.04}, ""resource_probabilities"": {""Payroll"": 0.79, ""FinanceDB"": 0.0, ""Email"": 0.85, ""GitHub"": 0.0, ""Jira"": 0.04, ""Slack"": 0.19, ""FileServer"": 0.24, ""HRPortal"": 0.14, ""CRM"": 0.0, ""AdminConsole"": 0.0, ""Servers"": 0.0, ""VPN"": 0.34, ""Confluence"": 0.31, ""Terminal"": 0.0, ""HRMS"": 0.9, ""EmployeeRecords"": 0.94, ""ERP"": 0.0, ""Accounting"": 0.0, ""Invoices"": 0.0, ""Meetings"": 0.24, ""Analytics"": 0.0, ""CampaignDashboard"": 0.0, ""Monitoring"": 0.0, ""Firewall"": 0.0}, ""browser_probabilities"": {""Chrome"": 0.6, ""Firefox"": 0.15, ""Edge"": 0.25, ""Safari"": 0.0}, ""device_probabilities"": {""Desktop"": 0.2, ""Laptop"": 0.8}, ""average_session_length"": 29.3, ""session_length_stddev"": 8, ""average_actions"": 6, ""actions_stddev"": 3, ""average_sessions_per_day"": 3, ""remote_work_probability"": 0.25}"
9a069295-3b8d-4447-8e61-065f171b1b80,EMP-0063,Joshua Nash,Engineering,QA Engineer,New York,10:00,19:00,DEV-0111,Chrome,Linux,0.45,Low,"{""working_hours"": [10, 19], ""login_hour_distribution"": {""0"": 0.03, ""1"": 0.04, ""2"": 0.02, ""3"": 0.02, ""4"": 0.04, ""5"": 0.04, ""6"": 0.01, ""7"": 0.02, ""8"": 0.04, ""9"": 0.24, ""10"": 0.82, ""11"": 0.89, ""12"": 0.87, ""13"": 0.81, ""14"": 0.93, ""15"": 0.92, ""16"": 0.91, ""17"": 0.86, ""18"": 0.86, ""19"": 0.44, ""20"": 0.04, ""21"": 0.03, ""22"": 0.04, ""23"": 0.03}, ""resource_probabilities"": {""Payroll"": 0.0, ""FinanceDB"": 0.0, ""Email"": 0.18, ""GitHub"": 0.88, ""Jira"": 0.84, ""Slack"": 0.92, ""FileServer"": 0.25, ""HRPortal"": 0.0, ""CRM"": 0.0, ""AdminConsole"": 0.0, ""Servers"": 0.0, ""VPN"": 0.19, ""Confluence"": 0.87, ""Terminal"": 0.9, ""HRMS"": 0.0, ""EmployeeRecords"": 0.0, ""ERP"": 0.0, ""Accounting"": 0.0, ""Invoices"": 0.0, ""Meetings"": 0.19, ""Analytics"": 0.0, ""CampaignDashboard"": 0.0, ""Monitoring"": 0.0, ""Firewall"": 0.0}, ""browser_probabilities"": {""Chrome"": 0.5, ""Firefox"": 0.5, ""Edge"": 0.0, ""Safari"": 0.0}, ""device_probabilities"": {""Laptop"": 1.0}, ""average_session_length"": 90.7, ""session_length_stddev"": 8, ""average_actions"": 14, ""actions_stddev"": 3, ""average_sessions_per_day"": 3, ""remote_work_probability"": 0.25}"
0075d3d5-ba94-4a66-ad7e-4a452099e71f,EMP-0064,Danny Robinson,IT,IT Director,Tokyo,09:00,19:00,DEV-0112;DEV-0113;DEV-0114,Firefox,Linux,0.6,Critical,"{""working_hours"": [9, 19], ""login_hour_distribution"": {""0"": 0.05, ""1"": 0.05, ""2"": 0.02, ""3"": 0.03, ""4"": 0.05, ""5"": 0.02, ""6"": 0.04, ""7"": 0.02, ""8"": 0.45, ""9"": 0.83, ""10"": 0.96, ""11"": 0.82, ""12"": 0.93, ""13"": 0.92, ""14"": 0.96, ""15"": 0.88, ""16"": 0.85, ""17"": 0.84, ""18"": 0.81, ""19"": 0.26, ""20"": 0.01, ""21"": 0.01, ""22"": 0.03, ""23"": 0.04}, ""resource_probabilities"": {""Payroll"": 0.34, ""FinanceDB"": 0.32, ""Email"": 0.22, ""GitHub"": 0.19, ""Jira"": 0.24, ""Slack"": 0.13, ""FileServer"": 0.82, ""HRPortal"": 0.32, ""CRM"": 0.26, ""AdminConsole"": 0.87, ""Servers"": 0.74, ""VPN"": 0.72, ""Confluence"": 0.31, ""Terminal"": 0.17, ""HRMS"": 0.18, ""EmployeeRecords"": 0.34, ""ERP"": 0.12, ""Accounting"": 0.14, ""Invoices"": 0.19, ""Meetings"": 0.28, ""Analytics"": 0.24, ""CampaignDashboard"": 0.32, ""Monitoring"": 0.72, ""Firewall"": 0.85}, ""browser_probabilities"": {""Chrome"": 0.5, ""Firefox"": 0.5, ""Edge"": 0.0, ""Safari"": 0.0}, ""device_probabilities"": {""Laptop"": 0.6666666666666667, ""Mobile"": 0.3333333333333333}, ""average_session_length"": 77.5, ""session_length_stddev"": 8, ""average_actions"": 20, ""actions_stddev"": 3, ""average_sessions_per_day"": 3, ""remote_work_probability"": 0.25}"
f143e545-6e6b-44b9-87ef-2ba8b45a6ab3,EMP-0065,Amy Brock,Finance,Finance Analyst,Munich,09:00,18:00,DEV-0115;DEV-0116,Chrome,Windows,0.15,Medium,"{""working_hours"": [9, 18], ""login_hour_distribution"": {""0"": 0.02, ""1"": 0.02, ""2"": 0.04, ""3"": 0.04, ""4"": 0.04, ""5"": 0.02, ""6"": 0.02, ""7"": 0.02, ""8"": 0.21, ""9"": 0.9, ""10"": 0.95, ""11"": 0.83, ""12"": 0.86, ""13"": 0.88, ""14"": 0.85, ""15"": 0.92, ""16"": 0.91, ""17"": 0.84, ""18"": 0.21, ""19"": 0.02, ""20"": 0.02, ""21"": 0.01, ""22"": 0.04, ""23"": 0.02}, ""resource_probabilities"": {""Payroll"": 0.2, ""FinanceDB"": 0.22, ""Email"": 0.87, ""GitHub"": 0.0, ""Jira"": 0.12, ""Slack"": 0.24, ""FileServer"": 0.15, ""HRPortal"": 0.0, ""CRM"": 0.0, ""AdminConsole"": 0.0, ""Servers"": 0.0, ""VPN"": 0.32, ""Confluence"": 0.19, ""Terminal"": 0.0, ""HRMS"": 0.0, ""EmployeeRecords"": 0.0, ""ERP"": 0.81, ""Accounting"": 0.77, ""Invoices"": 0.82, ""Meetings"": 0.02, ""Analytics"": 0.17, ""CampaignDashboard"": 0.0, ""Monitoring"": 0.0, ""Firewall"": 0.0}, ""browser_probabilities"": {""Chrome"": 0.6, ""Firefox"": 0.15, ""Edge"": 0.25, ""Safari"": 0.0}, ""device_probabilities"": {""Laptop"": 1.0}, ""average_session_length"": 16.8, ""session_length_stddev"": 8, ""average_actions"": 29, ""actions_stddev"": 3, ""average_sessions_per_day"": 3, ""remote_work_probability"": 0.25}"
15f0ea19-18c1-40d2-aadf-3692b24beb96,EMP-0066,Laura Lyons,Marketing,Marketing Manager,Munich,09:00,18:00,DEV-0117,Safari,macOS,0.2,High,"{""working_hours"": [9, 18], ""login_hour_distribution"": {""0"": 0.03, ""1"": 0.04, ""2"": 0.04, ""3"": 0.03, ""4"": 0.03, ""5"": 0.04, ""6"": 0.03, ""7"": 0.05, ""8"": 0.32, ""9"": 0.81, ""10"": 0.96, ""11"": 0.93, ""12"": 0.89, ""13"": 0.96, ""14"": 0.94, ""15"": 0.92, ""16"": 0.91, ""17"": 0.82, ""18"": 0.39, ""19"": 0.02, ""20"": 0.05, ""21"": 0.05, ""22"": 0.04, ""23"": 0.02}, ""resource_probabilities"": {""Payroll"": 0.0, ""FinanceDB"": 0.0, ""Email"": 0.81, ""GitHub"": 0.0, ""Jira"": 0.35, ""Slack"": 0.81, ""FileServer"": 0.05, ""HRPortal"": 0.0, ""CRM"": 0.86, ""AdminConsole"": 0.0, ""Servers"": 0.0, ""VPN"": 0.31, ""Confluence"": 0.16, ""Terminal"": 0.0, ""HRMS"": 0.0, ""EmployeeRecords"": 0.0, ""ERP"": 0.0, ""Accounting"": 0.0, ""Invoices"": 0.0, ""Meetings"": 0.33, ""Analytics"": 0.93, ""CampaignDashboard"": 0.72, ""Monitoring"": 0.0, ""Firewall"": 0.0}, ""browser_probabilities"": {""Chrome"": 0.5, ""Firefox"": 0.1, ""Edge"": 0.0, ""Safari"": 0.4}, ""device_probabilities"": {""Laptop"": 1.0}, ""average_session_length"": 52.7, ""session_length_stddev"": 8, ""average_actions"": 17, ""actions_stddev"": 3, ""average_sessions_per_day"": 3, ""remote_work_probability"": 0.25}"
46b518de-db4b-48eb-937d-0bd18d536c75,EMP-0067,Steven Ingram,Sales,Sales Director,New York,09:00,18:00,DEV-0118;DEV-0119;DEV-0120,Chrome,Windows,0.7,Critical,"{""working_hours"": [9, 18], ""login_hour_distribution"": {""0"": 0.03, ""1"": 0.03, ""2"": 0.02, ""3"": 0.03, ""4"": 0.04, ""5"": 0.05, ""6"": 0.05, ""7"": 0.03, ""8"": 0.23, ""9"": 0.85, ""10"": 0.9, ""11"": 0.86, ""12"": 0.87, ""13"": 0.87, ""14"": 0.89, ""15"": 0.91, ""16"": 0.81, ""17"": 0.85, ""18"": 0.24, ""19"": 0.03, ""20"": 0.04, ""21"": 0.01, ""22"": 0.05, ""23"": 0.02}, ""resource_probabilities"": {""Payroll"": 0.0, ""FinanceDB"": 0.0, ""Email"": 0.76, ""GitHub"": 0.0, ""Jira"": 0.29, ""Slack"": 0.93, ""FileServer"": 0.0, ""HRPortal"": 0.0, ""CRM"": 0.92, ""AdminConsole"": 0.0, ""Servers"": 0.0, ""VPN"": 0.11, ""Confluence"": 0.3, ""Terminal"": 0.0, ""HRMS"": 0.0, ""EmployeeRecords"": 0.0, ""ERP"": 0.0, ""Accounting"": 0.0, ""Invoices"": 0.0, ""Meetings"": 0.78, ""Analytics"": 0.17, ""CampaignDashboard"": 0.0, ""Monitoring"": 0.0, ""Firewall"": 0.0}, ""browser_probabilities"": {""Chrome"": 0.6, ""Firefox"": 0.15, ""Edge"": 0.25, ""Safari"": 0.0}, ""device_probabilities"": {""Desktop"": 0.2, ""Mobile"": 0.1, ""Laptop"": 0.7000000000000001}, ""average_session_length"": 64.1, ""session_length_stddev"": 8, ""average_actions"": 27, ""actions_stddev"": 3, ""average_sessions_per_day"": 3, ""remote_work_probability"": 0.25}"
de703b72-f8f5-4a26-9924-c644af527666,EMP-0068,Evelyn Kelly,Sales,Account Executive,San Francisco,08:00,17:00,DEV-0121;DEV-0122,Chrome,macOS,0.7,Medium,"{""working_hours"": [8, 17], ""login_hour_distribution"": {""0"": 0.04, ""1"": 0.02, ""2"": 0.03, ""3"": 0.04, ""4"": 0.02, ""5"": 0.02, ""6"": 0.04, ""7"": 0.39, ""8"": 0.94, ""9"": 0.96, ""10"": 0.95, ""11"": 0.89, ""12"": 0.83, ""13"": 0.86, ""14"": 0.89, ""15"": 0.82, ""16"": 0.95, ""17"": 0.42, ""18"": 0.01, ""19"": 0.02, ""20"": 0.04, ""21"": 0.04, ""22"": 0.02, ""23"": 0.03}, ""resource_probabilities"": {""Payroll"": 0.0, ""FinanceDB"": 0.0, ""Email"": 0.93, ""GitHub"": 0.0, ""Jira"": 0.28, ""Slack"": 0.77, ""FileServer"": 0.0, ""HRPortal"": 0.0, ""CRM"": 0.91, ""AdminConsole"": 0.0, ""Servers"": 0.0, ""VPN"": 0.23, ""Confluence"": 0.26, ""Terminal"": 0.0, ""HRMS"": 0.0, ""EmployeeRecords"": 0.0, ""ERP"": 0.0, ""Accounting"": 0.0, ""Invoices"": 0.0, ""Meetings"": 0.73, ""Analytics"": 0.11, ""CampaignDashboard"": 0.0, ""Monitoring"": 0.0, ""Firewall"": 0.0}, ""browser_probabilities"": {""Chrome"": 0.5, ""Firefox"": 0.1, ""Edge"": 0.0, ""Safari"": 0.4}, ""device_probabilities"": {""Laptop"": 0.7, ""Mobile"": 0.30000000000000004}, ""average_session_length"": 51.0, ""session_length_stddev"": 8, ""average_actions"": 24, ""actions_stddev"": 3, ""average_sessions_per_day"": 3, ""remote_work_probability"": 0.25}"
ded7d3ef-f5e4-49c1-ad76-1ffa7233d5af,EMP-0069,Steven Carter,Sales,Sales Director,Munich,09:00,18:00,DEV-0123;DEV-0124,Chrome,Windows,0.7,Critical,"{""working_hours"": [9, 18], ""login_hour_distribution"": {""0"": 0.05, ""1"": 0.04, ""2"": 0.04, ""3"": 0.02, ""4"": 0.03, ""5"": 0.02, ""6"": 0.03, ""7"": 0.05, ""8"": 0.41, ""9"": 0.92, ""10"": 0.92, ""11"": 0.85, ""12"": 0.87, ""13"": 0.8, ""14"": 0.94, ""15"": 0.94, ""16"": 0.8, ""17"": 0.96, ""18"": 0.36, ""19"": 0.03, ""20"": 0.01, ""21"": 0.02, ""22"": 0.04, ""23"": 0.02}, ""resource_probabilities"": {""Payroll"": 0.0, ""FinanceDB"": 0.0, ""Email"": 0.94, ""GitHub"": 0.0, ""Jira"": 0.26, ""Slack"": 0.81, ""FileServer"": 0.0, ""HRPortal"": 0.0, ""CRM"": 0.79, ""AdminConsole"": 0.0, ""Servers"": 0.0, ""VPN"": 0.19, ""Confluence"": 0.16, ""Terminal"": 0.0, ""HRMS"": 0.0, ""EmployeeRecords"": 0.0, ""ERP"": 0.0, ""Accounting"": 0.0, ""Invoices"": 0.0, ""Meetings"": 0.82, ""Analytics"": 0.27, ""CampaignDashboard"": 0.0, ""Monitoring"": 0.0, ""Firewall"": 0.0}, ""browser_probabilities"": {""Chrome"": 0.6, ""Firefox"": 0.15, ""Edge"": 0.25, ""Safari"": 0.0}, ""device_probabilities"": {""Laptop"": 0.7, ""Mobile"": 0.30000000000000004}, ""average_session_length"": 100.7, ""session_length_stddev"": 8, ""average_actions"": 17, ""actions_stddev"": 3, ""average_sessions_per_day"": 3, ""remote_work_probability"": 0.25}"
82f29004-01e1-47d8-9a31-204495a0f356,EMP-0070,Jennifer Novak,Finance,Treasurer,Munich,10:00,19:00,DEV-0125;DEV-0126,Chrome,Windows,0.15,Medium,"{""working_hours"": [10, 19], ""login_hour_distribution"": {""0"": 0.04, ""1"": 0.03, ""2"": 0.02, ""3"": 0.02, ""4"": 0.02, ""5"": 0.02, ""6"": 0.04, ""7"": 0.05, ""8"": 0.04, ""9"": 0.25, ""10"": 0.89, ""11"": 0.84, ""12"": 0.81, ""13"": 0.95, ""14"": 0.95, ""15"": 0.87, ""16"": 0.86, ""17"": 0.83, ""18"": 0.8, ""19"": 0.32, ""20"": 0.02, ""21"": 0.05, ""22"": 0.03, ""23"": 0.04}, ""resource_probabilities"": {""Payroll"": 0.25, ""FinanceDB"": 0.35, ""Email"": 0.9, ""GitHub"": 0.0, ""Jira"": 0.19, ""Slack"": 0.28, ""FileServer"": 0.27, ""HRPortal"": 0.0, ""CRM"": 0.0, ""AdminConsole"": 0.0, ""Servers"": 0.0, ""VPN"": 0.26, ""Confluence"": 0.22, ""Terminal"": 0.0, ""HRMS"": 0.0, ""EmployeeRecords"": 0.0, ""ERP"": 0.94, ""Accounting"": 0.79, ""Invoices"": 0.78, ""Meetings"": 0.02, ""Analytics"": 0.26, ""CampaignDashboard"": 0.0, ""Monitoring"": 0.0, ""Firewall"": 0.0}, ""browser_probabilities"": {""Chrome"": 0.6, ""Firefox"": 0.15, ""Edge"": 0.25, ""Safari"": 0.0}, ""device_probabilities"": {""Laptop"": 1.0}, ""average_session_length"": 71.4, ""session_length_stddev"": 8, ""average_actions"": 14, ""actions_stddev"": 3, ""average_sessions_per_day"": 3, ""remote_work_probability"": 0.25}"
bdacdc5e-20c0-4275-b885-187d18fc83b7,EMP-0071,Derek Sullivan,IT,Network Engineer,Munich,07:00,17:00,DEV-0127,Safari,macOS,0.6,High,"{""working_hours"": [7, 17], ""login_hour_distribution"": {""0"": 0.04, ""1"": 0.02, ""2"": 0.02, ""3"": 0.04, ""4"": 0.03, ""5"": 0.05, ""6"": 0.29, ""7"": 0.91, ""8"": 0.88, ""9"": 0.82, ""10"": 0.81, ""11"": 0.91, ""12"": 0.9, ""13"": 0.91, ""14"": 0.88, ""15"": 0.84, ""16"": 0.82, ""17"": 0.37, ""18"": 0.03, ""19"": 0.03, ""20"": 0.04, ""21"": 0.02, ""22"": 0.05, ""23"": 0.02}, ""resource_probabilities"": {""Payroll"": 0.35, ""FinanceDB"": 0.32, ""Email"": 0.35, ""GitHub"": 0.14, ""Jira"": 0.32, ""Slack"": 0.15, ""FileServer"": 0.72, ""HRPortal"": 0.18, ""CRM"": 0.35, ""AdminConsole"": 0.78, ""Servers"": 0.71, ""VPN"": 0.81, ""Confluence"": 0.15, ""Terminal"": 0.29, ""HRMS"": 0.24, ""EmployeeRecords"": 0.14, ""ERP"": 0.3, ""Accounting"": 0.29, ""Invoices"": 0.13, ""Meetings"": 0.21, ""Analytics"": 0.21, ""CampaignDashboard"": 0.21, ""Monitoring"": 0.82, ""Firewall"": 0.7}, ""browser_probabilities"": {""Chrome"": 0.5, ""Firefox"": 0.1, ""Edge"": 0.0, ""Safari"": 0.4}, ""device_probabilities"": {""Laptop"": 1.0}, ""average_session_length"": 68.7, ""session_length_stddev"": 8, ""average_actions"": 28, ""actions_stddev"": 3, ""average_sessions_per_day"": 3, ""remote_work_probability"": 0.25}"
e45a87e8-039a-4ed5-b337-b2615f8392d5,EMP-0072,Brendan Hernandez,HR,HR Specialist,Munich,08:00,17:00,DEV-0128,Chrome,Windows,0.05,Medium,"{""working_hours"": [8, 17], ""login_hour_distribution"": {""0"": 0.04, ""1"": 0.02, ""2"": 0.05, ""3"": 0.02, ""4"": 0.01, ""5"": 0.03, ""6"": 0.02, ""7"": 0.22, ""8"": 0.81, ""9"": 0.97, ""10"": 0.88, ""11"": 0.89, ""12"": 0.89, ""13"": 0.88, ""14"": 0.92, ""15"": 0.82, ""16"": 0.98, ""17"": 0.32, ""18"": 0.04, ""19"": 0.02, ""20"": 0.05, ""21"": 0.04, ""22"": 0.01, ""23"": 0.02}, ""resource_probabilities"": {""Payroll"": 0.95, ""FinanceDB"": 0.0, ""Email"": 0.75, ""GitHub"": 0.0, ""Jira"": 0.01, ""Slack"": 0.23, ""FileServer"": 0.13, ""HRPortal"": 0.28, ""CRM"": 0.0, ""AdminConsole"": 0.0, ""Servers"": 0.0, ""VPN"": 0.3, ""Confluence"": 0.19, ""Terminal"": 0.0, ""HRMS"": 0.86, ""EmployeeRecords"": 0.89, ""ERP"": 0.0, ""Accounting"": 0.0, ""Invoices"": 0.0, ""Meetings"": 0.26, ""Analytics"": 0.0, ""CampaignDashboard"": 0.0, ""Monitoring"": 0.0, ""Firewall"": 0.0}, ""browser_probabilities"": {""Chrome"": 0.6, ""Firefox"": 0.15, ""Edge"": 0.25, ""Safari"": 0.0}, ""device_probabilities"": {""Desktop"": 1.0}, ""average_session_length"": 75.3, ""session_length_stddev"": 8, ""average_actions"": 6, ""actions_stddev"": 3, ""average_sessions_per_day"": 3, ""remote_work_probability"": 0.25}"
d60bf603-a750-450e-9bad-52a8a976dc4d,EMP-0073,Tammy Rodriguez,Engineering,Software Engineer,New York,10:00,19:00,DEV-0129,Chrome,Linux,0.45,Medium,"{""working_hours"": [10, 19], ""login_hour_distribution"": {""0"": 0.01, ""1"": 0.02, ""2"": 0.04, ""3"": 0.02, ""4"": 0.04, ""5"": 0.01, ""6"": 0.03, ""7"": 0.01, ""8"": 0.03, ""9"": 0.36, ""10"": 0.93, ""11"": 0.88, ""12"": 0.96, ""13"": 0.89, ""14"": 0.91, ""15"": 0.85, ""16"": 0.94, ""17"": 0.89, ""18"": 0.91, ""19"": 0.39, ""20"": 0.04, ""21"": 0.05, ""22"": 0.02, ""23"": 0.03}, ""resource_probabilities"": {""Payroll"": 0.0, ""FinanceDB"": 0.0, ""Email"": 0.14, ""GitHub"": 0.84, ""Jira"": 0.93, ""Slack"": 0.87, ""FileServer"": 0.22, ""HRPortal"": 0.0, ""CRM"": 0.0, ""AdminConsole"": 0.0, ""Servers"": 0.0, ""VPN"": 0.16, ""Confluence"": 0.7, ""Terminal"": 0.72, ""HRMS"": 0.0, ""EmployeeRecords"": 0.0, ""ERP"": 0.0, ""Accounting"": 0.0, ""Invoices"": 0.0, ""Meetings"": 0.13, ""Analytics"": 0.0, ""CampaignDashboard"": 0.0, ""Monitoring"": 0.0, ""Firewall"": 0.0}, ""browser_probabilities"": {""Chrome"": 0.5, ""Firefox"": 0.5, ""Edge"": 0.0, ""Safari"": 0.0}, ""device_probabilities"": {""Laptop"": 1.0}, ""average_session_length"": 73.2, ""session_length_stddev"": 8, ""average_actions"": 20, ""actions_stddev"": 3, ""average_sessions_per_day"": 3, ""remote_work_probability"": 0.25}"
c78f07cf-170f-487b-b30e-e4fe262e5559,EMP-0074,Donald Rogers,Engineering,Architect,New York,10:00,19:00,DEV-0130,Firefox,macOS,0.45,High,"{""working_hours"": [10, 19], ""login_hour_distribution"": {""0"": 0.04, ""1"": 0.03, ""2"": 0.05, ""3"": 0.02, ""4"": 0.01, ""5"": 0.04, ""6"": 0.04, ""7"": 0.04, ""8"": 0.02, ""9"": 0.37, ""10"": 0.88, ""11"": 0.82, ""12"": 0.95, ""13"": 0.96, ""14"": 0.8, ""15"": 0.82, ""16"": 0.92, ""17"": 0.86, ""18"": 0.96, ""19"": 0.44, ""20"": 0.02, ""21"": 0.04, ""22"": 0.02, ""23"": 0.02}, ""resource_probabilities"": {""Payroll"": 0.0, ""FinanceDB"": 0.0, ""Email"": 0.13, ""GitHub"": 0.8, ""Jira"": 0.81, ""Slack"": 0.91, ""FileServer"": 0.27, ""HRPortal"": 0.0, ""CRM"": 0.0, ""AdminConsole"": 0.0, ""Servers"": 0.0, ""VPN"": 0.22, ""Confluence"": 0.81, ""Terminal"": 0.92, ""HRMS"": 0.0, ""EmployeeRecords"": 0.0, ""ERP"": 0.0, ""Accounting"": 0.0, ""Invoices"": 0.0, ""Meetings"": 0.14, ""Analytics"": 0.0, ""CampaignDashboard"": 0.0, ""Monitoring"": 0.0, ""Firewall"": 0.0}, ""browser_probabilities"": {""Chrome"": 0.5, ""Firefox"": 0.1, ""Edge"": 0.0, ""Safari"": 0.4}, ""device_probabilities"": {""Laptop"": 1.0}, ""average_session_length"": 24.6, ""session_length_stddev"": 8, ""average_actions"": 28, ""actions_stddev"": 3, ""average_sessions_per_day"": 3, ""remote_work_probability"": 0.25}"
d8274fc3-f145-4426-bb48-1ded0f037337,EMP-0075,Vickie Williams,IT,Helpdesk Support,New York,08:00,18:00,DEV-0131;DEV-0132,Chrome,macOS,0.6,Low,"{""working_hours"": [8, 18], ""login_hour_distribution"": {""0"": 0.03, ""1"": 0.03, ""2"": 0.03, ""3"": 0.04, ""4"": 0.03, ""5"": 0.04, ""6"": 0.05, ""7"": 0.38, ""8"": 0.96, ""9"": 0.89, ""10"": 0.89, ""11"": 0.96, ""12"": 0.88, ""13"": 0.81, ""14"": 0.92, ""15"": 0.8, ""16"": 0.96, ""17"": 0.89, ""18"": 0.39, ""19"": 0.04, ""20"": 0.02, ""21"": 0.05, ""22"": 0.04, ""23"": 0.03}, ""resource_probabilities"": {""Payroll"": 0.27, ""FinanceDB"": 0.25, ""Email"": 0.21, ""GitHub"": 0.28, ""Jira"": 0.22, ""Slack"": 0.27, ""FileServer"": 0.86, ""HRPortal"": 0.14, ""CRM"": 0.31, ""AdminConsole"": 0.92, ""Servers"": 0.85, ""VPN"": 0.7, ""Confluence"": 0.33, ""Terminal"": 0.23, ""HRMS"": 0.22, ""EmployeeRecords"": 0.22, ""ERP"": 0.14, ""Accounting"": 0.29, ""Invoices"": 0.18, ""Meetings"": 0.18, ""Analytics"": 0.17, ""CampaignDashboard"": 0.23, ""Monitoring"": 0.84, ""Firewall"": 0.79}, ""browser_probabilities"": {""Chrome"": 0.5, ""Firefox"": 0.1, ""Edge"": 0.0, ""Safari"": 0.4}, ""device_probabilities"": {""Laptop"": 1.0}, ""average_session_length"": 99.9, ""session_length_stddev"": 8, ""average_actions"": 7, ""actions_stddev"": 3, ""average_sessions_per_day"": 3, ""remote_work_probability"": 0.25}"
92b26acd-cd1f-45a3-b1b6-5ca175873920,EMP-0076,Emily Dixon,Marketing,Marketing Director,New York,09:00,18:00,DEV-0133,Chrome,Windows,0.2,Critical,"{""working_hours"": [9, 18], ""login_hour_distribution"": {""0"": 0.03, ""1"": 0.04, ""2"": 0.01, ""3"": 0.03, ""4"": 0.03, ""5"": 0.01, ""6"": 0.01, ""7"": 0.03, ""8"": 0.35, ""9"": 0.85, ""10"": 0.89, ""11"": 0.84, ""12"": 0.92, ""13"": 0.97, ""14"": 0.87, ""15"": 0.81, ""16"": 0.84, ""17"": 0.88, ""18"": 0.34, ""19"": 0.03, ""20"": 0.03, ""21"": 0.04, ""22"": 0.04, ""23"": 0.01}, ""resource_probabilities"": {""Payroll"": 0.0, ""FinanceDB"": 0.0, ""Email"": 0.89, ""GitHub"": 0.0, ""Jira"": 0.16, ""Slack"": 0.79, ""FileServer"": 0.04, ""HRPortal"": 0.0, ""CRM"": 0.94, ""AdminConsole"": 0.0, ""Servers"": 0.0, ""VPN"": 0.17, ""Confluence"": 0.23, ""Terminal"": 0.0, ""HRMS"": 0.0, ""EmployeeRecords"": 0.0, ""ERP"": 0.0, ""Accounting"": 0.0, ""Invoices"": 0.0, ""Meetings"": 0.28, ""Analytics"": 0.71, ""CampaignDashboard"": 0.74, ""Monitoring"": 0.0, ""Firewall"": 0.0}, ""browser_probabilities"": {""Chrome"": 0.6, ""Firefox"": 0.15, ""Edge"": 0.25, ""Safari"": 0.0}, ""device_probabilities"": {""Laptop"": 1.0}, ""average_session_length"": 25.4, ""session_length_stddev"": 8, ""average_actions"": 27, ""actions_stddev"": 3, ""average_sessions_per_day"": 3, ""remote_work_probability"": 0.25}"
1b61d453-68c2-494d-b8b8-18cfbe153187,EMP-0077,Jonathan Barber,Sales,Sales Manager,Munich,07:00,16:00,DEV-0134;DEV-0135,Firefox,Windows,0.7,High,"{""working_hours"": [7, 16], ""login_hour_distribution"": {""0"": 0.03, ""1"": 0.03, ""2"": 0.04, ""3"": 0.04, ""4"": 0.01, ""5"": 0.03, ""6"": 0.43, ""7"": 0.95, ""8"": 0.91, ""9"": 0.94, ""10"": 0.88, ""11"": 0.92, ""12"": 0.97, ""13"": 0.82, ""14"": 0.89, ""15"": 0.9, ""16"": 0.21, ""17"": 0.05, ""18"": 0.04, ""19"": 0.03, ""20"": 0.03, ""21"": 0.05, ""22"": 0.02, ""23"": 0.03}, ""resource_probabilities"": {""Payroll"": 0.0, ""FinanceDB"": 0.0, ""Email"": 0.88, ""GitHub"": 0.0, ""Jira"": 0.13, ""Slack"": 0.8, ""FileServer"": 0.0, ""HRPortal"": 0.0, ""CRM"": 0.85, ""AdminConsole"": 0.0, ""Servers"": 0.0, ""VPN"": 0.32, ""Confluence"": 0.23, ""Terminal"": 0.0, ""HRMS"": 0.0, ""EmployeeRecords"": 0.0, ""ERP"": 0.0, ""Accounting"": 0.0, ""Invoices"": 0.0, ""Meetings"": 0.8, ""Analytics"": 0.34, ""CampaignDashboard"": 0.0, ""Monitoring"": 0.0, ""Firewall"": 0.0}, ""browser_probabilities"": {""Chrome"": 0.6, ""Firefox"": 0.15, ""Edge"": 0.25, ""Safari"": 0.0}, ""device_probabilities"": {""Laptop"": 0.7, ""Mobile"": 0.30000000000000004}, ""average_session_length"": 110.8, ""session_length_stddev"": 8, ""average_actions"": 29, ""actions_stddev"": 3, ""average_sessions_per_day"": 3, ""remote_work_probability"": 0.25}"
f6ae10e8-65da-4ed0-860a-61253f8c93d4,EMP-0078,John Bird,Sales,Sales Manager,London,08:00,17:00,DEV-0136,Chrome,macOS,0.7,High,"{""working_hours"": [8, 17], ""login_hour_distribution"": {""0"": 0.03, ""1"": 0.05, ""2"": 0.03, ""3"": 0.04, ""4"": 0.03, ""5"": 0.02, ""6"": 0.04, ""7"": 0.34, ""8"": 0.84, ""9"": 0.84, ""10"": 0.93, ""11"": 0.92, ""12"": 0.97, ""13"": 0.82, ""14"": 0.93, ""15"": 0.98, ""16"": 0.83, ""17"": 0.34, ""18"": 0.04, ""19"": 0.04, ""20"": 0.04, ""21"": 0.03, ""22"": 0.03, ""23"": 0.05}, ""resource_probabilities"": {""Payroll"": 0.0, ""FinanceDB"": 0.0, ""Email"": 0.88, ""GitHub"": 0.0, ""Jira"": 0.27, ""Slack"": 0.92, ""FileServer"": 0.0, ""HRPortal"": 0.0, ""CRM"": 0.83, ""AdminConsole"": 0.0, ""Servers"": 0.0, ""VPN"": 0.32, ""Confluence"": 0.21, ""Terminal"": 0.0, ""HRMS"": 0.0, ""EmployeeRecords"": 0.0, ""ERP"": 0.0, ""Accounting"": 0.0, ""Invoices"": 0.0, ""Meetings"": 0.7, ""Analytics"": 0.13, ""CampaignDashboard"": 0.0, ""Monitoring"": 0.0, ""Firewall"": 0.0}, ""browser_probabilities"": {""Chrome"": 0.5, ""Firefox"": 0.1, ""Edge"": 0.0, ""Safari"": 0.4}, ""device_probabilities"": {""Laptop"": 1.0}, ""average_session_length"": 51.9, ""session_length_stddev"": 8, ""average_actions"": 6, ""actions_stddev"": 3, ""average_sessions_per_day"": 3, ""remote_work_probability"": 0.25}"
4458b006-332c-4e0a-8e7d-a698ab95c72f,EMP-0079,Joanne Lloyd,Sales,Account Executive,London,09:00,18:00,DEV-0137;DEV-0138;DEV-0139,Edge,Windows,0.7,Medium,"{""working_hours"": [9, 18], ""login_hour_distribution"": {""0"": 0.04, ""1"": 0.02, ""2"": 0.04, ""3"": 0.01, ""4"": 0.04, ""5"": 0.01, ""6"": 0.04, ""7"": 0.04, ""8"": 0.42, ""9"": 0.93, ""10"": 0.9, ""11"": 0.84, ""12"": 0.94, ""13"": 0.94, ""14"": 0.85, ""15"": 0.92, ""16"": 0.97, ""17"": 0.87, ""18"": 0.44, ""19"": 0.05, ""20"": 0.02, ""21"": 0.03, ""22"": 0.01, ""23"": 0.02}, ""resource_probabilities"": {""Payroll"": 0.0, ""FinanceDB"": 0.0, ""Email"": 0.86, ""GitHub"": 0.0, ""Jira"": 0.3, ""Slack"": 0.92, ""FileServer"": 0.0, ""HRPortal"": 0.0, ""CRM"": 0.91, ""AdminConsole"": 0.0, ""Servers"": 0.0, ""VPN"": 0.33, ""Confluence"": 0.28, ""Terminal"": 0.0, ""HRMS"": 0.0, ""EmployeeRecords"": 0.0, ""ERP"": 0.0, ""Accounting"": 0.0, ""Invoices"": 0.0, ""Meetings"": 0.86, ""Analytics"": 0.29, ""CampaignDashboard"": 0.0, ""Monitoring"": 0.0, ""Firewall"": 0.0}, ""browser_probabilities"": {""Chrome"": 0.6, ""Firefox"": 0.15, ""Edge"": 0.25, ""Safari"": 0.0}, ""device_probabilities"": {""Desktop"": 0.2, ""Mobile"": 0.1, ""Laptop"": 0.7000000000000001}, ""average_session_length"": 70.1, ""session_length_stddev"": 8, ""average_actions"": 24, ""actions_stddev"": 3, ""average_sessions_per_day"": 3, ""remote_work_probability"": 0.25}"
f6dbb2b6-b993-4f63-86b1-8d94324bcc3d,EMP-0080,Stephanie Woods,Sales,Account Executive,London,08:00,17:00,DEV-0140;DEV-0141,Edge,Windows,0.7,Medium,"{""working_hours"": [8, 17], ""login_hour_distribution"": {""0"": 0.02, ""1"": 0.02, ""2"": 0.03, ""3"": 0.03, ""4"": 0.03, ""5"": 0.03, ""6"": 0.02, ""7"": 0.35, ""8"": 0.85, ""9"": 0.86, ""10"": 0.93, ""11"": 0.83, ""12"": 0.83, ""13"": 0.86, ""14"": 0.81, ""15"": 0.97, ""16"": 0.91, ""17"": 0.37, ""18"": 0.03, ""19"": 0.03, ""20"": 0.02, ""21"": 0.04, ""22"": 0.02, ""23"": 0.02}, ""resource_probabilities"": {""Payroll"": 0.0, ""FinanceDB"": 0.0, ""Email"": 0.75, ""GitHub"": 0.0, ""Jira"": 0.12, ""Slack"": 0.83, ""FileServer"": 0.0, ""HRPortal"": 0.0, ""CRM"": 0.8, ""AdminConsole"": 0.0, ""Servers"": 0.0, ""VPN"": 0.23, ""Confluence"": 0.12, ""Terminal"": 0.0, ""HRMS"": 0.0, ""EmployeeRecords"": 0.0, ""ERP"": 0.0, ""Accounting"": 0.0, ""Invoices"": 0.0, ""Meetings"": 0.76, ""Analytics"": 0.15, ""CampaignDashboard"": 0.0, ""Monitoring"": 0.0, ""Firewall"": 0.0}, ""browser_probabilities"": {""Chrome"": 0.6, ""Firefox"": 0.15, ""Edge"": 0.25, ""Safari"": 0.0}, ""device_probabilities"": {""Desktop"": 0.2, ""Mobile"": 0.8}, ""average_session_length"": 46.5, ""session_length_stddev"": 8, ""average_actions"": 16, ""actions_stddev"": 3, ""average_sessions_per_day"": 3, ""remote_work_probability"": 0.25}"
c0ae0b1a-f347-4736-b7ec-07a64b27b079,EMP-0081,Kevin Scott,Engineering,Architect,Munich,09:00,18:00,DEV-0142,Edge,Windows,0.45,High,"{""working_hours"": [9, 18], ""login_hour_distribution"": {""0"": 0.05, ""1"": 0.01, ""2"": 0.04, ""3"": 0.03, ""4"": 0.05, ""5"": 0.03, ""6"": 0.03, ""7"": 0.05, ""8"": 0.37, ""9"": 0.86, ""10"": 0.96, ""11"": 0.97, ""12"": 0.87, ""13"": 0.9, ""14"": 0.85, ""15"": 0.96, ""16"": 0.95, ""17"": 0.87, ""18"": 0.4, ""19"": 0.03, ""20"": 0.01, ""21"": 0.05, ""22"": 0.02, ""23"": 0.03}, ""resource_probabilities"": {""Payroll"": 0.0, ""FinanceDB"": 0.0, ""Email"": 0.34, ""GitHub"": 0.74, ""Jira"": 0.94, ""Slack"": 0.83, ""FileServer"": 0.1, ""HRPortal"": 0.0, ""CRM"": 0.0, ""AdminConsole"": 0.0, ""Servers"": 0.0, ""VPN"": 0.12, ""Confluence"": 0.87, ""Terminal"": 0.89, ""HRMS"": 0.0, ""EmployeeRecords"": 0.0, ""ERP"": 0.0, ""Accounting"": 0.0, ""Invoices"": 0.0, ""Meetings"": 0.32, ""Analytics"": 0.0, ""CampaignDashboard"": 0.0, ""Monitoring"": 0.0, ""Firewall"": 0.0}, ""browser_probabilities"": {""Chrome"": 0.6, ""Firefox"": 0.15, ""Edge"": 0.25, ""Safari"": 0.0}, ""device_probabilities"": {""Laptop"": 1.0}, ""average_session_length"": 56.7, ""session_length_stddev"": 8, ""average_actions"": 8, ""actions_stddev"": 3, ""average_sessions_per_day"": 3, ""remote_work_probability"": 0.25}"
b3e6f4c6-d428-4f6c-89aa-429334a0dcd4,EMP-0082,Alice Clarke,HR,HR Director,New York,10:00,19:00,DEV-0143;DEV-0144;DEV-0145,Chrome,Windows,0.05,Critical,"{""working_hours"": [10, 19], ""login_hour_distribution"": {""0"": 0.04, ""1"": 0.01, ""2"": 0.01, ""3"": 0.02, ""4"": 0.02, ""5"": 0.01, ""6"": 0.04, ""7"": 0.05, ""8"": 0.03, ""9"": 0.31, ""10"": 0.87, ""11"": 0.86, ""12"": 0.87, ""13"": 0.82, ""14"": 0.8, ""15"": 0.93, ""16"": 0.81, ""17"": 0.93, ""18"": 0.81, ""19"": 0.41, ""20"": 0.02, ""21"": 0.03, ""22"": 0.02, ""23"": 0.04}, ""resource_probabilities"": {""Payroll"": 0.85, ""FinanceDB"": 0.0, ""Email"": 0.77, ""GitHub"": 0.0, ""Jira"": 0.05, ""Slack"": 0.2, ""FileServer"": 0.31, ""HRPortal"": 0.11, ""CRM"": 0.0, ""AdminConsole"": 0.0, ""Servers"": 0.0, ""VPN"": 0.14, ""Confluence"": 0.15, ""Terminal"": 0.0, ""HRMS"": 0.89, ""EmployeeRecords"": 0.9, ""ERP"": 0.0, ""Accounting"": 0.0, ""Invoices"": 0.0, ""Meetings"": 0.31, ""Analytics"": 0.0, ""CampaignDashboard"": 0.0, ""Monitoring"": 0.0, ""Firewall"": 0.0}, ""browser_probabilities"": {""Chrome"": 0.6, ""Firefox"": 0.15, ""Edge"": 0.25, ""Safari"": 0.0}, ""device_probabilities"": {""Laptop"": 1.0}, ""average_session_length"": 42.4, ""session_length_stddev"": 8, ""average_actions"": 25, ""actions_stddev"": 3, ""average_sessions_per_day"": 3, ""remote_work_probability"": 0.25}"
e310ff72-ad62-4094-8c4d-6e4024e2226c,EMP-0083,Lacey Freeman,Finance,Treasurer,New York,10:00,19:00,DEV-0146,Chrome,macOS,0.15,Medium,"{""working_hours"": [10, 19], ""login_hour_distribution"": {""0"": 0.01, ""1"": 0.03, ""2"": 0.03, ""3"": 0.03, ""4"": 0.01, ""5"": 0.02, ""6"": 0.04, ""7"": 0.04, ""8"": 0.02, ""9"": 0.43, ""10"": 0.95, ""11"": 0.83, ""12"": 0.83, ""13"": 0.91, ""14"": 0.85, ""15"": 0.82, ""16"": 0.92, ""17"": 0.9, ""18"": 0.81, ""19"": 0.39, ""20"": 0.05, ""21"": 0.03, ""22"": 0.04, ""23"": 0.01}, ""resource_probabilities"": {""Payroll"": 0.27, ""FinanceDB"": 0.16, ""Email"": 0.75, ""GitHub"": 0.0, ""Jira"": 0.25, ""Slack"": 0.34, ""FileServer"": 0.19, ""HRPortal"": 0.0, ""CRM"": 0.0, ""AdminConsole"": 0.0, ""Servers"": 0.0, ""VPN"": 0.27, ""Confluence"": 0.16, ""Terminal"": 0.0, ""HRMS"": 0.0, ""EmployeeRecords"": 0.0, ""ERP"": 0.77, ""Accounting"": 0.72, ""Invoices"": 0.75, ""Meetings"": 0.03, ""Analytics"": 0.18, ""CampaignDashboard"": 0.0, ""Monitoring"": 0.0, ""Firewall"": 0.0}, ""browser_probabilities"": {""Chrome"": 0.5, ""Firefox"": 0.1, ""Edge"": 0.0, ""Safari"": 0.4}, ""device_probabilities"": {""Laptop"": 1.0}, ""average_session_length"": 82.5, ""session_length_stddev"": 8, ""average_actions"": 27, ""actions_stddev"": 3, ""average_sessions_per_day"": 3, ""remote_work_probability"": 0.25}"
911ddc79-90c8-4420-a703-5b27958c2936,EMP-0084,Emily Perry,Sales,Sales Manager,London,08:00,17:00,DEV-0147;DEV-0148,Chrome,Windows,0.7,High,"{""working_hours"": [8, 17], ""login_hour_distribution"": {""0"": 0.04, ""1"": 0.04, ""2"": 0.04, ""3"": 0.02, ""4"": 0.02, ""5"": 0.04, ""6"": 0.02, ""7"": 0.32, ""8"": 0.88, ""9"": 0.94, ""10"": 0.89, ""11"": 0.82, ""12"": 0.92, ""13"": 0.81, ""14"": 0.85, ""15"": 0.95, ""16"": 0.96, ""17"": 0.25, ""18"": 0.04, ""19"": 0.04, ""20"": 0.04, ""21"": 0.05, ""22"": 0.04, ""23"": 0.04}, ""resource_probabilities"": {""Payroll"": 0.0, ""FinanceDB"": 0.0, ""Email"": 0.9, ""GitHub"": 0.0, ""Jira"": 0.24, ""Slack"": 0.89, ""FileServer"": 0.0, ""HRPortal"": 0.0, ""CRM"": 0.75, ""AdminConsole"": 0.0, ""Servers"": 0.0, ""VPN"": 0.11, ""Confluence"": 0.17, ""Terminal"": 0.0, ""HRMS"": 0.0, ""EmployeeRecords"": 0.0, ""ERP"": 0.0, ""Accounting"": 0.0, ""Invoices"": 0.0, ""Meetings"": 0.92, ""Analytics"": 0.23, ""CampaignDashboard"": 0.0, ""Monitoring"": 0.0, ""Firewall"": 0.0}, ""browser_probabilities"": {""Chrome"": 0.6, ""Firefox"": 0.15, ""Edge"": 0.25, ""Safari"": 0.0}, ""device_probabilities"": {""Laptop"": 0.7, ""Mobile"": 0.30000000000000004}, ""average_session_length"": 81.9, ""session_length_stddev"": 8, ""average_actions"": 9, ""actions_stddev"": 3, ""average_sessions_per_day"": 3, ""remote_work_probability"": 0.25}"
e4354021-392a-4fc4-a47a-c5915da64a3a,EMP-0085,Jason Smith,HR,HR Specialist,San Francisco,09:00,18:00,DEV-0149;DEV-0150;DEV-0151,Chrome,Windows,0.05,Medium,"{""working_hours"": [9, 18], ""login_hour_distribution"": {""0"": 0.02, ""1"": 0.01, ""2"": 0.02, ""3"": 0.05, ""4"": 0.05, ""5"": 0.04, ""6"": 0.04, ""7"": 0.02, ""8"": 0.24, ""9"": 0.9, ""10"": 0.9, ""11"": 0.96, ""12"": 0.83, ""13"": 0.93, ""14"": 0.97, ""15"": 0.81, ""16"": 0.94, ""17"": 0.84, ""18"": 0.27, ""19"": 0.02, ""20"": 0.04, ""21"": 0.03, ""22"": 0.04, ""23"": 0.03}, ""resource_probabilities"": {""Payroll"": 0.93, ""FinanceDB"": 0.0, ""Email"": 0.92, ""GitHub"": 0.0, ""Jira"": 0.01, ""Slack"": 0.26, ""FileServer"": 0.13, ""HRPortal"": 0.34, ""CRM"": 0.0, ""AdminConsole"": 0.0, ""Servers"": 0.0, ""VPN"": 0.26, ""Confluence"": 0.17, ""Terminal"": 0.0, ""HRMS"": 0.89, ""EmployeeRecords"": 0.84, ""ERP"": 0.0, ""Accounting"": 0.0, ""Invoices"": 0.0, ""Meetings"": 0.24, ""Analytics"": 0.0, ""CampaignDashboard"": 0.0, ""Monitoring"": 0.0, ""Firewall"": 0.0}, ""browser_probabilities"": {""Chrome"": 0.6, ""Firefox"": 0.15, ""Edge"": 0.25, ""Safari"": 0.0}, ""device_probabilities"": {""Desktop"": 0.2222222222222222, ""Mobile"": 0.7777777777777778}, ""average_session_length"": 51.4, ""session_length_stddev"": 8, ""average_actions"": 17, ""actions_stddev"": 3, ""average_sessions_per_day"": 3, ""remote_work_probability"": 0.25}"
e5f22dfb-a741-404b-9672-1e985d8416e0,EMP-0086,Jeremiah Miller,Engineering,Software Engineer,Munich,09:00,18:00,DEV-0152;DEV-0153;DEV-0154,Firefox,Linux,0.45,Medium,"{""working_hours"": [9, 18], ""login_hour_distribution"": {""0"": 0.03, ""1"": 0.02, ""2"": 0.04, ""3"": 0.03, ""4"": 0.03, ""5"": 0.03, ""6"": 0.03, ""7"": 0.02, ""8"": 0.24, ""9"": 0.81, ""10"": 0.92, ""11"": 0.84, ""12"": 0.83, ""13"": 0.87, ""14"": 0.93, ""15"": 0.82, ""16"": 0.84, ""17"": 0.95, ""18"": 0.38, ""19"": 0.03, ""20"": 0.03, ""21"": 0.02, ""22"": 0.02, ""23"": 0.04}, ""resource_probabilities"": {""Payroll"": 0.0, ""FinanceDB"": 0.0, ""Email"": 0.11, ""GitHub"": 0.71, ""Jira"": 0.84, ""Slack"": 0.74, ""FileServer"": 0.26, ""HRPortal"": 0.0, ""CRM"": 0.0, ""AdminConsole"": 0.0, ""Servers"": 0.0, ""VPN"": 0.11, ""Confluence"": 0.84, ""Terminal"": 0.71, ""HRMS"": 0.0, ""EmployeeRecords"": 0.0, ""ERP"": 0.0, ""Accounting"": 0.0, ""Invoices"": 0.0, ""Meetings"": 0.16, ""Analytics"": 0.0, ""CampaignDashboard"": 0.0, ""Monitoring"": 0.0, ""Firewall"": 0.0}, ""browser_probabilities"": {""Chrome"": 0.5, ""Firefox"": 0.5, ""Edge"": 0.0, ""Safari"": 0.0}, ""device_probabilities"": {""Laptop"": 0.6666666666666667, ""Mobile"": 0.3333333333333333}, ""average_session_length"": 29.8, ""session_length_stddev"": 8, ""average_actions"": 17, ""actions_stddev"": 3, ""average_sessions_per_day"": 3, ""remote_work_probability"": 0.25}"
a33b3dfd-9048-45c6-b820-5aa7996f7e88,EMP-0087,Tina Griffin,IT,Systems Administrator,London,07:00,17:00,DEV-0155;DEV-0156;DEV-0157,Firefox,Linux,0.6,High,"{""working_hours"": [7, 17], ""login_hour_distribution"": {""0"": 0.03, ""1"": 0.03, ""2"": 0.02, ""3"": 0.03, ""4"": 0.02, ""5"": 0.03, ""6"": 0.39, ""7"": 0.91, ""8"": 0.89, ""9"": 0.83, ""10"": 0.92, ""11"": 0.97, ""12"": 0.91, ""13"": 0.81, ""14"": 0.87, ""15"": 0.82, ""16"": 0.8, ""17"": 0.33, ""18"": 0.05, ""19"": 0.04, ""20"": 0.04, ""21"": 0.03, ""22"": 0.02, ""23"": 0.05}, ""resource_probabilities"": {""Payroll"": 0.25, ""FinanceDB"": 0.32, ""Email"": 0.23, ""GitHub"": 0.29, ""Jira"": 0.12, ""Slack"": 0.26, ""FileServer"": 0.93, ""HRPortal"": 0.23, ""CRM"": 0.1, ""AdminConsole"": 0.93, ""Servers"": 0.87, ""VPN"": 0.81, ""Confluence"": 0.21, ""Terminal"": 0.32, ""HRMS"": 0.27, ""EmployeeRecords"": 0.21, ""ERP"": 0.33, ""Accounting"": 0.22, ""Invoices"": 0.29, ""Meetings"": 0.19, ""Analytics"": 0.3, ""CampaignDashboard"": 0.33, ""Monitoring"": 0.91, ""Firewall"": 0.84}, ""browser_probabilities"": {""Chrome"": 0.5, ""Firefox"": 0.5, ""Edge"": 0.0, ""Safari"": 0.0}, ""device_probabilities"": {""Laptop"": 1.0}, ""average_session_length"": 56.8, ""session_length_stddev"": 8, ""average_actions"": 13, ""actions_stddev"": 3, ""average_sessions_per_day"": 3, ""remote_work_probability"": 0.25}"
e8fb5a96-3b85-46e1-840f-54057a25ed81,EMP-0088,Cole Mcgee,HR,HR Coordinator,London,10:00,19:00,DEV-0158,Chrome,Windows,0.05,Low,"{""working_hours"": [10, 19], ""login_hour_distribution"": {""0"": 0.02, ""1"": 0.04, ""2"": 0.04, ""3"": 0.03, ""4"": 0.01, ""5"": 0.01, ""6"": 0.04, ""7"": 0.04, ""8"": 0.02, ""9"": 0.29, ""10"": 0.83, ""11"": 0.92, ""12"": 0.85, ""13"": 0.95, ""14"": 0.88, ""15"": 0.87, ""16"": 0.85, ""17"": 0.92, ""18"": 0.94, ""19"": 0.3, ""20"": 0.04, ""21"": 0.03, ""22"": 0.02, ""23"": 0.03}, ""resource_probabilities"": {""Payroll"": 0.76, ""FinanceDB"": 0.0, ""Email"": 0.78, ""GitHub"": 0.0, ""Jira"": 0.02, ""Slack"": 0.28, ""FileServer"": 0.28, ""HRPortal"": 0.31, ""CRM"": 0.0, ""AdminConsole"": 0.0, ""Servers"": 0.0, ""VPN"": 0.26, ""Confluence"": 0.29, ""Terminal"": 0.0, ""HRMS"": 0.81, ""EmployeeRecords"": 0.87, ""ERP"": 0.0, ""Accounting"": 0.0, ""Invoices"": 0.0, ""Meetings"": 0.14, ""Analytics"": 0.0, ""CampaignDashboard"": 0.0, ""Monitoring"": 0.0, ""Firewall"": 0.0}, ""browser_probabilities"": {""Chrome"": 0.6, ""Firefox"": 0.15, ""Edge"": 0.25, ""Safari"": 0.0}, ""device_probabilities"": {""Laptop"": 1.0}, ""average_session_length"": 33.6, ""session_length_stddev"": 8, ""average_actions"": 17, ""actions_stddev"": 3, ""average_sessions_per_day"": 3, ""remote_work_probability"": 0.25}"
8cf29000-cd04-4001-96a3-dcccc93c9cc6,EMP-0089,Adam Patterson,Engineering,Architect,New York,08:00,17:00,DEV-0159;DEV-0160,Firefox,Linux,0.45,High,"{""working_hours"": [8, 17], ""login_hour_distribution"": {""0"": 0.04, ""1"": 0.04, ""2"": 0.03, ""3"": 0.03, ""4"": 0.01, ""5"": 0.02, ""6"": 0.02, ""7"": 0.35, ""8"": 0.93, ""9"": 0.97, ""10"": 0.87, ""11"": 0.92, ""12"": 0.85, ""13"": 0.97, ""14"": 0.81, ""15"": 0.94, ""16"": 0.83, ""17"": 0.32, ""18"": 0.01, ""19"": 0.04, ""20"": 0.05, ""21"": 0.03, ""22"": 0.02, ""23"": 0.04}, ""resource_probabilities"": {""Payroll"": 0.0, ""FinanceDB"": 0.0, ""Email"": 0.23, ""GitHub"": 0.87, ""Jira"": 0.85, ""Slack"": 0.87, ""FileServer"": 0.19, ""HRPortal"": 0.0, ""CRM"": 0.0, ""AdminConsole"": 0.0, ""Servers"": 0.0, ""VPN"": 0.26, ""Confluence"": 0.94, ""Terminal"": 0.72, ""HRMS"": 0.0, ""EmployeeRecords"": 0.0, ""ERP"": 0.0, ""Accounting"": 0.0, ""Invoices"": 0.0, ""Meetings"": 0.17, ""Analytics"": 0.0, ""CampaignDashboard"": 0.0, ""Monitoring"": 0.0, ""Firewall"": 0.0}, ""browser_probabilities"": {""Chrome"": 0.5, ""Firefox"": 0.5, ""Edge"": 0.0, ""Safari"": 0.0}, ""device_probabilities"": {""Desktop"": 0.2, ""Mobile"": 0.8}, ""average_session_length"": 53.9, ""session_length_stddev"": 8, ""average_actions"": 26, ""actions_stddev"": 3, ""average_sessions_per_day"": 3, ""remote_work_probability"": 0.25}"
33478a91-9609-498e-a7cb-a27a65281970,EMP-0090,Barbara Christensen,Finance,Accountant,New York,08:00,17:00,DEV-0161;DEV-0162,Edge,Windows,0.15,Low,"{""working_hours"": [8, 17], ""login_hour_distribution"": {""0"": 0.03, ""1"": 0.03, ""2"": 0.02, ""3"": 0.04, ""4"": 0.02, ""5"": 0.05, ""6"": 0.03, ""7"": 0.3, ""8"": 0.8, ""9"": 0.83, ""10"": 0.89, ""11"": 0.9, ""12"": 0.89, ""13"": 0.86, ""14"": 0.82, ""15"": 0.89, ""16"": 0.85, ""17"": 0.33, ""18"": 0.04, ""19"": 0.02, ""20"": 0.03, ""21"": 0.03, ""22"": 0.03, ""23"": 0.02}, ""resource_probabilities"": {""Payroll"": 0.18, ""FinanceDB"": 0.29, ""Email"": 0.87, ""GitHub"": 0.0, ""Jira"": 0.32, ""Slack"": 0.32, ""FileServer"": 0.22, ""HRPortal"": 0.0, ""CRM"": 0.0, ""AdminConsole"": 0.0, ""Servers"": 0.0, ""VPN"": 0.16, ""Confluence"": 0.2, ""Terminal"": 0.0, ""HRMS"": 0.0, ""EmployeeRecords"": 0.0, ""ERP"": 0.9, ""Accounting"": 0.76, ""Invoices"": 0.88, ""Meetings"": 0.04, ""Analytics"": 0.2, ""CampaignDashboard"": 0.0, ""Monitoring"": 0.0, ""Firewall"": 0.0}, ""browser_probabilities"": {""Chrome"": 0.6, ""Firefox"": 0.15, ""Edge"": 0.25, ""Safari"": 0.0}, ""device_probabilities"": {""Laptop"": 0.7, ""Mobile"": 0.30000000000000004}, ""average_session_length"": 48.8, ""session_length_stddev"": 8, ""average_actions"": 22, ""actions_stddev"": 3, ""average_sessions_per_day"": 3, ""remote_work_probability"": 0.25}"
436ae2bb-d509-4e07-b368-d836027d3808,EMP-0091,Erica Caldwell,HR,Recruiter,London,08:00,17:00,DEV-0163,Edge,Windows,0.05,Low,"{""working_hours"": [8, 17], ""login_hour_distribution"": {""0"": 0.02, ""1"": 0.03, ""2"": 0.02, ""3"": 0.02, ""4"": 0.02, ""5"": 0.03, ""6"": 0.02, ""7"": 0.39, ""8"": 0.97, ""9"": 0.83, ""10"": 0.93, ""11"": 0.84, ""12"": 0.84, ""13"": 0.85, ""14"": 0.84, ""15"": 0.95, ""16"": 0.95, ""17"": 0.29, ""18"": 0.04, ""19"": 0.01, ""20"": 0.01, ""21"": 0.05, ""22"": 0.03, ""23"": 0.01}, ""resource_probabilities"": {""Payroll"": 0.91, ""FinanceDB"": 0.0, ""Email"": 0.94, ""GitHub"": 0.0, ""Jira"": 0.04, ""Slack"": 0.19, ""FileServer"": 0.18, ""HRPortal"": 0.32, ""CRM"": 0.0, ""AdminConsole"": 0.0, ""Servers"": 0.0, ""VPN"": 0.32, ""Confluence"": 0.24, ""Terminal"": 0.0, ""HRMS"": 0.77, ""EmployeeRecords"": 0.75, ""ERP"": 0.0, ""Accounting"": 0.0, ""Invoices"": 0.0, ""Meetings"": 0.29, ""Analytics"": 0.0, ""CampaignDashboard"": 0.0, ""Monitoring"": 0.0, ""Firewall"": 0.0}, ""browser_probabilities"": {""Chrome"": 0.6, ""Firefox"": 0.15, ""Edge"": 0.25, ""Safari"": 0.0}, ""device_probabilities"": {""Desktop"": 1.0}, ""average_session_length"": 66.2, ""session_length_stddev"": 8, ""average_actions"": 17, ""actions_stddev"": 3, ""average_sessions_per_day"": 3, ""remote_work_probability"": 0.25}"
20d4ba18-93a0-4478-800b-19de38db128d,EMP-0092,Natalie Swanson,Marketing,Marketing Coordinator,Munich,09:00,18:00,DEV-0164;DEV-0165,Chrome,Windows,0.2,Low,"{""working_hours"": [9, 18], ""login_hour_distribution"": {""0"": 0.03, ""1"": 0.03, ""2"": 0.04, ""3"": 0.02, ""4"": 0.05, ""5"": 0.04, ""6"": 0.03, ""7"": 0.04, ""8"": 0.2, ""9"": 0.84, ""10"": 0.9, ""11"": 0.86, ""12"": 0.91, ""13"": 0.85, ""14"": 0.9, ""15"": 0.84, ""16"": 0.88, ""17"": 0.91, ""18"": 0.29, ""19"": 0.03, ""20"": 0.02, ""21"": 0.04, ""22"": 0.02, ""23"": 0.04}, ""resource_probabilities"": {""Payroll"": 0.0, ""FinanceDB"": 0.0, ""Email"": 0.77, ""GitHub"": 0.0, ""Jira"": 0.14, ""Slack"": 0.73, ""FileServer"": 0.03, ""HRPortal"": 0.0, ""CRM"": 0.76, ""AdminConsole"": 0.0, ""Servers"": 0.0, ""VPN"": 0.12, ""Confluence"": 0.17, ""Terminal"": 0.0, ""HRMS"": 0.0, ""EmployeeRecords"": 0.0, ""ERP"": 0.0, ""Accounting"": 0.0, ""Invoices"": 0.0, ""Meetings"": 0.16, ""Analytics"": 0.81, ""CampaignDashboard"": 0.8, ""Monitoring"": 0.0, ""Firewall"": 0.0}, ""browser_probabilities"": {""Chrome"": 0.6, ""Firefox"": 0.15, ""Edge"": 0.25, ""Safari"": 0.0}, ""device_probabilities"": {""Desktop"": 0.2, ""Laptop"": 0.8}, ""average_session_length"": 26.0, ""session_length_stddev"": 8, ""average_actions"": 28, ""actions_stddev"": 3, ""average_sessions_per_day"": 3, ""remote_work_probability"": 0.25}"
027e789c-ce40-483b-b915-ad7e2648c819,EMP-0093,Leslie Mcclain,Marketing,Marketing Specialist,Tokyo,09:00,18:00,DEV-0166,Firefox,Windows,0.2,Medium,"{""working_hours"": [9, 18], ""login_hour_distribution"": {""0"": 0.04, ""1"": 0.03, ""2"": 0.02, ""3"": 0.03, ""4"": 0.02, ""5"": 0.04, ""6"": 0.01, ""7"": 0.01, ""8"": 0.24, ""9"": 0.84, ""10"": 0.85, ""11"": 0.95, ""12"": 0.82, ""13"": 0.93, ""14"": 0.85, ""15"": 0.86, ""16"": 0.9, ""17"": 0.95, ""18"": 0.29, ""19"": 0.03, ""20"": 0.02, ""21"": 0.04, ""22"": 0.03, ""23"": 0.03}, ""resource_probabilities"": {""Payroll"": 0.0, ""FinanceDB"": 0.0, ""Email"": 0.86, ""GitHub"": 0.0, ""Jira"": 0.23, ""Slack"": 0.94, ""FileServer"": 0.02, ""HRPortal"": 0.0, ""CRM"": 0.78, ""AdminConsole"": 0.0, ""Servers"": 0.0, ""VPN"": 0.23, ""Confluence"": 0.29, ""Terminal"": 0.0, ""HRMS"": 0.0, ""EmployeeRecords"": 0.0, ""ERP"": 0.0, ""Accounting"": 0.0, ""Invoices"": 0.0, ""Meetings"": 0.21, ""Analytics"": 0.72, ""CampaignDashboard"": 0.85, ""Monitoring"": 0.0, ""Firewall"": 0.0}, ""browser_probabilities"": {""Chrome"": 0.6, ""Firefox"": 0.15, ""Edge"": 0.25, ""Safari"": 0.0}, ""device_probabilities"": {""Laptop"": 1.0}, ""average_session_length"": 61.0, ""session_length_stddev"": 8, ""average_actions"": 9, ""actions_stddev"": 3, ""average_sessions_per_day"": 3, ""remote_work_probability"": 0.25}"
cec68cfe-a3fd-47f0-aae6-3af6de46222e,EMP-0094,Erin Moss,Finance,Treasurer,Tokyo,10:00,19:00,DEV-0167,Chrome,Windows,0.15,Medium,"{""working_hours"": [10, 19], ""login_hour_distribution"": {""0"": 0.05, ""1"": 0.01, ""2"": 0.02, ""3"": 0.02, ""4"": 0.04, ""5"": 0.04, ""6"": 0.03, ""7"": 0.03, ""8"": 0.05, ""9"": 0.4, ""10"": 0.97, ""11"": 0.93, ""12"": 0.89, ""13"": 0.88, ""14"": 0.83, ""15"": 0.95, ""16"": 0.82, ""17"": 0.84, ""18"": 0.85, ""19"": 0.39, ""20"": 0.04, ""21"": 0.02, ""22"": 0.03, ""23"": 0.01}, ""resource_probabilities"": {""Payroll"": 0.33, ""FinanceDB"": 0.22, ""Email"": 0.71, ""GitHub"": 0.0, ""Jira"": 0.29, ""Slack"": 0.23, ""FileServer"": 0.35, ""HRPortal"": 0.0, ""CRM"": 0.0, ""AdminConsole"": 0.0, ""Servers"": 0.0, ""VPN"": 0.13, ""Confluence"": 0.25, ""Terminal"": 0.0, ""HRMS"": 0.0, ""EmployeeRecords"": 0.0, ""ERP"": 0.72, ""Accounting"": 0.93, ""Invoices"": 0.8, ""Meetings"": 0.02, ""Analytics"": 0.28, ""CampaignDashboard"": 0.0, ""Monitoring"": 0.0, ""Firewall"": 0.0}, ""browser_probabilities"": {""Chrome"": 0.6, ""Firefox"": 0.15, ""Edge"": 0.25, ""Safari"": 0.0}, ""device_probabilities"": {""Laptop"": 1.0}, ""average_session_length"": 58.7, ""session_length_stddev"": 8, ""average_actions"": 9, ""actions_stddev"": 3, ""average_sessions_per_day"": 3, ""remote_work_probability"": 0.25}"
2bacf712-d6a9-49e8-86d8-95e5219b606d,EMP-0095,Leonard Murray,HR,HR Coordinator,New York,10:00,19:00,DEV-0168,Firefox,Windows,0.05,Low,"{""working_hours"": [10, 19], ""login_hour_distribution"": {""0"": 0.04, ""1"": 0.03, ""2"": 0.04, ""3"": 0.05, ""4"": 0.03, ""5"": 0.02, ""6"": 0.05, ""7"": 0.03, ""8"": 0.03, ""9"": 0.31, ""10"": 0.93, ""11"": 0.96, ""12"": 0.88, ""13"": 0.92, ""14"": 0.9, ""15"": 0.96, ""16"": 0.89, ""17"": 0.84, ""18"": 0.82, ""19"": 0.28, ""20"": 0.03, ""21"": 0.02, ""22"": 0.01, ""23"": 0.03}, ""resource_probabilities"": {""Payroll"": 0.89, ""FinanceDB"": 0.0, ""Email"": 0.73, ""GitHub"": 0.0, ""Jira"": 0.02, ""Slack"": 0.23, ""FileServer"": 0.27, ""HRPortal"": 0.22, ""CRM"": 0.0, ""AdminConsole"": 0.0, ""Servers"": 0.0, ""VPN"": 0.29, ""Confluence"": 0.17, ""Terminal"": 0.0, ""HRMS"": 0.89, ""EmployeeRecords"": 0.9, ""ERP"": 0.0, ""Accounting"": 0.0, ""Invoices"": 0.0, ""Meetings"": 0.25, ""Analytics"": 0.0, ""CampaignDashboard"": 0.0, ""Monitoring"": 0.0, ""Firewall"": 0.0}, ""browser_probabilities"": {""Chrome"": 0.6, ""Firefox"": 0.15, ""Edge"": 0.25, ""Safari"": 0.0}, ""device_probabilities"": {""Laptop"": 1.0}, ""average_session_length"": 97.6, ""session_length_stddev"": 8, ""average_actions"": 22, ""actions_stddev"": 3, ""average_sessions_per_day"": 3, ""remote_work_probability"": 0.25}"
e1d55f85-6967-4586-b046-30085fa72012,EMP-0096,Elizabeth Lin,IT,IT Director,Tokyo,08:00,18:00,DEV-0169,Firefox,Linux,0.6,Critical,"{""working_hours"": [8, 18], ""login_hour_distribution"": {""0"": 0.04, ""1"": 0.04, ""2"": 0.02, ""3"": 0.01, ""4"": 0.04, ""5"": 0.03, ""6"": 0.04, ""7"": 0.35, ""8"": 0.92, ""9"": 0.85, ""10"": 0.92, ""11"": 0.9, ""12"": 0.85, ""13"": 0.83, ""14"": 0.81, ""15"": 0.82, ""16"": 0.82, ""17"": 0.88, ""18"": 0.31, ""19"": 0.04, ""20"": 0.03, ""21"": 0.02, ""22"": 0.02, ""23"": 0.05}, ""resource_probabilities"": {""Payroll"": 0.11, ""FinanceDB"": 0.34, ""Email"": 0.17, ""GitHub"": 0.13, ""Jira"": 0.21, ""Slack"": 0.1, ""FileServer"": 0.72, ""HRPortal"": 0.1, ""CRM"": 0.15, ""AdminConsole"": 0.81, ""Servers"": 0.9, ""VPN"": 0.82, ""Confluence"": 0.19, ""Terminal"": 0.27, ""HRMS"": 0.11, ""EmployeeRecords"": 0.12, ""ERP"": 0.29, ""Accounting"": 0.14, ""Invoices"": 0.17, ""Meetings"": 0.2, ""Analytics"": 0.24, ""CampaignDashboard"": 0.15, ""Monitoring"": 0.92, ""Firewall"": 0.76}, ""browser_probabilities"": {""Chrome"": 0.5, ""Firefox"": 0.5, ""Edge"": 0.0, ""Safari"": 0.0}, ""device_probabilities"": {""Laptop"": 1.0}, ""average_session_length"": 52.0, ""session_length_stddev"": 8, ""average_actions"": 5, ""actions_stddev"": 3, ""average_sessions_per_day"": 3, ""remote_work_probability"": 0.25}"
b6f56f1c-c4a5-41cd-b97f-49941f38df55,EMP-0097,Brian Silva,HR,Recruiter,Tokyo,09:00,18:00,DEV-0170,Firefox,Windows,0.05,Low,"{""working_hours"": [9, 18], ""login_hour_distribution"": {""0"": 0.02, ""1"": 0.04, ""2"": 0.01, ""3"": 0.04, ""4"": 0.02, ""5"": 0.03, ""6"": 0.05, ""7"": 0.05, ""8"": 0.24, ""9"": 0.93, ""10"": 0.93, ""11"": 0.9, ""12"": 0.82, ""13"": 0.89, ""14"": 0.85, ""15"": 0.86, ""16"": 0.81, ""17"": 0.92, ""18"": 0.44, ""19"": 0.02, ""20"": 0.03, ""21"": 0.01, ""22"": 0.04, ""23"": 0.03}, ""resource_probabilities"": {""Payroll"": 0.8, ""FinanceDB"": 0.0, ""Email"": 0.76, ""GitHub"": 0.0, ""Jira"": 0.05, ""Slack"": 0.25, ""FileServer"": 0.27, ""HRPortal"": 0.27, ""CRM"": 0.0, ""AdminConsole"": 0.0, ""Servers"": 0.0, ""VPN"": 0.14, ""Confluence"": 0.29, ""Terminal"": 0.0, ""HRMS"": 0.76, ""EmployeeRecords"": 0.82, ""ERP"": 0.0, ""Accounting"": 0.0, ""Invoices"": 0.0, ""Meetings"": 0.27, ""Analytics"": 0.0, ""CampaignDashboard"": 0.0, ""Monitoring"": 0.0, ""Firewall"": 0.0}, ""browser_probabilities"": {""Chrome"": 0.6, ""Firefox"": 0.15, ""Edge"": 0.25, ""Safari"": 0.0}, ""device_probabilities"": {""Laptop"": 1.0}, ""average_session_length"": 47.2, ""session_length_stddev"": 8, ""average_actions"": 29, ""actions_stddev"": 3, ""average_sessions_per_day"": 3, ""remote_work_probability"": 0.25}"
5b0334d8-0f4d-4c40-8f5f-9707a008ac20,EMP-0098,Steven Mills,Finance,Finance Analyst,Munich,08:00,17:00,DEV-0171,Chrome,Windows,0.15,Medium,"{""working_hours"": [8, 17], ""login_hour_distribution"": {""0"": 0.05, ""1"": 0.04, ""2"": 0.04, ""3"": 0.04, ""4"": 0.03, ""5"": 0.02, ""6"": 0.04, ""7"": 0.29, ""8"": 0.82, ""9"": 0.96, ""10"": 0.89, ""11"": 0.88, ""12"": 0.85, ""13"": 0.93, ""14"": 0.83, ""15"": 0.83, ""16"": 0.86, ""17"": 0.38, ""18"": 0.02, ""19"": 0.04, ""20"": 0.05, ""21"": 0.03, ""22"": 0.01, ""23"": 0.02}, ""resource_probabilities"": {""Payroll"": 0.17, ""FinanceDB"": 0.17, ""Email"": 0.79, ""GitHub"": 0.0, ""Jira"": 0.1, ""Slack"": 0.26, ""FileServer"": 0.19, ""HRPortal"": 0.0, ""CRM"": 0.0, ""AdminConsole"": 0.0, ""Servers"": 0.0, ""VPN"": 0.15, ""Confluence"": 0.1, ""Terminal"": 0.0, ""HRMS"": 0.0, ""EmployeeRecords"": 0.0, ""ERP"": 0.91, ""Accounting"": 0.89, ""Invoices"": 0.76, ""Meetings"": 0.04, ""Analytics"": 0.26, ""CampaignDashboard"": 0.0, ""Monitoring"": 0.0, ""Firewall"": 0.0}, ""browser_probabilities"": {""Chrome"": 0.6, ""Firefox"": 0.15, ""Edge"": 0.25, ""Safari"": 0.0}, ""device_probabilities"": {""Desktop"": 1.0}, ""average_session_length"": 69.3, ""session_length_stddev"": 8, ""average_actions"": 17, ""actions_stddev"": 3, ""average_sessions_per_day"": 3, ""remote_work_probability"": 0.25}"
7f5f61aa-aee7-47a5-8629-6fbe309b48dd,EMP-0099,Jamie Clark,IT,IT Director,San Francisco,09:00,19:00,DEV-0172;DEV-0173,Chrome,Linux,0.6,Critical,"{""working_hours"": [9, 19], ""login_hour_distribution"": {""0"": 0.02, ""1"": 0.01, ""2"": 0.04, ""3"": 0.01, ""4"": 0.05, ""5"": 0.02, ""6"": 0.01, ""7"": 0.01, ""8"": 0.25, ""9"": 0.81, ""10"": 0.92, ""11"": 0.87, ""12"": 0.89, ""13"": 0.91, ""14"": 0.91, ""15"": 0.81, ""16"": 0.84, ""17"": 0.93, ""18"": 0.8, ""19"": 0.43, ""20"": 0.04, ""21"": 0.05, ""22"": 0.04, ""23"": 0.03}, ""resource_probabilities"": {""Payroll"": 0.26, ""FinanceDB"": 0.19, ""Email"": 0.29, ""GitHub"": 0.32, ""Jira"": 0.31, ""Slack"": 0.3, ""FileServer"": 0.71, ""HRPortal"": 0.25, ""CRM"": 0.23, ""AdminConsole"": 0.88, ""Servers"": 0.91, ""VPN"": 0.72, ""Confluence"": 0.15, ""Terminal"": 0.23, ""HRMS"": 0.13, ""EmployeeRecords"": 0.16, ""ERP"": 0.2, ""Accounting"": 0.15, ""Invoices"": 0.26, ""Meetings"": 0.24, ""Analytics"": 0.34, ""CampaignDashboard"": 0.24, ""Monitoring"": 0.84, ""Firewall"": 0.89}, ""browser_probabilities"": {""Chrome"": 0.5, ""Firefox"": 0.5, ""Edge"": 0.0, ""Safari"": 0.0}, ""device_probabilities"": {""Desktop"": 0.2, ""Laptop"": 0.8}, ""average_session_length"": 94.3, ""session_length_stddev"": 8, ""average_actions"": 23, ""actions_stddev"": 3, ""average_sessions_per_day"": 3, ""remote_work_probability"": 0.25}"
b3da5808-756e-467d-acab-8b695ba37cb5,EMP-0100,Alexis Waters,Finance,Finance Director,New York,08:00,17:00,DEV-0174,Chrome,Windows,0.15,Critical,"{""working_hours"": [8, 17], ""login_hour_distribution"": {""0"": 0.03, ""1"": 0.04, ""2"": 0.03, ""3"": 0.03, ""4"": 0.05, ""5"": 0.05, ""6"": 0.03, ""7"": 0.45, ""8"": 0.95, ""9"": 0.87, ""10"": 0.91, ""11"": 0.95, ""12"": 0.86, ""13"": 0.84, ""14"": 0.9, ""15"": 0.87, ""16"": 0.9, ""17"": 0.39, ""18"": 0.02, ""19"": 0.03, ""20"": 0.05, ""21"": 0.01, ""22"": 0.01, ""23"": 0.02}, ""resource_probabilities"": {""Payroll"": 0.1, ""FinanceDB"": 0.13, ""Email"": 0.92, ""GitHub"": 0.0, ""Jira"": 0.1, ""Slack"": 0.35, ""FileServer"": 0.15, ""HRPortal"": 0.0, ""CRM"": 0.0, ""AdminConsole"": 0.0, ""Servers"": 0.0, ""VPN"": 0.18, ""Confluence"": 0.29, ""Terminal"": 0.0, ""HRMS"": 0.0, ""EmployeeRecords"": 0.0, ""ERP"": 0.94, ""Accounting"": 0.91, ""Invoices"": 0.93, ""Meetings"": 0.03, ""Analytics"": 0.24, ""CampaignDashboard"": 0.0, ""Monitoring"": 0.0, ""Firewall"": 0.0}, ""browser_probabilities"": {""Chrome"": 0.6, ""Firefox"": 0.15, ""Edge"": 0.25, ""Safari"": 0.0}, ""device_probabilities"": {""Desktop"": 1.0}, ""average_session_length"": 72.9, ""session_length_stddev"": 8, ""average_actions"": 8, ""actions_stddev"": 3, ""average_sessions_per_day"": 3, ""remote_work_probability"": 0.25}"
27f6a2ac-5b0c-4170-b5da-cbbe09a9161a,EMP-0101,Brooke Jackson,Sales,Account Executive,London,08:00,17:00,DEV-0175;DEV-0176,Chrome,macOS,0.7,Medium,"{""working_hours"": [8, 17], ""login_hour_distribution"": {""0"": 0.02, ""1"": 0.02, ""2"": 0.03, ""3"": 0.03, ""4"": 0.02, ""5"": 0.01, ""6"": 0.02, ""7"": 0.32, ""8"": 0.89, ""9"": 0.96, ""10"": 0.93, ""11"": 0.95, ""12"": 0.82, ""13"": 0.92, ""14"": 0.81, ""15"": 0.95, ""16"": 0.87, ""17"": 0.4, ""18"": 0.05, ""19"": 0.02, ""20"": 0.05, ""21"": 0.03, ""22"": 0.05, ""23"": 0.01}, ""resource_probabilities"": {""Payroll"": 0.0, ""FinanceDB"": 0.0, ""Email"": 0.89, ""GitHub"": 0.0, ""Jira"": 0.29, ""Slack"": 0.91, ""FileServer"": 0.0, ""HRPortal"": 0.0, ""CRM"": 0.93, ""AdminConsole"": 0.0, ""Servers"": 0.0, ""VPN"": 0.26, ""Confluence"": 0.26, ""Terminal"": 0.0, ""HRMS"": 0.0, ""EmployeeRecords"": 0.0, ""ERP"": 0.0, ""Accounting"": 0.0, ""Invoices"": 0.0, ""Meetings"": 0.71, ""Analytics"": 0.23, ""CampaignDashboard"": 0.0, ""Monitoring"": 0.0, ""Firewall"": 0.0}, ""browser_probabilities"": {""Chrome"": 0.5, ""Firefox"": 0.1, ""Edge"": 0.0, ""Safari"": 0.4}, ""device_probabilities"": {""Laptop"": 0.7, ""Mobile"": 0.30000000000000004}, ""average_session_length"": 45.1, ""session_length_stddev"": 8, ""average_actions"": 23, ""actions_stddev"": 3, ""average_sessions_per_day"": 3, ""remote_work_probability"": 0.25}"
b2a0f778-809d-4444-93ab-3cce264ae04f,EMP-0102,Steven Hill,Engineering,QA Engineer,San Francisco,08:00,17:00,DEV-0177;DEV-0178;DEV-0179,Firefox,macOS,0.45,Low,"{""working_hours"": [8, 17], ""login_hour_distribution"": {""0"": 0.05, ""1"": 0.04, ""2"": 0.03, ""3"": 0.01, ""4"": 0.03, ""5"": 0.04, ""6"": 0.02, ""7"": 0.28, ""8"": 0.89, ""9"": 0.93, ""10"": 0.9, ""11"": 0.85, ""12"": 0.87, ""13"": 0.88, ""14"": 0.93, ""15"": 0.94, ""16"": 0.89, ""17"": 0.25, ""18"": 0.03, ""19"": 0.03, ""20"": 0.03, ""21"": 0.05, ""22"": 0.03, ""23"": 0.02}, ""resource_probabilities"": {""Payroll"": 0.0, ""FinanceDB"": 0.0, ""Email"": 0.17, ""GitHub"": 0.81, ""Jira"": 0.87, ""Slack"": 0.84, ""FileServer"": 0.13, ""HRPortal"": 0.0, ""CRM"": 0.0, ""AdminConsole"": 0.0, ""Servers"": 0.0, ""VPN"": 0.2, ""Confluence"": 0.79, ""Terminal"": 0.75, ""HRMS"": 0.0, ""EmployeeRecords"": 0.0, ""ERP"": 0.0, ""Accounting"": 0.0, ""Invoices"": 0.0, ""Meetings"": 0.19, ""Analytics"": 0.0, ""CampaignDashboard"": 0.0, ""Monitoring"": 0.0, ""Firewall"": 0.0}, ""browser_probabilities"": {""Chrome"": 0.5, ""Firefox"": 0.1, ""Edge"": 0.0, ""Safari"": 0.4}, ""device_probabilities"": {""Laptop"": 2.333333333333333, ""Mobile"": -1.3333333333333328}, ""average_session_length"": 82.1, ""session_length_stddev"": 8, ""average_actions"": 29, ""actions_stddev"": 3, ""average_sessions_per_day"": 3, ""remote_work_probability"": 0.25}"
5987038a-fcd6-418e-ab54-500d4e089bb4,EMP-0103,Jon Schroeder,Finance,Finance Director,Munich,08:00,17:00,DEV-0180;DEV-0181,Firefox,Windows,0.15,Critical,"{""working_hours"": [8, 17], ""login_hour_distribution"": {""0"": 0.02, ""1"": 0.04, ""2"": 0.02, ""3"": 0.04, ""4"": 0.01, ""5"": 0.04, ""6"": 0.02, ""7"": 0.36, ""8"": 0.83, ""9"": 0.95, ""10"": 0.85, ""11"": 0.86, ""12"": 0.94, ""13"": 0.85, ""14"": 0.88, ""15"": 0.86, ""16"": 0.93, ""17"": 0.25, ""18"": 0.03, ""19"": 0.04, ""20"": 0.03, ""21"": 0.03, ""22"": 0.05, ""23"": 0.04}, ""resource_probabilities"": {""Payroll"": 0.27, ""FinanceDB"": 0.19, ""Email"": 0.93, ""GitHub"": 0.0, ""Jira"": 0.23, ""Slack"": 0.16, ""FileServer"": 0.12, ""HRPortal"": 0.0, ""CRM"": 0.0, ""AdminConsole"": 0.0, ""Servers"": 0.0, ""VPN"": 0.15, ""Confluence"": 0.27, ""Terminal"": 0.0, ""HRMS"": 0.0, ""EmployeeRecords"": 0.0, ""ERP"": 0.77, ""Accounting"": 0.82, ""Invoices"": 0.94, ""Meetings"": 0.01, ""Analytics"": 0.27, ""CampaignDashboard"": 0.0, ""Monitoring"": 0.0, ""Firewall"": 0.0}, ""browser_probabilities"": {""Chrome"": 0.6, ""Firefox"": 0.15, ""Edge"": 0.25, ""Safari"": 0.0}, ""device_probabilities"": {""Laptop"": 1.0}, ""average_session_length"": 82.9, ""session_length_stddev"": 8, ""average_actions"": 26, ""actions_stddev"": 3, ""average_sessions_per_day"": 3, ""remote_work_probability"": 0.25}"
04e25132-1b9e-45f9-9d41-9a675c375254,EMP-0104,Shannon Atkinson,Sales,Sales Manager,Tokyo,07:00,16:00,DEV-0182;DEV-0183;DEV-0184,Safari,macOS,0.7,High,"{""working_hours"": [7, 16], ""login_hour_distribution"": {""0"": 0.04, ""1"": 0.05, ""2"": 0.03, ""3"": 0.03, ""4"": 0.01, ""5"": 0.02, ""6"": 0.44, ""7"": 0.9, ""8"": 0.93, ""9"": 0.81, ""10"": 0.97, ""11"": 0.85, ""12"": 0.89, ""13"": 0.93, ""14"": 0.8, ""15"": 0.92, ""16"": 0.29, ""17"": 0.02, ""18"": 0.05, ""19"": 0.05, ""20"": 0.02, ""21"": 0.01, ""22"": 0.02, ""23"": 0.03}, ""resource_probabilities"": {""Payroll"": 0.0, ""FinanceDB"": 0.0, ""Email"": 0.95, ""GitHub"": 0.0, ""Jira"": 0.35, ""Slack"": 0.94, ""FileServer"": 0.0, ""HRPortal"": 0.0, ""CRM"": 0.94, ""AdminConsole"": 0.0, ""Servers"": 0.0, ""VPN"": 0.16, ""Confluence"": 0.19, ""Terminal"": 0.0, ""HRMS"": 0.0, ""EmployeeRecords"": 0.0, ""ERP"": 0.0, ""Accounting"": 0.0, ""Invoices"": 0.0, ""Meetings"": 0.8, ""Analytics"": 0.13, ""CampaignDashboard"": 0.0, ""Monitoring"": 0.0, ""Firewall"": 0.0}, ""browser_probabilities"": {""Chrome"": 0.5, ""Firefox"": 0.1, ""Edge"": 0.0, ""Safari"": 0.4}, ""device_probabilities"": {""Desktop"": 0.2222222222222222, ""Mobile"": 0.7777777777777778}, ""average_session_length"": 90.3, ""session_length_stddev"": 8, ""average_actions"": 21, ""actions_stddev"": 3, ""average_sessions_per_day"": 3, ""remote_work_probability"": 0.25}"
df695d17-9cc9-4aed-ad91-12c5f5ea4128,EMP-0105,Hannah Roberts,Engineering,QA Engineer,Tokyo,08:00,17:00,DEV-0185,Chrome,macOS,0.45,Low,"{""working_hours"": [8, 17], ""login_hour_distribution"": {""0"": 0.02, ""1"": 0.03, ""2"": 0.03, ""3"": 0.02, ""4"": 0.04, ""5"": 0.03, ""6"": 0.04, ""7"": 0.25, ""8"": 0.82, ""9"": 0.92, ""10"": 0.96, ""11"": 0.96, ""12"": 0.88, ""13"": 0.96, ""14"": 0.94, ""15"": 0.92, ""16"": 0.9, ""17"": 0.24, ""18"": 0.01, ""19"": 0.03, ""20"": 0.04, ""21"": 0.02, ""22"": 0.04, ""23"": 0.02}, ""resource_probabilities"": {""Payroll"": 0.0, ""FinanceDB"": 0.0, ""Email"": 0.11, ""GitHub"": 0.78, ""Jira"": 0.94, ""Slack"": 0.94, ""FileServer"": 0.18, ""HRPortal"": 0.0, ""CRM"": 0.0, ""AdminConsole"": 0.0, ""Servers"": 0.0, ""VPN"": 0.29, ""Confluence"": 0.91, ""Terminal"": 0.86, ""HRMS"": 0.0, ""EmployeeRecords"": 0.0, ""ERP"": 0.0, ""Accounting"": 0.0, ""Invoices"": 0.0, ""Meetings"": 0.28, ""Analytics"": 0.0, ""CampaignDashboard"": 0.0, ""Monitoring"": 0.0, ""Firewall"": 0.0}, ""browser_probabilities"": {""Chrome"": 0.5, ""Firefox"": 0.1, ""Edge"": 0.0, ""Safari"": 0.4}, ""device_probabilities"": {""Laptop"": 1.0}, ""average_session_length"": 26.7, ""session_length_stddev"": 8, ""average_actions"": 11, ""actions_stddev"": 3, ""average_sessions_per_day"": 3, ""remote_work_probability"": 0.25}"
06b4ed27-2f4b-4be8-a1ac-fdb51b555f6d,EMP-0106,Amy White,Sales,Sales Manager,Munich,09:00,18:00,DEV-0186,Chrome,Windows,0.7,High,"{""working_hours"": [9, 18], ""login_hour_distribution"": {""0"": 0.02, ""1"": 0.01, ""2"": 0.01, ""3"": 0.04, ""4"": 0.02, ""5"": 0.04, ""6"": 0.03, ""7"": 0.04, ""8"": 0.25, ""9"": 0.87, ""10"": 0.89, ""11"": 0.83, ""12"": 0.84, ""13"": 0.87, ""14"": 0.97, ""15"": 0.97, ""16"": 0.97, ""17"": 0.84, ""18"": 0.37, ""19"": 0.02, ""20"": 0.02, ""21"": 0.02, ""22"": 0.05, ""23"": 0.03}, ""resource_probabilities"": {""Payroll"": 0.0, ""FinanceDB"": 0.0, ""Email"": 0.85, ""GitHub"": 0.0, ""Jira"": 0.27, ""Slack"": 0.92, ""FileServer"": 0.0, ""HRPortal"": 0.0, ""CRM"": 0.92, ""AdminConsole"": 0.0, ""Servers"": 0.0, ""VPN"": 0.21, ""Confluence"": 0.29, ""Terminal"": 0.0, ""HRMS"": 0.0, ""EmployeeRecords"": 0.0, ""ERP"": 0.0, ""Accounting"": 0.0, ""Invoices"": 0.0, ""Meetings"": 0.85, ""Analytics"": 0.31, ""CampaignDashboard"": 0.0, ""Monitoring"": 0.0, ""Firewall"": 0.0}, ""browser_probabilities"": {""Chrome"": 0.6, ""Firefox"": 0.15, ""Edge"": 0.25, ""Safari"": 0.0}, ""device_probabilities"": {""Laptop"": 1.0}, ""average_session_length"": 89.2, ""session_length_stddev"": 8, ""average_actions"": 17, ""actions_stddev"": 3, ""average_sessions_per_day"": 3, ""remote_work_probability"": 0.25}"
926a4bd0-be12-4f8f-b06b-6c129c8b9550,EMP-0107,Justin Graham,Marketing,Marketing Coordinator,Munich,08:00,17:00,DEV-0187;DEV-0188,Edge,Windows,0.2,Low,"{""working_hours"": [8, 17], ""login_hour_distribution"": {""0"": 0.01, ""1"": 0.05, ""2"": 0.03, ""3"": 0.03, ""4"": 0.04, ""5"": 0.03, ""6"": 0.03, ""7"": 0.36, ""8"": 0.81, ""9"": 0.85, ""10"": 0.87, ""11"": 0.85, ""12"": 0.95, ""13"": 0.88, ""14"": 0.88, ""15"": 0.91, ""16"": 0.81, ""17"": 0.33, ""18"": 0.02, ""19"": 0.04, ""20"": 0.03, ""21"": 0.04, ""22"": 0.01, ""23"": 0.04}, ""resource_probabilities"": {""Payroll"": 0.0, ""FinanceDB"": 0.0, ""Email"": 0.93, ""GitHub"": 0.0, ""Jira"": 0.27, ""Slack"": 0.73, ""FileServer"": 0.03, ""HRPortal"": 0.0, ""CRM"": 0.81, ""AdminConsole"": 0.0, ""Servers"": 0.0, ""VPN"": 0.14, ""Confluence"": 0.25, ""Terminal"": 0.0, ""HRMS"": 0.0, ""EmployeeRecords"": 0.0, ""ERP"": 0.0, ""Accounting"": 0.0, ""Invoices"": 0.0, ""Meetings"": 0.28, ""Analytics"": 0.75, ""CampaignDashboard"": 0.81, ""Monitoring"": 0.0, ""Firewall"": 0.0}, ""browser_probabilities"": {""Chrome"": 0.6, ""Firefox"": 0.15, ""Edge"": 0.25, ""Safari"": 0.0}, ""device_probabilities"": {""Desktop"": 0.2, ""Laptop"": 0.8}, ""average_session_length"": 37.5, ""session_length_stddev"": 8, ""average_actions"": 27, ""actions_stddev"": 3, ""average_sessions_per_day"": 3, ""remote_work_probability"": 0.25}"
cbe68571-b622-418e-a83b-cc84a6091ad0,EMP-0108,Michael Cisneros,Sales,Account Executive,New York,07:00,16:00,DEV-0189;DEV-0190,Chrome,Windows,0.7,Medium,"{""working_hours"": [7, 16], ""login_hour_distribution"": {""0"": 0.02, ""1"": 0.03, ""2"": 0.03, ""3"": 0.04, ""4"": 0.03, ""5"": 0.05, ""6"": 0.29, ""7"": 0.87, ""8"": 0.94, ""9"": 0.96, ""10"": 0.9, ""11"": 0.92, ""12"": 0.83, ""13"": 0.96, ""14"": 0.83, ""15"": 0.93, ""16"": 0.3, ""17"": 0.02, ""18"": 0.04, ""19"": 0.03, ""20"": 0.04, ""21"": 0.01, ""22"": 0.02, ""23"": 0.02}, ""resource_probabilities"": {""Payroll"": 0.0, ""FinanceDB"": 0.0, ""Email"": 0.86, ""GitHub"": 0.0, ""Jira"": 0.16, ""Slack"": 0.81, ""FileServer"": 0.0, ""HRPortal"": 0.0, ""CRM"": 0.91, ""AdminConsole"": 0.0, ""Servers"": 0.0, ""VPN"": 0.24, ""Confluence"": 0.1, ""Terminal"": 0.0, ""HRMS"": 0.0, ""EmployeeRecords"": 0.0, ""ERP"": 0.0, ""Accounting"": 0.0, ""Invoices"": 0.0, ""Meetings"": 0.92, ""Analytics"": 0.16, ""CampaignDashboard"": 0.0, ""Monitoring"": 0.0, ""Firewall"": 0.0}, ""browser_probabilities"": {""Chrome"": 0.6, ""Firefox"": 0.15, ""Edge"": 0.25, ""Safari"": 0.0}, ""device_probabilities"": {""Laptop"": 0.7, ""Mobile"": 0.30000000000000004}, ""average_session_length"": 74.8, ""session_length_stddev"": 8, ""average_actions"": 20, ""actions_stddev"": 3, ""average_sessions_per_day"": 3, ""remote_work_probability"": 0.25}"
1453e17e-711e-4e6f-a8ff-ae1774283491,EMP-0109,Morgan Russo,Engineering,Architect,Munich,08:00,17:00,DEV-0191,Firefox,Linux,0.45,High,"{""working_hours"": [8, 17], ""login_hour_distribution"": {""0"": 0.03, ""1"": 0.03, ""2"": 0.04, ""3"": 0.01, ""4"": 0.02, ""5"": 0.04, ""6"": 0.01, ""7"": 0.41, ""8"": 0.92, ""9"": 0.95, ""10"": 0.85, ""11"": 0.97, ""12"": 0.81, ""13"": 0.88, ""14"": 0.83, ""15"": 0.92, ""16"": 0.91, ""17"": 0.37, ""18"": 0.03, ""19"": 0.04, ""20"": 0.02, ""21"": 0.03, ""22"": 0.03, ""23"": 0.05}, ""resource_probabilities"": {""Payroll"": 0.0, ""FinanceDB"": 0.0, ""Email"": 0.12, ""GitHub"": 0.77, ""Jira"": 0.79, ""Slack"": 0.79, ""FileServer"": 0.12, ""HRPortal"": 0.0, ""CRM"": 0.0, ""AdminConsole"": 0.0, ""Servers"": 0.0, ""VPN"": 0.21, ""Confluence"": 0.84, ""Terminal"": 0.77, ""HRMS"": 0.0, ""EmployeeRecords"": 0.0, ""ERP"": 0.0, ""Accounting"": 0.0, ""Invoices"": 0.0, ""Meetings"": 0.13, ""Analytics"": 0.0, ""CampaignDashboard"": 0.0, ""Monitoring"": 0.0, ""Firewall"": 0.0}, ""browser_probabilities"": {""Chrome"": 0.5, ""Firefox"": 0.5, ""Edge"": 0.0, ""Safari"": 0.0}, ""device_probabilities"": {""Laptop"": 1.0}, ""average_session_length"": 86.4, ""session_length_stddev"": 8, ""average_actions"": 13, ""actions_stddev"": 3, ""average_sessions_per_day"": 3, ""remote_work_probability"": 0.25}"
864f36dd-69ec-49d5-86ec-ed9954470290,EMP-0110,Eugene Cox,Sales,Account Executive,San Francisco,09:00,18:00,DEV-0192;DEV-0193,Chrome,Windows,0.7,Medium,"{""working_hours"": [9, 18], ""login_hour_distribution"": {""0"": 0.05, ""1"": 0.03, ""2"": 0.01, ""3"": 0.04, ""4"": 0.03, ""5"": 0.04, ""6"": 0.04, ""7"": 0.03, ""8"": 0.41, ""9"": 0.85, ""10"": 0.9, ""11"": 0.91, ""12"": 0.97, ""13"": 0.91, ""14"": 0.89, ""15"": 0.93, ""16"": 0.89, ""17"": 0.95, ""18"": 0.42, ""19"": 0.02, ""20"": 0.02, ""21"": 0.02, ""22"": 0.01, ""23"": 0.03}, ""resource_probabilities"": {""Payroll"": 0.0, ""FinanceDB"": 0.0, ""Email"": 0.9, ""GitHub"": 0.0, ""Jira"": 0.28, ""Slack"": 0.75, ""FileServer"": 0.0, ""HRPortal"": 0.0, ""CRM"": 0.85, ""AdminConsole"": 0.0, ""Servers"": 0.0, ""VPN"": 0.2, ""Confluence"": 0.11, ""Terminal"": 0.0, ""HRMS"": 0.0, ""EmployeeRecords"": 0.0, ""ERP"": 0.0, ""Accounting"": 0.0, ""Invoices"": 0.0, ""Meetings"": 0.79, ""Analytics"": 0.3, ""CampaignDashboard"": 0.0, ""Monitoring"": 0.0, ""Firewall"": 0.0}, ""browser_probabilities"": {""Chrome"": 0.6, ""Firefox"": 0.15, ""Edge"": 0.25, ""Safari"": 0.0}, ""device_probabilities"": {""Laptop"": 0.7, ""Mobile"": 0.30000000000000004}, ""average_session_length"": 33.4, ""session_length_stddev"": 8, ""average_actions"": 25, ""actions_stddev"": 3, ""average_sessions_per_day"": 3, ""remote_work_probability"": 0.25}"
412181a3-4818-4004-b0a4-f5573381001f,EMP-0111,Robert Gomez,Marketing,Marketing Coordinator,London,09:00,18:00,DEV-0194;DEV-0195,Chrome,Windows,0.2,Low,"{""working_hours"": [9, 18], ""login_hour_distribution"": {""0"": 0.01, ""1"": 0.04, ""2"": 0.02, ""3"": 0.04, ""4"": 0.03, ""5"": 0.01, ""6"": 0.02, ""7"": 0.02, ""8"": 0.28, ""9"": 0.92, ""10"": 0.96, ""11"": 0.94, ""12"": 0.92, ""13"": 0.89, ""14"": 0.91, ""15"": 0.96, ""16"": 0.9, ""17"": 0.86, ""18"": 0.4, ""19"": 0.03, ""20"": 0.04, ""21"": 0.04, ""22"": 0.02, ""23"": 0.04}, ""resource_probabilities"": {""Payroll"": 0.0, ""FinanceDB"": 0.0, ""Email"": 0.78, ""GitHub"": 0.0, ""Jira"": 0.23, ""Slack"": 0.75, ""FileServer"": 0.04, ""HRPortal"": 0.0, ""CRM"": 0.9, ""AdminConsole"": 0.0, ""Servers"": 0.0, ""VPN"": 0.32, ""Confluence"": 0.19, ""Terminal"": 0.0, ""HRMS"": 0.0, ""EmployeeRecords"": 0.0, ""ERP"": 0.0, ""Accounting"": 0.0, ""Invoices"": 0.0, ""Meetings"": 0.34, ""Analytics"": 0.77, ""CampaignDashboard"": 0.71, ""Monitoring"": 0.0, ""Firewall"": 0.0}, ""browser_probabilities"": {""Chrome"": 0.6, ""Firefox"": 0.15, ""Edge"": 0.25, ""Safari"": 0.0}, ""device_probabilities"": {""Laptop"": 0.7, ""Mobile"": 0.30000000000000004}, ""average_session_length"": 118.2, ""session_length_stddev"": 8, ""average_actions"": 25, ""actions_stddev"": 3, ""average_sessions_per_day"": 3, ""remote_work_probability"": 0.25}"
922bda48-2a7c-49e9-97a7-e7b188c62063,EMP-0112,Michelle Martinez,Sales,Sales Director,San Francisco,09:00,18:00,DEV-0196;DEV-0197,Edge,Windows,0.7,Critical,"{""working_hours"": [9, 18], ""login_hour_distribution"": {""0"": 0.02, ""1"": 0.04, ""2"": 0.04, ""3"": 0.02, ""4"": 0.01, ""5"": 0.05, ""6"": 0.02, ""7"": 0.04, ""8"": 0.28, ""9"": 0.89, ""10"": 0.83, ""11"": 0.87, ""12"": 0.81, ""13"": 0.84, ""14"": 0.82, ""15"": 0.89, ""16"": 0.94, ""17"": 0.96, ""18"": 0.24, ""19"": 0.02, ""20"": 0.03, ""21"": 0.04, ""22"": 0.02, ""23"": 0.02}, ""resource_probabilities"": {""Payroll"": 0.0, ""FinanceDB"": 0.0, ""Email"": 0.89, ""GitHub"": 0.0, ""Jira"": 0.12, ""Slack"": 0.95, ""FileServer"": 0.0, ""HRPortal"": 0.0, ""CRM"": 0.83, ""AdminConsole"": 0.0, ""Servers"": 0.0, ""VPN"": 0.35, ""Confluence"": 0.15, ""Terminal"": 0.0, ""HRMS"": 0.0, ""EmployeeRecords"": 0.0, ""ERP"": 0.0, ""Accounting"": 0.0, ""Invoices"": 0.0, ""Meetings"": 0.71, ""Analytics"": 0.2, ""CampaignDashboard"": 0.0, ""Monitoring"": 0.0, ""Firewall"": 0.0}, ""browser_probabilities"": {""Chrome"": 0.6, ""Firefox"": 0.15, ""Edge"": 0.25, ""Safari"": 0.0}, ""device_probabilities"": {""Laptop"": 0.7, ""Mobile"": 0.30000000000000004}, ""average_session_length"": 105.1, ""session_length_stddev"": 8, ""average_actions"": 8, ""actions_stddev"": 3, ""average_sessions_per_day"": 3, ""remote_work_probability"": 0.25}"
0b458c23-eead-490c-8f9c-78bf010d583f,EMP-0113,Katherine Freeman,Sales,Sales Representative,London,08:00,17:00,DEV-0198;DEV-0199,Chrome,macOS,0.7,Low,"{""working_hours"": [8, 17], ""login_hour_distribution"": {""0"": 0.04, ""1"": 0.04, ""2"": 0.01, ""3"": 0.04, ""4"": 0.04, ""5"": 0.02, ""6"": 0.02, ""7"": 0.27, ""8"": 0.9, ""9"": 0.94, ""10"": 0.92, ""11"": 0.85, ""12"": 0.83, ""13"": 0.82, ""14"": 0.97, ""15"": 0.9, ""16"": 0.82, ""17"": 0.34, ""18"": 0.03, ""19"": 0.02, ""20"": 0.05, ""21"": 0.04, ""22"": 0.03, ""23"": 0.02}, ""resource_probabilities"": {""Payroll"": 0.0, ""FinanceDB"": 0.0, ""Email"": 0.78, ""GitHub"": 0.0, ""Jira"": 0.32, ""Slack"": 0.84, ""FileServer"": 0.0, ""HRPortal"": 0.0, ""CRM"": 0.71, ""AdminConsole"": 0.0, ""Servers"": 0.0, ""VPN"": 0.11, ""Confluence"": 0.33, ""Terminal"": 0.0, ""HRMS"": 0.0, ""EmployeeRecords"": 0.0, ""ERP"": 0.0, ""Accounting"": 0.0, ""Invoices"": 0.0, ""Meetings"": 0.71, ""Analytics"": 0.2, ""CampaignDashboard"": 0.0, ""Monitoring"": 0.0, ""Firewall"": 0.0}, ""browser_probabilities"": {""Chrome"": 0.5, ""Firefox"": 0.1, ""Edge"": 0.0, ""Safari"": 0.4}, ""device_probabilities"": {""Laptop"": 0.7, ""Mobile"": 0.30000000000000004}, ""average_session_length"": 19.5, ""session_length_stddev"": 8, ""average_actions"": 17, ""actions_stddev"": 3, ""average_sessions_per_day"": 3, ""remote_work_probability"": 0.25}"
e42aa836-989b-48c0-b465-c0272dd1d45b,EMP-0114,John Lin,IT,IT Director,Tokyo,09:00,19:00,DEV-0200,Chrome,Linux,0.6,Critical,"{""working_hours"": [9, 19], ""login_hour_distribution"": {""0"": 0.02, ""1"": 0.04, ""2"": 0.04, ""3"": 0.01, ""4"": 0.05, ""5"": 0.04, ""6"": 0.03, ""7"": 0.01, ""8"": 0.4, ""9"": 0.93, ""10"": 0.82, ""11"": 0.86, ""12"": 0.92, ""13"": 0.94, ""14"": 0.88, ""15"": 0.97, ""16"": 0.83, ""17"": 0.96, ""18"": 0.85, ""19"": 0.29, ""20"": 0.02, ""21"": 0.05, ""22"": 0.02, ""23"": 0.04}, ""resource_probabilities"": {""Payroll"": 0.18, ""FinanceDB"": 0.22, ""Email"": 0.12, ""GitHub"": 0.13, ""Jira"": 0.22, ""Slack"": 0.31, ""FileServer"": 0.77, ""HRPortal"": 0.19, ""CRM"": 0.24, ""AdminConsole"": 0.83, ""Servers"": 0.8, ""VPN"": 0.88, ""Confluence"": 0.13, ""Terminal"": 0.24, ""HRMS"": 0.12, ""EmployeeRecords"": 0.18, ""ERP"": 0.22, ""Accounting"": 0.25, ""Invoices"": 0.16, ""Meetings"": 0.16, ""Analytics"": 0.14, ""CampaignDashboard"": 0.22, ""Monitoring"": 0.72, ""Firewall"": 0.75}, ""browser_probabilities"": {""Chrome"": 0.5, ""Firefox"": 0.5, ""Edge"": 0.0, ""Safari"": 0.0}, ""device_probabilities"": {""Desktop"": 1.0}, ""average_session_length"": 86.3, ""session_length_stddev"": 8, ""average_actions"": 18, ""actions_stddev"": 3, ""average_sessions_per_day"": 3, ""remote_work_probability"": 0.25}"
9134c0b7-6f73-473b-baee-bacdc8c8ccf9,EMP-0115,Brandy Keller,Sales,Sales Manager,Munich,09:00,18:00,DEV-0201,Edge,Windows,0.7,High,"{""working_hours"": [9, 18], ""login_hour_distribution"": {""0"": 0.01, ""1"": 0.05, ""2"": 0.03, ""3"": 0.03, ""4"": 0.03, ""5"": 0.03, ""6"": 0.03, ""7"": 0.04, ""8"": 0.24, ""9"": 0.97, ""10"": 0.81, ""11"": 0.82, ""12"": 0.95, ""13"": 0.94, ""14"": 0.87, ""15"": 0.89, ""16"": 0.92, ""17"": 0.82, ""18"": 0.4, ""19"": 0.05, ""20"": 0.05, ""21"": 0.04, ""22"": 0.01, ""23"": 0.02}, ""resource_probabilities"": {""Payroll"": 0.0, ""FinanceDB"": 0.0, ""Email"": 0.74, ""GitHub"": 0.0, ""Jira"": 0.23, ""Slack"": 0.8, ""FileServer"": 0.0, ""HRPortal"": 0.0, ""CRM"": 0.84, ""AdminConsole"": 0.0, ""Servers"": 0.0, ""VPN"": 0.15, ""Confluence"": 0.27, ""Terminal"": 0.0, ""HRMS"": 0.0, ""EmployeeRecords"": 0.0, ""ERP"": 0.0, ""Accounting"": 0.0, ""Invoices"": 0.0, ""Meetings"": 0.78, ""Analytics"": 0.24, ""CampaignDashboard"": 0.0, ""Monitoring"": 0.0, ""Firewall"": 0.0}, ""browser_probabilities"": {""Chrome"": 0.6, ""Firefox"": 0.15, ""Edge"": 0.25, ""Safari"": 0.0}, ""device_probabilities"": {""Laptop"": 1.0}, ""average_session_length"": 110.5, ""session_length_stddev"": 8, ""average_actions"": 14, ""actions_stddev"": 3, ""average_sessions_per_day"": 3, ""remote_work_probability"": 0.25}"
6f4a454f-efca-47ae-b17e-4a71eb22ec1d,EMP-0116,Mr. Douglas Hunt,Finance,Treasurer,New York,10:00,19:00,DEV-0202,Firefox,Windows,0.15,Medium,"{""working_hours"": [10, 19], ""login_hour_distribution"": {""0"": 0.03, ""1"": 0.02, ""2"": 0.02, ""3"": 0.02, ""4"": 0.03, ""5"": 0.01, ""6"": 0.04, ""7"": 0.04, ""8"": 0.02, ""9"": 0.42, ""10"": 0.96, ""11"": 0.84, ""12"": 0.93, ""13"": 0.87, ""14"": 0.86, ""15"": 0.87, ""16"": 0.87, ""17"": 0.9, ""18"": 0.92, ""19"": 0.32, ""20"": 0.02, ""21"": 0.03, ""22"": 0.05, ""23"": 0.04}, ""resource_probabilities"": {""Payroll"": 0.14, ""FinanceDB"": 0.35, ""Email"": 0.87, ""GitHub"": 0.0, ""Jira"": 0.13, ""Slack"": 0.12, ""FileServer"": 0.1, ""HRPortal"": 0.0, ""CRM"": 0.0, ""AdminConsole"": 0.0, ""Servers"": 0.0, ""VPN"": 0.28, ""Confluence"": 0.22, ""Terminal"": 0.0, ""HRMS"": 0.0, ""EmployeeRecords"": 0.0, ""ERP"": 0.81, ""Accounting"": 0.95, ""Invoices"": 0.72, ""Meetings"": 0.04, ""Analytics"": 0.2, ""CampaignDashboard"": 0.0, ""Monitoring"": 0.0, ""Firewall"": 0.0}, ""browser_probabilities"": {""Chrome"": 0.6, ""Firefox"": 0.15, ""Edge"": 0.25, ""Safari"": 0.0}, ""device_probabilities"": {""Laptop"": 1.0}, ""average_session_length"": 60.2, ""session_length_stddev"": 8, ""average_actions"": 30, ""actions_stddev"": 3, ""average_sessions_per_day"": 3, ""remote_work_probability"": 0.25}"
6cfaf2dd-ee28-4ccd-9abb-e46bb2051cec,EMP-0117,Ronald Miller,Sales,Account Executive,Tokyo,09:00,18:00,DEV-0203;DEV-0204,Edge,Windows,0.7,Medium,"{""working_hours"": [9, 18], ""login_hour_distribution"": {""0"": 0.03, ""1"": 0.02, ""2"": 0.03, ""3"": 0.01, ""4"": 0.03, ""5"": 0.04, ""6"": 0.04, ""7"": 0.02, ""8"": 0.43, ""9"": 0.9, ""10"": 0.81, ""11"": 0.81, ""12"": 0.89, ""13"": 0.87, ""14"": 0.9, ""15"": 0.97, ""16"": 0.81, ""17"": 0.93, ""18"": 0.33, ""19"": 0.04, ""20"": 0.04, ""21"": 0.02, ""22"": 0.03, ""23"": 0.03}, ""resource_probabilities"": {""Payroll"": 0.0, ""FinanceDB"": 0.0, ""Email"": 0.85, ""GitHub"": 0.0, ""Jira"": 0.16, ""Slack"": 0.86, ""FileServer"": 0.0, ""HRPortal"": 0.0, ""CRM"": 0.87, ""AdminConsole"": 0.0, ""Servers"": 0.0, ""VPN"": 0.27, ""Confluence"": 0.27, ""Terminal"": 0.0, ""HRMS"": 0.0, ""EmployeeRecords"": 0.0, ""ERP"": 0.0, ""Accounting"": 0.0, ""Invoices"": 0.0, ""Meetings"": 0.83, ""Analytics"": 0.24, ""CampaignDashboard"": 0.0, ""Monitoring"": 0.0, ""Firewall"": 0.0}, ""browser_probabilities"": {""Chrome"": 0.6, ""Firefox"": 0.15, ""Edge"": 0.25, ""Safari"": 0.0}, ""device_probabilities"": {""Laptop"": 0.7, ""Mobile"": 0.30000000000000004}, ""average_session_length"": 77.4, ""session_length_stddev"": 8, ""average_actions"": 15, ""actions_stddev"": 3, ""average_sessions_per_day"": 3, ""remote_work_probability"": 0.25}"
7807c947-02c2-4367-874d-8df088f7f097,EMP-0118,Sara Rush,IT,Security Analyst,Munich,08:00,18:00,DEV-0205;DEV-0206;DEV-0207,Chrome,Linux,0.6,High,"{""working_hours"": [8, 18], ""login_hour_distribution"": {""0"": 0.02, ""1"": 0.05, ""2"": 0.02, ""3"": 0.02, ""4"": 0.04, ""5"": 0.03, ""6"": 0.02, ""7"": 0.4, ""8"": 0.85, ""9"": 0.91, ""10"": 0.9, ""11"": 0.9, ""12"": 0.92, ""13"": 0.85, ""14"": 0.93, ""15"": 0.8, ""16"": 0.89, ""17"": 0.82, ""18"": 0.22, ""19"": 0.04, ""20"": 0.02, ""21"": 0.03, ""22"": 0.02, ""23"": 0.02}, ""resource_probabilities"": {""Payroll"": 0.29, ""FinanceDB"": 0.25, ""Email"": 0.33, ""GitHub"": 0.28, ""Jira"": 0.26, ""Slack"": 0.19, ""FileServer"": 0.74, ""HRPortal"": 0.3, ""CRM"": 0.16, ""AdminConsole"": 0.75, ""Servers"": 0.83, ""VPN"": 0.71, ""Confluence"": 0.35, ""Terminal"": 0.34, ""HRMS"": 0.25, ""EmployeeRecords"": 0.31, ""ERP"": 0.31, ""Accounting"": 0.29, ""Invoices"": 0.2, ""Meetings"": 0.2, ""Analytics"": 0.27, ""CampaignDashboard"": 0.28, ""Monitoring"": 0.74, ""Firewall"": 0.84}, ""browser_probabilities"": {""Chrome"": 0.5, ""Firefox"": 0.5, ""Edge"": 0.0, ""Safari"": 0.0}, ""device_probabilities"": {""Laptop"": 1.0}, ""average_session_length"": 102.6, ""session_length_stddev"": 8, ""average_actions"": 6, ""actions_stddev"": 3, ""average_sessions_per_day"": 3, ""remote_work_probability"": 0.25}"
d1ccc8d3-c167-4505-83af-6c46a46b3932,EMP-0119,Carlos Brown,HR,HR Coordinator,New York,08:00,17:00,DEV-0208;DEV-0209,Chrome,Windows,0.05,Low,"{""working_hours"": [8, 17], ""login_hour_distribution"": {""0"": 0.03, ""1"": 0.05, ""2"": 0.05, ""3"": 0.02, ""4"": 0.04, ""5"": 0.03, ""6"": 0.02, ""7"": 0.33, ""8"": 0.88, ""9"": 0.85, ""10"": 0.94, ""11"": 0.87, ""12"": 0.86, ""13"": 0.9, ""14"": 0.97, ""15"": 0.82, ""16"": 0.9, ""17"": 0.29, ""18"": 0.04, ""19"": 0.03, ""20"": 0.04, ""21"": 0.02, ""22"": 0.02, ""23"": 0.04}, ""resource_probabilities"": {""Payroll"": 0.76, ""FinanceDB"": 0.0, ""Email"": 0.85, ""GitHub"": 0.0, ""Jira"": 0.03, ""Slack"": 0.27, ""FileServer"": 0.16, ""HRPortal"": 0.27, ""CRM"": 0.0, ""AdminConsole"": 0.0, ""Servers"": 0.0, ""VPN"": 0.29, ""Confluence"": 0.23, ""Terminal"": 0.0, ""HRMS"": 0.87, ""EmployeeRecords"": 0.95, ""ERP"": 0.0, ""Accounting"": 0.0, ""Invoices"": 0.0, ""Meetings"": 0.18, ""Analytics"": 0.0, ""CampaignDashboard"": 0.0, ""Monitoring"": 0.0, ""Firewall"": 0.0}, ""browser_probabilities"": {""Chrome"": 0.6, ""Firefox"": 0.15, ""Edge"": 0.25, ""Safari"": 0.0}, ""device_probabilities"": {""Desktop"": 0.2, ""Mobile"": 0.8}, ""average_session_length"": 11.2, ""session_length_stddev"": 8, ""average_actions"": 5, ""actions_stddev"": 3, ""average_sessions_per_day"": 3, ""remote_work_probability"": 0.25}"
69479974-030f-473e-9165-4cb3d4e99a65,EMP-0120,Tricia Ortega,Sales,Sales Representative,Munich,07:00,16:00,DEV-0210;DEV-0211,Chrome,Windows,0.7,Low,"{""working_hours"": [7, 16], ""login_hour_distribution"": {""0"": 0.04, ""1"": 0.02, ""2"": 0.01, ""3"": 0.03, ""4"": 0.01, ""5"": 0.03, ""6"": 0.42, ""7"": 0.84, ""8"": 0.91, ""9"": 0.82, ""10"": 0.97, ""11"": 0.82, ""12"": 0.91, ""13"": 0.87, ""14"": 0.94, ""15"": 0.92, ""16"": 0.4, ""17"": 0.02, ""18"": 0.01, ""19"": 0.02, ""20"": 0.02, ""21"": 0.04, ""22"": 0.01, ""23"": 0.03}, ""resource_probabilities"": {""Payroll"": 0.0, ""FinanceDB"": 0.0, ""Email"": 0.95, ""GitHub"": 0.0, ""Jira"": 0.29, ""Slack"": 0.87, ""FileServer"": 0.0, ""HRPortal"": 0.0, ""CRM"": 0.87, ""AdminConsole"": 0.0, ""Servers"": 0.0, ""VPN"": 0.29, ""Confluence"": 0.16, ""Terminal"": 0.0, ""HRMS"": 0.0, ""EmployeeRecords"": 0.0, ""ERP"": 0.0, ""Accounting"": 0.0, ""Invoices"": 0.0, ""Meetings"": 0.9, ""Analytics"": 0.17, ""CampaignDashboard"": 0.0, ""Monitoring"": 0.0, ""Firewall"": 0.0}, ""browser_probabilities"": {""Chrome"": 0.6, ""Firefox"": 0.15, ""Edge"": 0.25, ""Safari"": 0.0}, ""device_probabilities"": {""Laptop"": 0.7, ""Mobile"": 0.30000000000000004}, ""average_session_length"": 16.9, ""session_length_stddev"": 8, ""average_actions"": 17, ""actions_stddev"": 3, ""average_sessions_per_day"": 3, ""remote_work_probability"": 0.25}"
421becca-0f60-40f3-bef7-24105528dc45,EMP-0121,Amber Graham,Engineering,DevOps Engineer,San Francisco,09:00,18:00,DEV-0212,Firefox,Linux,0.45,Medium,"{""working_hours"": [9, 18], ""login_hour_distribution"": {""0"": 0.02, ""1"": 0.03, ""2"": 0.04, ""3"": 0.01, ""4"": 0.03, ""5"": 0.03, ""6"": 0.03, ""7"": 0.01, ""8"": 0.31, ""9"": 0.85, ""10"": 0.81, ""11"": 0.81, ""12"": 0.93, ""13"": 0.94, ""14"": 0.8, ""15"": 0.89, ""16"": 0.92, ""17"": 0.8, ""18"": 0.21, ""19"": 0.03, ""20"": 0.02, ""21"": 0.02, ""22"": 0.03, ""23"": 0.01}, ""resource_probabilities"": {""Payroll"": 0.0, ""FinanceDB"": 0.0, ""Email"": 0.28, ""GitHub"": 0.89, ""Jira"": 0.82, ""Slack"": 0.8, ""FileServer"": 0.28, ""HRPortal"": 0.0, ""CRM"": 0.0, ""AdminConsole"": 0.0, ""Servers"": 0.0, ""VPN"": 0.3, ""Confluence"": 0.72, ""Terminal"": 0.76, ""HRMS"": 0.0, ""EmployeeRecords"": 0.0, ""ERP"": 0.0, ""Accounting"": 0.0, ""Invoices"": 0.0, ""Meetings"": 0.2, ""Analytics"": 0.0, ""CampaignDashboard"": 0.0, ""Monitoring"": 0.0, ""Firewall"": 0.0}, ""browser_probabilities"": {""Chrome"": 0.5, ""Firefox"": 0.5, ""Edge"": 0.0, ""Safari"": 0.0}, ""device_probabilities"": {""Laptop"": 1.0}, ""average_session_length"": 85.8, ""session_length_stddev"": 8, ""average_actions"": 29, ""actions_stddev"": 3, ""average_sessions_per_day"": 3, ""remote_work_probability"": 0.25}"
8909b003-9136-4530-9f07-33df7b68b323,EMP-0122,Gary Christian,Finance,Treasurer,London,10:00,19:00,DEV-0213,Chrome,Windows,0.15,Medium,"{""working_hours"": [10, 19], ""login_hour_distribution"": {""0"": 0.05, ""1"": 0.04, ""2"": 0.02, ""3"": 0.04, ""4"": 0.02, ""5"": 0.04, ""6"": 0.04, ""7"": 0.02, ""8"": 0.02, ""9"": 0.34, ""10"": 0.97, ""11"": 0.92, ""12"": 0.85, ""13"": 0.87, ""14"": 0.82, ""15"": 0.92, ""16"": 0.89, ""17"": 0.96, ""18"": 0.88, ""19"": 0.25, ""20"": 0.01, ""21"": 0.01, ""22"": 0.05, ""23"": 0.02}, ""resource_probabilities"": {""Payroll"": 0.2, ""FinanceDB"": 0.3, ""Email"": 0.86, ""GitHub"": 0.0, ""Jira"": 0.22, ""Slack"": 0.34, ""FileServer"": 0.3, ""HRPortal"": 0.0, ""CRM"": 0.0, ""AdminConsole"": 0.0, ""Servers"": 0.0, ""VPN"": 0.34, ""Confluence"": 0.1, ""Terminal"": 0.0, ""HRMS"": 0.0, ""EmployeeRecords"": 0.0, ""ERP"": 0.78, ""Accounting"": 0.78, ""Invoices"": 0.88, ""Meetings"": 0.03, ""Analytics"": 0.15, ""CampaignDashboard"": 0.0, ""Monitoring"": 0.0, ""Firewall"": 0.0}, ""browser_probabilities"": {""Chrome"": 0.6, ""Firefox"": 0.15, ""Edge"": 0.25, ""Safari"": 0.0}, ""device_probabilities"": {""Desktop"": 1.0}, ""average_session_length"": 81.9, ""session_length_stddev"": 8, ""average_actions"": 21, ""actions_stddev"": 3, ""average_sessions_per_day"": 3, ""remote_work_probability"": 0.25}"
dec56dc3-ad96-4213-b0a9-b97f7557c28c,EMP-0123,David Berry,Engineering,Architect,San Francisco,10:00,19:00,DEV-0214;DEV-0215,Firefox,macOS,0.45,High,"{""working_hours"": [10, 19], ""login_hour_distribution"": {""0"": 0.01, ""1"": 0.02, ""2"": 0.04, ""3"": 0.03, ""4"": 0.05, ""5"": 0.01, ""6"": 0.04, ""7"": 0.02, ""8"": 0.02, ""9"": 0.21, ""10"": 0.86, ""11"": 0.94, ""12"": 0.88, ""13"": 0.83, ""14"": 0.91, ""15"": 0.95, ""16"": 0.82, ""17"": 0.89, ""18"": 0.94, ""19"": 0.26, ""20"": 0.04, ""21"": 0.03, ""22"": 0.04, ""23"": 0.05}, ""resource_probabilities"": {""Payroll"": 0.0, ""FinanceDB"": 0.0, ""Email"": 0.27, ""GitHub"": 0.78, ""Jira"": 0.94, ""Slack"": 0.84, ""FileServer"": 0.13, ""HRPortal"": 0.0, ""CRM"": 0.0, ""AdminConsole"": 0.0, ""Servers"": 0.0, ""VPN"": 0.31, ""Confluence"": 0.9, ""Terminal"": 0.89, ""HRMS"": 0.0, ""EmployeeRecords"": 0.0, ""ERP"": 0.0, ""Accounting"": 0.0, ""Invoices"": 0.0, ""Meetings"": 0.25, ""Analytics"": 0.0, ""CampaignDashboard"": 0.0, ""Monitoring"": 0.0, ""Firewall"": 0.0}, ""browser_probabilities"": {""Chrome"": 0.5, ""Firefox"": 0.1, ""Edge"": 0.0, ""Safari"": 0.4}, ""device_probabilities"": {""Laptop"": 1.0}, ""average_session_length"": 46.9, ""session_length_stddev"": 8, ""average_actions"": 8, ""actions_stddev"": 3, ""average_sessions_per_day"": 3, ""remote_work_probability"": 0.25}"
6a478ddf-c1ee-4d7a-a428-185a461de017,EMP-0124,Jeffery Carter,Finance,Finance Analyst,London,10:00,19:00,DEV-0216;DEV-0217;DEV-0218,Chrome,Windows,0.15,Medium,"{""working_hours"": [10, 19], ""login_hour_distribution"": {""0"": 0.03, ""1"": 0.02, ""2"": 0.04, ""3"": 0.04, ""4"": 0.03, ""5"": 0.02, ""6"": 0.05, ""7"": 0.01, ""8"": 0.01, ""9"": 0.43, ""10"": 0.93, ""11"": 0.91, ""12"": 0.85, ""13"": 0.92, ""14"": 0.94, ""15"": 0.89, ""16"": 0.82, ""17"": 0.83, ""18"": 0.85, ""19"": 0.31, ""20"": 0.02, ""21"": 0.02, ""22"": 0.04, ""23"": 0.03}, ""resource_probabilities"": {""Payroll"": 0.28, ""FinanceDB"": 0.25, ""Email"": 0.72, ""GitHub"": 0.0, ""Jira"": 0.31, ""Slack"": 0.18, ""FileServer"": 0.2, ""HRPortal"": 0.0, ""CRM"": 0.0, ""AdminConsole"": 0.0, ""Servers"": 0.0, ""VPN"": 0.24, ""Confluence"": 0.15, ""Terminal"": 0.0, ""HRMS"": 0.0, ""EmployeeRecords"": 0.0, ""ERP"": 0.95, ""Accounting"": 0.94, ""Invoices"": 0.85, ""Meetings"": 0.04, ""Analytics"": 0.35, ""CampaignDashboard"": 0.0, ""Monitoring"": 0.0, ""Firewall"": 0.0}, ""browser_probabilities"": {""Chrome"": 0.6, ""Firefox"": 0.15, ""Edge"": 0.25, ""Safari"": 0.0}, ""device_probabilities"": {""Laptop"": 0.6666666666666667, ""Mobile"": 0.3333333333333333}, ""average_session_length"": 65.8, ""session_length_stddev"": 8, ""average_actions"": 19, ""actions_stddev"": 3, ""average_sessions_per_day"": 3, ""remote_work_probability"": 0.25}"
35469cb1-a8c9-4a31-a05f-f5e6c5346e41,EMP-0125,Ryan West,Engineering,DevOps Engineer,New York,08:00,17:00,DEV-0219;DEV-0220,Chrome,Linux,0.45,Medium,"{""working_hours"": [8, 17], ""login_hour_distribution"": {""0"": 0.04, ""1"": 0.05, ""2"": 0.03, ""3"": 0.02, ""4"": 0.05, ""5"": 0.01, ""6"": 0.02, ""7"": 0.25, ""8"": 0.85, ""9"": 0.91, ""10"": 0.96, ""11"": 0.88, ""12"": 0.82, ""13"": 0.81, ""14"": 0.9, ""15"": 0.83, ""16"": 0.81, ""17"": 0.33, ""18"": 0.01, ""19"": 0.02, ""20"": 0.03, ""21"": 0.03, ""22"": 0.03, ""23"": 0.04}, ""resource_probabilities"": {""Payroll"": 0.0, ""FinanceDB"": 0.0, ""Email"": 0.32, ""GitHub"": 0.76, ""Jira"": 0.73, ""Slack"": 0.76, ""FileServer"": 0.16, ""HRPortal"": 0.0, ""CRM"": 0.0, ""AdminConsole"": 0.0, ""Servers"": 0.0, ""VPN"": 0.2, ""Confluence"": 0.75, ""Terminal"": 0.92, ""HRMS"": 0.0, ""EmployeeRecords"": 0.0, ""ERP"": 0.0, ""Accounting"": 0.0, ""Invoices"": 0.0, ""Meetings"": 0.12, ""Analytics"": 0.0, ""CampaignDashboard"": 0.0, ""Monitoring"": 0.0, ""Firewall"": 0.0}, ""browser_probabilities"": {""Chrome"": 0.5, ""Firefox"": 0.5, ""Edge"": 0.0, ""Safari"": 0.0}, ""device_probabilities"": {""Laptop"": 0.7, ""Mobile"": 0.30000000000000004}, ""average_session_length"": 74.4, ""session_length_stddev"": 8, ""average_actions"": 6, ""actions_stddev"": 3, ""average_sessions_per_day"": 3, ""remote_work_probability"": 0.25}"
3756999b-251a-4f0e-af94-da50e3f713a7,EMP-0126,Darin Russo,Engineering,Architect,Tokyo,08:00,17:00,DEV-0221,Chrome,Linux,0.45,High,"{""working_hours"": [8, 17], ""login_hour_distribution"": {""0"": 0.04, ""1"": 0.04, ""2"": 0.05, ""3"": 0.02, ""4"": 0.02, ""5"": 0.04, ""6"": 0.01, ""7"": 0.23, ""8"": 0.95, ""9"": 0.88, ""10"": 0.83, ""11"": 0.86, ""12"": 0.96, ""13"": 0.91, ""14"": 0.94, ""15"": 0.91, ""16"": 0.91, ""17"": 0.24, ""18"": 0.05, ""19"": 0.04, ""20"": 0.01, ""21"": 0.04, ""22"": 0.03, ""23"": 0.05}, ""resource_probabilities"": {""Payroll"": 0.0, ""FinanceDB"": 0.0, ""Email"": 0.25, ""GitHub"": 0.91, ""Jira"": 0.77, ""Slack"": 0.88, ""FileServer"": 0.28, ""HRPortal"": 0.0, ""CRM"": 0.0, ""AdminConsole"": 0.0, ""Servers"": 0.0, ""VPN"": 0.16, ""Confluence"": 0.78, ""Terminal"": 0.84, ""HRMS"": 0.0, ""EmployeeRecords"": 0.0, ""ERP"": 0.0, ""Accounting"": 0.0, ""Invoices"": 0.0, ""Meetings"": 0.32, ""Analytics"": 0.0, ""CampaignDashboard"": 0.0, ""Monitoring"": 0.0, ""Firewall"": 0.0}, ""browser_probabilities"": {""Chrome"": 0.5, ""Firefox"": 0.5, ""Edge"": 0.0, ""Safari"": 0.0}, ""device_probabilities"": {""Laptop"": 1.0}, ""average_session_length"": 75.1, ""session_length_stddev"": 8, ""average_actions"": 9, ""actions_stddev"": 3, ""average_sessions_per_day"": 3, ""remote_work_probability"": 0.25}"
014cc3a1-e5f3-4466-92de-0df8e9ebd446,EMP-0127,Morgan Brooks,Finance,Finance Director,New York,08:00,17:00,DEV-0222,Safari,macOS,0.15,Critical,"{""working_hours"": [8, 17], ""login_hour_distribution"": {""0"": 0.03, ""1"": 0.03, ""2"": 0.03, ""3"": 0.04, ""4"": 0.04, ""5"": 0.01, ""6"": 0.03, ""7"": 0.22, ""8"": 0.94, ""9"": 0.92, ""10"": 0.87, ""11"": 0.84, ""12"": 0.86, ""13"": 0.84, ""14"": 0.98, ""15"": 0.8, ""16"": 0.92, ""17"": 0.24, ""18"": 0.03, ""19"": 0.03, ""20"": 0.03, ""21"": 0.05, ""22"": 0.03, ""23"": 0.02}, ""resource_probabilities"": {""Payroll"": 0.28, ""FinanceDB"": 0.15, ""Email"": 0.92, ""GitHub"": 0.0, ""Jira"": 0.26, ""Slack"": 0.28, ""FileServer"": 0.1, ""HRPortal"": 0.0, ""CRM"": 0.0, ""AdminConsole"": 0.0, ""Servers"": 0.0, ""VPN"": 0.26, ""Confluence"": 0.2, ""Terminal"": 0.0, ""HRMS"": 0.0, ""EmployeeRecords"": 0.0, ""ERP"": 0.87, ""Accounting"": 0.83, ""Invoices"": 0.77, ""Meetings"": 0.04, ""Analytics"": 0.27, ""CampaignDashboard"": 0.0, ""Monitoring"": 0.0, ""Firewall"": 0.0}, ""browser_probabilities"": {""Chrome"": 0.5, ""Firefox"": 0.1, ""Edge"": 0.0, ""Safari"": 0.4}, ""device_probabilities"": {""Desktop"": 1.0}, ""average_session_length"": 77.4, ""session_length_stddev"": 8, ""average_actions"": 23, ""actions_stddev"": 3, ""average_sessions_per_day"": 3, ""remote_work_probability"": 0.25}"
af4637b3-c9a6-4c37-b507-8c5dcb62f5b6,EMP-0128,Hayley Jackson,Sales,Sales Representative,Munich,08:00,17:00,DEV-0223;DEV-0224,Chrome,Windows,0.7,Low,"{""working_hours"": [8, 17], ""login_hour_distribution"": {""0"": 0.05, ""1"": 0.04, ""2"": 0.05, ""3"": 0.01, ""4"": 0.02, ""5"": 0.03, ""6"": 0.02, ""7"": 0.24, ""8"": 0.9, ""9"": 0.81, ""10"": 0.93, ""11"": 0.84, ""12"": 0.98, ""13"": 0.84, ""14"": 0.82, ""15"": 0.89, ""16"": 0.97, ""17"": 0.35, ""18"": 0.05, ""19"": 0.02, ""20"": 0.04, ""21"": 0.02, ""22"": 0.02, ""23"": 0.02}, ""resource_probabilities"": {""Payroll"": 0.0, ""FinanceDB"": 0.0, ""Email"": 0.87, ""GitHub"": 0.0, ""Jira"": 0.17, ""Slack"": 0.72, ""FileServer"": 0.0, ""HRPortal"": 0.0, ""CRM"": 0.79, ""AdminConsole"": 0.0, ""Servers"": 0.0, ""VPN"": 0.22, ""Confluence"": 0.23, ""Terminal"": 0.0, ""HRMS"": 0.0, ""EmployeeRecords"": 0.0, ""ERP"": 0.0, ""Accounting"": 0.0, ""Invoices"": 0.0, ""Meetings"": 0.73, ""Analytics"": 0.28, ""CampaignDashboard"": 0.0, ""Monitoring"": 0.0, ""Firewall"": 0.0}, ""browser_probabilities"": {""Chrome"": 0.6, ""Firefox"": 0.15, ""Edge"": 0.25, ""Safari"": 0.0}, ""device_probabilities"": {""Laptop"": 0.7, ""Mobile"": 0.30000000000000004}, ""average_session_length"": 84.6, ""session_length_stddev"": 8, ""average_actions"": 22, ""actions_stddev"": 3, ""average_sessions_per_day"": 3, ""remote_work_probability"": 0.25}"
9ef6a99f-73b4-4af3-8ad1-d634e6426f0b,EMP-0129,Heidi Ruiz,IT,Network Engineer,New York,07:00,17:00,DEV-0225;DEV-0226,Chrome,macOS,0.6,High,"{""working_hours"": [7, 17], ""login_hour_distribution"": {""0"": 0.01, ""1"": 0.05, ""2"": 0.02, ""3"": 0.05, ""4"": 0.01, ""5"": 0.02, ""6"": 0.37, ""7"": 0.89, ""8"": 0.96, ""9"": 0.89, ""10"": 0.91, ""11"": 0.85, ""12"": 0.97, ""13"": 0.9, ""14"": 0.82, ""15"": 0.86, ""16"": 0.88, ""17"": 0.36, ""18"": 0.02, ""19"": 0.01, ""20"": 0.04, ""21"": 0.02, ""22"": 0.05, ""23"": 0.04}, ""resource_probabilities"": {""Payroll"": 0.2, ""FinanceDB"": 0.19, ""Email"": 0.26, ""GitHub"": 0.18, ""Jira"": 0.25, ""Slack"": 0.27, ""FileServer"": 0.91, ""HRPortal"": 0.21, ""CRM"": 0.18, ""AdminConsole"": 0.73, ""Servers"": 0.9, ""VPN"": 0.74, ""Confluence"": 0.17, ""Terminal"": 0.22, ""HRMS"": 0.34, ""EmployeeRecords"": 0.29, ""ERP"": 0.11, ""Accounting"": 0.19, ""Invoices"": 0.21, ""Meetings"": 0.14, ""Analytics"": 0.33, ""CampaignDashboard"": 0.28, ""Monitoring"": 0.77, ""Firewall"": 0.94}, ""browser_probabilities"": {""Chrome"": 0.5, ""Firefox"": 0.1, ""Edge"": 0.0, ""Safari"": 0.4}, ""device_probabilities"": {""Laptop"": 0.7, ""Mobile"": 0.30000000000000004}, ""average_session_length"": 102.3, ""session_length_stddev"": 8, ""average_actions"": 27, ""actions_stddev"": 3, ""average_sessions_per_day"": 3, ""remote_work_probability"": 0.25}"
274ac7a7-cb61-4d75-aa96-4dfbe79b265a,EMP-0130,Justin Davidson,Engineering,QA Engineer,San Francisco,08:00,17:00,DEV-0227;DEV-0228;DEV-0229,Chrome,Linux,0.45,Low,"{""working_hours"": [8, 17], ""login_hour_distribution"": {""0"": 0.02, ""1"": 0.02, ""2"": 0.02, ""3"": 0.03, ""4"": 0.01, ""5"": 0.02, ""6"": 0.02, ""7"": 0.29, ""8"": 0.9, ""9"": 0.83, ""10"": 0.85, ""11"": 0.97, ""12"": 0.87, ""13"": 0.89, ""14"": 0.83, ""15"": 0.88, ""16"": 0.86, ""17"": 0.2, ""18"": 0.04, ""19"": 0.05, ""20"": 0.02, ""21"": 0.04, ""22"": 0.03, ""23"": 0.02}, ""resource_probabilities"": {""Payroll"": 0.0, ""FinanceDB"": 0.0, ""Email"": 0.34, ""GitHub"": 0.95, ""Jira"": 0.84, ""Slack"": 0.74, ""FileServer"": 0.24, ""HRPortal"": 0.0, ""CRM"": 0.0, ""AdminConsole"": 0.0, ""Servers"": 0.0, ""VPN"": 0.33, ""Confluence"": 0.81, ""Terminal"": 0.87, ""HRMS"": 0.0, ""EmployeeRecords"": 0.0, ""ERP"": 0.0, ""Accounting"": 0.0, ""Invoices"": 0.0, ""Meetings"": 0.28, ""Analytics"": 0.0, ""CampaignDashboard"": 0.0, ""Monitoring"": 0.0, ""Firewall"": 0.0}, ""browser_probabilities"": {""Chrome"": 0.5, ""Firefox"": 0.5, ""Edge"": 0.0, ""Safari"": 0.0}, ""device_probabilities"": {""Laptop"": 1.0}, ""average_session_length"": 109.0, ""session_length_stddev"": 8, ""average_actions"": 9, ""actions_stddev"": 3, ""average_sessions_per_day"": 3, ""remote_work_probability"": 0.25}"
4ede79b6-1deb-479d-8d0b-b6d7ad91f456,EMP-0131,Brenda Burke,Sales,Sales Representative,Tokyo,09:00,18:00,DEV-0230,Chrome,macOS,0.7,Low,"{""working_hours"": [9, 18], ""login_hour_distribution"": {""0"": 0.01, ""1"": 0.01, ""2"": 0.04, ""3"": 0.03, ""4"": 0.02, ""5"": 0.05, ""6"": 0.02, ""7"": 0.01, ""8"": 0.33, ""9"": 0.88, ""10"": 0.92, ""11"": 0.82, ""12"": 0.89, ""13"": 0.84, ""14"": 0.86, ""15"": 0.91, ""16"": 0.97, ""17"": 0.96, ""18"": 0.29, ""19"": 0.02, ""20"": 0.04, ""21"": 0.02, ""22"": 0.02, ""23"": 0.02}, ""resource_probabilities"": {""Payroll"": 0.0, ""FinanceDB"": 0.0, ""Email"": 0.79, ""GitHub"": 0.0, ""Jira"": 0.34, ""Slack"": 0.92, ""FileServer"": 0.0, ""HRPortal"": 0.0, ""CRM"": 0.72, ""AdminConsole"": 0.0, ""Servers"": 0.0, ""VPN"": 0.28, ""Confluence"": 0.21, ""Terminal"": 0.0, ""HRMS"": 0.0, ""EmployeeRecords"": 0.0, ""ERP"": 0.0, ""Accounting"": 0.0, ""Invoices"": 0.0, ""Meetings"": 0.95, ""Analytics"": 0.3, ""CampaignDashboard"": 0.0, ""Monitoring"": 0.0, ""Firewall"": 0.0}, ""browser_probabilities"": {""Chrome"": 0.5, ""Firefox"": 0.1, ""Edge"": 0.0, ""Safari"": 0.4}, ""device_probabilities"": {""Laptop"": 1.0}, ""average_session_length"": 41.7, ""session_length_stddev"": 8, ""average_actions"": 30, ""actions_stddev"": 3, ""average_sessions_per_day"": 3, ""remote_work_probability"": 0.25}"
6c80444b-e5d1-46e2-b869-8e93ba5e4066,EMP-0132,Jared Middleton,Finance,Finance Director,San Francisco,10:00,19:00,DEV-0231,Chrome,Windows,0.15,Critical,"{""working_hours"": [10, 19], ""login_hour_distribution"": {""0"": 0.02, ""1"": 0.05, ""2"": 0.03, ""3"": 0.02, ""4"": 0.05, ""5"": 0.03, ""6"": 0.03, ""7"": 0.01, ""8"": 0.04, ""9"": 0.27, ""10"": 0.83, ""11"": 0.88, ""12"": 0.9, ""13"": 0.96, ""14"": 0.84, ""15"": 0.95, ""16"": 0.85, ""17"": 0.89, ""18"": 0.95, ""19"": 0.28, ""20"": 0.03, ""21"": 0.03, ""22"": 0.04, ""23"": 0.02}, ""resource_probabilities"": {""Payroll"": 0.3, ""FinanceDB"": 0.14, ""Email"": 0.78, ""GitHub"": 0.0, ""Jira"": 0.26, ""Slack"": 0.26, ""FileServer"": 0.13, ""HRPortal"": 0.0, ""CRM"": 0.0, ""AdminConsole"": 0.0, ""Servers"": 0.0, ""VPN"": 0.27, ""Confluence"": 0.17, ""Terminal"": 0.0, ""HRMS"": 0.0, ""EmployeeRecords"": 0.0, ""ERP"": 0.74, ""Accounting"": 0.93, ""Invoices"": 0.86, ""Meetings"": 0.01, ""Analytics"": 0.29, ""CampaignDashboard"": 0.0, ""Monitoring"": 0.0, ""Firewall"": 0.0}, ""browser_probabilities"": {""Chrome"": 0.6, ""Firefox"": 0.15, ""Edge"": 0.25, ""Safari"": 0.0}, ""device_probabilities"": {""Desktop"": 1.0}, ""average_session_length"": 64.2, ""session_length_stddev"": 8, ""average_actions"": 7, ""actions_stddev"": 3, ""average_sessions_per_day"": 3, ""remote_work_probability"": 0.25}"
94c0b9e0-5c9c-4570-bedd-62a79950f11a,EMP-0133,Nicole Turner,Sales,Sales Director,Munich,08:00,17:00,DEV-0232;DEV-0233,Safari,macOS,0.7,Critical,"{""working_hours"": [8, 17], ""login_hour_distribution"": {""0"": 0.03, ""1"": 0.04, ""2"": 0.01, ""3"": 0.03, ""4"": 0.03, ""5"": 0.04, ""6"": 0.02, ""7"": 0.21, ""8"": 0.86, ""9"": 0.96, ""10"": 0.82, ""11"": 0.83, ""12"": 0.85, ""13"": 0.88, ""14"": 0.96, ""15"": 0.86, ""16"": 0.85, ""17"": 0.33, ""18"": 0.05, ""19"": 0.03, ""20"": 0.04, ""21"": 0.02, ""22"": 0.01, ""23"": 0.04}, ""resource_probabilities"": {""Payroll"": 0.0, ""FinanceDB"": 0.0, ""Email"": 0.84, ""GitHub"": 0.0, ""Jira"": 0.32, ""Slack"": 0.91, ""FileServer"": 0.0, ""HRPortal"": 0.0, ""CRM"": 0.87, ""AdminConsole"": 0.0, ""Servers"": 0.0, ""VPN"": 0.18, ""Confluence"": 0.27, ""Terminal"": 0.0, ""HRMS"": 0.0, ""EmployeeRecords"": 0.0, ""ERP"": 0.0, ""Accounting"": 0.0, ""Invoices"": 0.0, ""Meetings"": 0.87, ""Analytics"": 0.12, ""CampaignDashboard"": 0.0, ""Monitoring"": 0.0, ""Firewall"": 0.0}, ""browser_probabilities"": {""Chrome"": 0.5, ""Firefox"": 0.1, ""Edge"": 0.0, ""Safari"": 0.4}, ""device_probabilities"": {""Laptop"": 0.7, ""Mobile"": 0.30000000000000004}, ""average_session_length"": 73.8, ""session_length_stddev"": 8, ""average_actions"": 9, ""actions_stddev"": 3, ""average_sessions_per_day"": 3, ""remote_work_probability"": 0.25}"
480afe9f-84a6-4693-a30f-1e69034d42fd,EMP-0134,Kristina Dennis,Engineering,DevOps Engineer,Tokyo,09:00,18:00,DEV-0234;DEV-0235;DEV-0236,Firefox,Linux,0.45,Medium,"{""working_hours"": [9, 18], ""login_hour_distribution"": {""0"": 0.01, ""1"": 0.02, ""2"": 0.02, ""3"": 0.02, ""4"": 0.05, ""5"": 0.03, ""6"": 0.04, ""7"": 0.03, ""8"": 0.33, ""9"": 0.9, ""10"": 0.94, ""11"": 0.82, ""12"": 0.88, ""13"": 0.81, ""14"": 0.95, ""15"": 0.97, ""16"": 0.89, ""17"": 0.86, ""18"": 0.29, ""19"": 0.04, ""20"": 0.05, ""21"": 0.03, ""22"": 0.04, ""23"": 0.02}, ""resource_probabilities"": {""Payroll"": 0.0, ""FinanceDB"": 0.0, ""Email"": 0.28, ""GitHub"": 0.71, ""Jira"": 0.9, ""Slack"": 0.76, ""FileServer"": 0.31, ""HRPortal"": 0.0, ""CRM"": 0.0, ""AdminConsole"": 0.0, ""Servers"": 0.0, ""VPN"": 0.14, ""Confluence"": 0.76, ""Terminal"": 0.73, ""HRMS"": 0.0, ""EmployeeRecords"": 0.0, ""ERP"": 0.0, ""Accounting"": 0.0, ""Invoices"": 0.0, ""Meetings"": 0.13, ""Analytics"": 0.0, ""CampaignDashboard"": 0.0, ""Monitoring"": 0.0, ""Firewall"": 0.0}, ""browser_probabilities"": {""Chrome"": 0.5, ""Firefox"": 0.5, ""Edge"": 0.0, ""Safari"": 0.0}, ""device_probabilities"": {""Laptop"": 0.7777777777777777, ""Mobile"": 0.22222222222222227}, ""average_session_length"": 18.6, ""session_length_stddev"": 8, ""average_actions"": 27, ""actions_stddev"": 3, ""average_sessions_per_day"": 3, ""remote_work_probability"": 0.25}"
13e675fd-1c99-4366-88b6-2c18c355853e,EMP-0135,Raymond Sandoval,Finance,Accountant,Tokyo,09:00,18:00,DEV-0237,Chrome,Windows,0.15,Low,"{""working_hours"": [9, 18], ""login_hour_distribution"": {""0"": 0.04, ""1"": 0.03, ""2"": 0.01, ""3"": 0.01, ""4"": 0.02, ""5"": 0.01, ""6"": 0.04, ""7"": 0.04, ""8"": 0.4, ""9"": 0.97, ""10"": 0.84, ""11"": 0.96, ""12"": 0.83, ""13"": 0.86, ""14"": 0.82, ""15"": 0.95, ""16"": 0.97, ""17"": 0.97, ""18"": 0.29, ""19"": 0.02, ""20"": 0.03, ""21"": 0.04, ""22"": 0.02, ""23"": 0.03}, ""resource_probabilities"": {""Payroll"": 0.12, ""FinanceDB"": 0.24, ""Email"": 0.7, ""GitHub"": 0.0, ""Jira"": 0.15, ""Slack"": 0.15, ""FileServer"": 0.17, ""HRPortal"": 0.0, ""CRM"": 0.0, ""AdminConsole"": 0.0, ""Servers"": 0.0, ""VPN"": 0.33, ""Confluence"": 0.23, ""Terminal"": 0.0, ""HRMS"": 0.0, ""EmployeeRecords"": 0.0, ""ERP"": 0.94, ""Accounting"": 0.72, ""Invoices"": 0.75, ""Meetings"": 0.03, ""Analytics"": 0.28, ""CampaignDashboard"": 0.0, ""Monitoring"": 0.0, ""Firewall"": 0.0}, ""browser_probabilities"": {""Chrome"": 0.6, ""Firefox"": 0.15, ""Edge"": 0.25, ""Safari"": 0.0}, ""device_probabilities"": {""Laptop"": 1.0}, ""average_session_length"": 50.3, ""session_length_stddev"": 8, ""average_actions"": 23, ""actions_stddev"": 3, ""average_sessions_per_day"": 3, ""remote_work_probability"": 0.25}"
f52ef4a6-ac6c-4e1b-b08d-f0942f64672f,EMP-0136,Christopher Robertson,Engineering,Software Engineer,San Francisco,09:00,18:00,DEV-0238,Chrome,Windows,0.45,Medium,"{""working_hours"": [9, 18], ""login_hour_distribution"": {""0"": 0.03, ""1"": 0.03, ""2"": 0.04, ""3"": 0.02, ""4"": 0.03, ""5"": 0.03, ""6"": 0.03, ""7"": 0.02, ""8"": 0.27, ""9"": 0.93, ""10"": 0.81, ""11"": 0.89, ""12"": 0.87, ""13"": 0.88, ""14"": 0.93, ""15"": 0.92, ""16"": 0.95, ""17"": 0.84, ""18"": 0.3, ""19"": 0.05, ""20"": 0.03, ""21"": 0.04, ""22"": 0.05, ""23"": 0.04}, ""resource_probabilities"": {""Payroll"": 0.0, ""FinanceDB"": 0.0, ""Email"": 0.33, ""GitHub"": 0.79, ""Jira"": 0.7, ""Slack"": 0.87, ""FileServer"": 0.27, ""HRPortal"": 0.0, ""CRM"": 0.0, ""AdminConsole"": 0.0, ""Servers"": 0.0, ""VPN"": 0.2, ""Confluence"": 0.83, ""Terminal"": 0.87, ""HRMS"": 0.0, ""EmployeeRecords"": 0.0, ""ERP"": 0.0, ""Accounting"": 0.0, ""Invoices"": 0.0, ""Meetings"": 0.13, ""Analytics"": 0.0, ""CampaignDashboard"": 0.0, ""Monitoring"": 0.0, ""Firewall"": 0.0}, ""browser_probabilities"": {""Chrome"": 0.6, ""Firefox"": 0.15, ""Edge"": 0.25, ""Safari"": 0.0}, ""device_probabilities"": {""Laptop"": 1.0}, ""average_session_length"": 53.4, ""session_length_stddev"": 8, ""average_actions"": 27, ""actions_stddev"": 3, ""average_sessions_per_day"": 3, ""remote_work_probability"": 0.25}"
bdce7f65-1a0a-4680-ba42-156e972ec23e,EMP-0137,Keith Martin,IT,Helpdesk Support,New York,08:00,18:00,DEV-0239;DEV-0240,Chrome,macOS,0.6,Low,"{""working_hours"": [8, 18], ""login_hour_distribution"": {""0"": 0.03, ""1"": 0.05, ""2"": 0.01, ""3"": 0.04, ""4"": 0.04, ""5"": 0.02, ""6"": 0.04, ""7"": 0.35, ""8"": 0.85, ""9"": 0.94, ""10"": 0.92, ""11"": 0.87, ""12"": 0.89, ""13"": 0.91, ""14"": 0.87, ""15"": 0.89, ""16"": 0.85, ""17"": 0.94, ""18"": 0.23, ""19"": 0.02, ""20"": 0.03, ""21"": 0.04, ""22"": 0.02, ""23"": 0.01}, ""resource_probabilities"": {""Payroll"": 0.11, ""FinanceDB"": 0.12, ""Email"": 0.27, ""GitHub"": 0.34, ""Jira"": 0.2, ""Slack"": 0.27, ""FileServer"": 0.74, ""HRPortal"": 0.26, ""CRM"": 0.12, ""AdminConsole"": 0.72, ""Servers"": 0.89, ""VPN"": 0.89, ""Confluence"": 0.3, ""Terminal"": 0.15, ""HRMS"": 0.27, ""EmployeeRecords"": 0.22, ""ERP"": 0.17, ""Accounting"": 0.19, ""Invoices"": 0.31, ""Meetings"": 0.24, ""Analytics"": 0.34, ""CampaignDashboard"": 0.11, ""Monitoring"": 0.81, ""Firewall"": 0.93}, ""browser_probabilities"": {""Chrome"": 0.5, ""Firefox"": 0.1, ""Edge"": 0.0, ""Safari"": 0.4}, ""device_probabilities"": {""Laptop"": 1.0}, ""average_session_length"": 52.2, ""session_length_stddev"": 8, ""average_actions"": 15, ""actions_stddev"": 3, ""average_sessions_per_day"": 3, ""remote_work_probability"": 0.25}"
75ac0819-714b-4c03-a057-97cfda55f825,EMP-0138,Patricia Cook,Engineering,Software Engineer,New York,08:00,17:00,DEV-0241;DEV-0242,Safari,macOS,0.45,Medium,"{""working_hours"": [8, 17], ""login_hour_distribution"": {""0"": 0.02, ""1"": 0.04, ""2"": 0.03, ""3"": 0.02, ""4"": 0.04, ""5"": 0.03, ""6"": 0.01, ""7"": 0.37, ""8"": 0.92, ""9"": 0.92, ""10"": 0.9, ""11"": 0.89, ""12"": 0.95, ""13"": 0.89, ""14"": 0.87, ""15"": 0.89, ""16"": 0.97, ""17"": 0.35, ""18"": 0.02, ""19"": 0.05, ""20"": 0.02, ""21"": 0.01, ""22"": 0.01, ""23"": 0.04}, ""resource_probabilities"": {""Payroll"": 0.0, ""FinanceDB"": 0.0, ""Email"": 0.19, ""GitHub"": 0.89, ""Jira"": 0.71, ""Slack"": 0.92, ""FileServer"": 0.19, ""HRPortal"": 0.0, ""CRM"": 0.0, ""AdminConsole"": 0.0, ""Servers"": 0.0, ""VPN"": 0.12, ""Confluence"": 0.79, ""Terminal"": 0.79, ""HRMS"": 0.0, ""EmployeeRecords"": 0.0, ""ERP"": 0.0, ""Accounting"": 0.0, ""Invoices"": 0.0, ""Meetings"": 0.19, ""Analytics"": 0.0, ""CampaignDashboard"": 0.0, ""Monitoring"": 0.0, ""Firewall"": 0.0}, ""browser_probabilities"": {""Chrome"": 0.5, ""Firefox"": 0.1, ""Edge"": 0.0, ""Safari"": 0.4}, ""device_probabilities"": {""Laptop"": 1.0}, ""average_session_length"": 82.7, ""session_length_stddev"": 8, ""average_actions"": 12, ""actions_stddev"": 3, ""average_sessions_per_day"": 3, ""remote_work_probability"": 0.25}"
97b027ce-4fe5-413b-a5e8-c1983c10316d,EMP-0139,Jacqueline Le,Sales,Sales Representative,New York,08:00,17:00,DEV-0243;DEV-0244,Chrome,Windows,0.7,Low,"{""working_hours"": [8, 17], ""login_hour_distribution"": {""0"": 0.03, ""1"": 0.01, ""2"": 0.04, ""3"": 0.03, ""4"": 0.03, ""5"": 0.03, ""6"": 0.01, ""7"": 0.32, ""8"": 0.8, ""9"": 0.86, ""10"": 0.9, ""11"": 0.86, ""12"": 0.82, ""13"": 0.89, ""14"": 0.92, ""15"": 0.84, ""16"": 0.89, ""17"": 0.4, ""18"": 0.04, ""19"": 0.02, ""20"": 0.02, ""21"": 0.05, ""22"": 0.02, ""23"": 0.04}, ""resource_probabilities"": {""Payroll"": 0.0, ""FinanceDB"": 0.0, ""Email"": 0.94, ""GitHub"": 0.0, ""Jira"": 0.12, ""Slack"": 0.91, ""FileServer"": 0.0, ""HRPortal"": 0.0, ""CRM"": 0.75, ""AdminConsole"": 0.0, ""Servers"": 0.0, ""VPN"": 0.17, ""Confluence"": 0.17, ""Terminal"": 0.0, ""HRMS"": 0.0, ""EmployeeRecords"": 0.0, ""ERP"": 0.0, ""Accounting"": 0.0, ""Invoices"": 0.0, ""Meetings"": 0.84, ""Analytics"": 0.3, ""CampaignDashboard"": 0.0, ""Monitoring"": 0.0, ""Firewall"": 0.0}, ""browser_probabilities"": {""Chrome"": 0.6, ""Firefox"": 0.15, ""Edge"": 0.25, ""Safari"": 0.0}, ""device_probabilities"": {""Desktop"": 0.2, ""Mobile"": 0.8}, ""average_session_length"": 78.7, ""session_length_stddev"": 8, ""average_actions"": 7, ""actions_stddev"": 3, ""average_sessions_per_day"": 3, ""remote_work_probability"": 0.25}"
18407642-9404-4909-981c-a1a0b7bba2aa,EMP-0140,Cassandra Newton,Sales,Sales Manager,London,07:00,16:00,DEV-0245,Chrome,Windows,0.7,High,"{""working_hours"": [7, 16], ""login_hour_distribution"": {""0"": 0.03, ""1"": 0.02, ""2"": 0.01, ""3"": 0.04, ""4"": 0.03, ""5"": 0.02, ""6"": 0.37, ""7"": 0.86, ""8"": 0.87, ""9"": 0.85, ""10"": 0.89, ""11"": 0.92, ""12"": 0.9, ""13"": 0.96, ""14"": 0.91, ""15"": 0.89, ""16"": 0.25, ""17"": 0.03, ""18"": 0.04, ""19"": 0.04, ""20"": 0.05, ""21"": 0.02, ""22"": 0.04, ""23"": 0.04}, ""resource_probabilities"": {""Payroll"": 0.0, ""FinanceDB"": 0.0, ""Email"": 0.91, ""GitHub"": 0.0, ""Jira"": 0.33, ""Slack"": 0.93, ""FileServer"": 0.0, ""HRPortal"": 0.0, ""CRM"": 0.88, ""AdminConsole"": 0.0, ""Servers"": 0.0, ""VPN"": 0.11, ""Confluence"": 0.15, ""Terminal"": 0.0, ""HRMS"": 0.0, ""EmployeeRecords"": 0.0, ""ERP"": 0.0, ""Accounting"": 0.0, ""Invoices"": 0.0, ""Meetings"": 0.82, ""Analytics"": 0.16, ""CampaignDashboard"": 0.0, ""Monitoring"": 0.0, ""Firewall"": 0.0}, ""browser_probabilities"": {""Chrome"": 0.6, ""Firefox"": 0.15, ""Edge"": 0.25, ""Safari"": 0.0}, ""device_probabilities"": {""Laptop"": 1.0}, ""average_session_length"": 92.1, ""session_length_stddev"": 8, ""average_actions"": 29, ""actions_stddev"": 3, ""average_sessions_per_day"": 3, ""remote_work_probability"": 0.25}"
6906d118-6f75-43b2-9818-61124cdedddb,EMP-0141,Roger Clark,Finance,Treasurer,New York,10:00,19:00,DEV-0246,Chrome,Windows,0.15,Medium,"{""working_hours"": [10, 19], ""login_hour_distribution"": {""0"": 0.04, ""1"": 0.04, ""2"": 0.02, ""3"": 0.03, ""4"": 0.03, ""5"": 0.01, ""6"": 0.02, ""7"": 0.02, ""8"": 0.04, ""9"": 0.32, ""10"": 0.9, ""11"": 0.88, ""12"": 0.92, ""13"": 0.81, ""14"": 0.83, ""15"": 0.82, ""16"": 0.85, ""17"": 0.94, ""18"": 0.92, ""19"": 0.24, ""20"": 0.04, ""21"": 0.05, ""22"": 0.03, ""23"": 0.01}, ""resource_probabilities"": {""Payroll"": 0.31, ""FinanceDB"": 0.12, ""Email"": 0.85, ""GitHub"": 0.0, ""Jira"": 0.32, ""Slack"": 0.33, ""FileServer"": 0.2, ""HRPortal"": 0.0, ""CRM"": 0.0, ""AdminConsole"": 0.0, ""Servers"": 0.0, ""VPN"": 0.19, ""Confluence"": 0.26, ""Terminal"": 0.0, ""HRMS"": 0.0, ""EmployeeRecords"": 0.0, ""ERP"": 0.72, ""Accounting"": 0.94, ""Invoices"": 0.88, ""Meetings"": 0.02, ""Analytics"": 0.13, ""CampaignDashboard"": 0.0, ""Monitoring"": 0.0, ""Firewall"": 0.0}, ""browser_probabilities"": {""Chrome"": 0.6, ""Firefox"": 0.15, ""Edge"": 0.25, ""Safari"": 0.0}, ""device_probabilities"": {""Laptop"": 1.0}, ""average_session_length"": 90.8, ""session_length_stddev"": 8, ""average_actions"": 8, ""actions_stddev"": 3, ""average_sessions_per_day"": 3, ""remote_work_probability"": 0.25}"
9496634f-d438-431d-aa0a-2259859f02bb,EMP-0142,Dawn Mullen,Engineering,Architect,London,09:00,18:00,DEV-0247,Chrome,Windows,0.45,High,"{""working_hours"": [9, 18], ""login_hour_distribution"": {""0"": 0.01, ""1"": 0.04, ""2"": 0.02, ""3"": 0.03, ""4"": 0.03, ""5"": 0.04, ""6"": 0.02, ""7"": 0.03, ""8"": 0.24, ""9"": 0.83, ""10"": 0.97, ""11"": 0.88, ""12"": 0.85, ""13"": 0.91, ""14"": 0.89, ""15"": 0.87, ""16"": 0.97, ""17"": 0.86, ""18"": 0.31, ""19"": 0.04, ""20"": 0.05, ""21"": 0.05, ""22"": 0.05, ""23"": 0.02}, ""resource_probabilities"": {""Payroll"": 0.0, ""FinanceDB"": 0.0, ""Email"": 0.28, ""GitHub"": 0.91, ""Jira"": 0.71, ""Slack"": 0.94, ""FileServer"": 0.25, ""HRPortal"": 0.0, ""CRM"": 0.0, ""AdminConsole"": 0.0, ""Servers"": 0.0, ""VPN"": 0.31, ""Confluence"": 0.87, ""Terminal"": 0.94, ""HRMS"": 0.0, ""EmployeeRecords"": 0.0, ""ERP"": 0.0, ""Accounting"": 0.0, ""Invoices"": 0.0, ""Meetings"": 0.27, ""Analytics"": 0.0, ""CampaignDashboard"": 0.0, ""Monitoring"": 0.0, ""Firewall"": 0.0}, ""browser_probabilities"": {""Chrome"": 0.6, ""Firefox"": 0.15, ""Edge"": 0.25, ""Safari"": 0.0}, ""device_probabilities"": {""Laptop"": 1.0}, ""average_session_length"": 96.8, ""session_length_stddev"": 8, ""average_actions"": 12, ""actions_stddev"": 3, ""average_sessions_per_day"": 3, ""remote_work_probability"": 0.25}"
4f2c386f-627b-4edd-8d7f-937140c37cbc,EMP-0143,Michelle Lee,Finance,Treasurer,New York,10:00,19:00,DEV-0248;DEV-0249,Safari,macOS,0.15,Medium,"{""working_hours"": [10, 19], ""login_hour_distribution"": {""0"": 0.03, ""1"": 0.05, ""2"": 0.03, ""3"": 0.05, ""4"": 0.02, ""5"": 0.01, ""6"": 0.04, ""7"": 0.02, ""8"": 0.02, ""9"": 0.42, ""10"": 0.96, ""11"": 0.91, ""12"": 0.96, ""13"": 0.94, ""14"": 0.87, ""15"": 0.81, ""16"": 0.96, ""17"": 0.95, ""18"": 0.97, ""19"": 0.32, ""20"": 0.03, ""21"": 0.04, ""22"": 0.04, ""23"": 0.05}, ""resource_probabilities"": {""Payroll"": 0.31, ""FinanceDB"": 0.31, ""Email"": 0.87, ""GitHub"": 0.0, ""Jira"": 0.23, ""Slack"": 0.19, ""FileServer"": 0.25, ""HRPortal"": 0.0, ""CRM"": 0.0, ""AdminConsole"": 0.0, ""Servers"": 0.0, ""VPN"": 0.3, ""Confluence"": 0.28, ""Terminal"": 0.0, ""HRMS"": 0.0, ""EmployeeRecords"": 0.0, ""ERP"": 0.81, ""Accounting"": 0.71, ""Invoices"": 0.71, ""Meetings"": 0.04, ""Analytics"": 0.26, ""CampaignDashboard"": 0.0, ""Monitoring"": 0.0, ""Firewall"": 0.0}, ""browser_probabilities"": {""Chrome"": 0.5, ""Firefox"": 0.1, ""Edge"": 0.0, ""Safari"": 0.4}, ""device_probabilities"": {""Desktop"": 0.2, ""Laptop"": 0.8}, ""average_session_length"": 97.0, ""session_length_stddev"": 8, ""average_actions"": 9, ""actions_stddev"": 3, ""average_sessions_per_day"": 3, ""remote_work_probability"": 0.25}"
a0d80651-3338-42d1-a691-c66400c99370,EMP-0144,Troy Wilson,HR,HR Specialist,London,10:00,19:00,DEV-0250;DEV-0251;DEV-0252,Chrome,Windows,0.05,Medium,"{""working_hours"": [10, 19], ""login_hour_distribution"": {""0"": 0.03, ""1"": 0.05, ""2"": 0.04, ""3"": 0.04, ""4"": 0.04, ""5"": 0.04, ""6"": 0.04, ""7"": 0.02, ""8"": 0.03, ""9"": 0.38, ""10"": 0.85, ""11"": 0.92, ""12"": 0.95, ""13"": 0.94, ""14"": 0.84, ""15"": 0.87, ""16"": 0.83, ""17"": 0.96, ""18"": 0.97, ""19"": 0.42, ""20"": 0.02, ""21"": 0.05, ""22"": 0.05, ""23"": 0.04}, ""resource_probabilities"": {""Payroll"": 0.86, ""FinanceDB"": 0.0, ""Email"": 0.93, ""GitHub"": 0.0, ""Jira"": 0.05, ""Slack"": 0.15, ""FileServer"": 0.28, ""HRPortal"": 0.14, ""CRM"": 0.0, ""AdminConsole"": 0.0, ""Servers"": 0.0, ""VPN"": 0.2, ""Confluence"": 0.21, ""Terminal"": 0.0, ""HRMS"": 0.77, ""EmployeeRecords"": 0.72, ""ERP"": 0.0, ""Accounting"": 0.0, ""Invoices"": 0.0, ""Meetings"": 0.19, ""Analytics"": 0.0, ""CampaignDashboard"": 0.0, ""Monitoring"": 0.0, ""Firewall"": 0.0}, ""browser_probabilities"": {""Chrome"": 0.6, ""Firefox"": 0.15, ""Edge"": 0.25, ""Safari"": 0.0}, ""device_probabilities"": {""Laptop"": 2.333333333333333, ""Mobile"": -1.3333333333333328}, ""average_session_length"": 114.2, ""session_length_stddev"": 8, ""average_actions"": 8, ""actions_stddev"": 3, ""average_sessions_per_day"": 3, ""remote_work_probability"": 0.25}"
6f669013-869d-4cb7-b7f5-155a039d08d0,EMP-0145,Timothy Washington,HR,HR Director,Tokyo,08:00,17:00,DEV-0253;DEV-0254;DEV-0255,Chrome,Windows,0.05,Critical,"{""working_hours"": [8, 17], ""login_hour_distribution"": {""0"": 0.05, ""1"": 0.04, ""2"": 0.02, ""3"": 0.04, ""4"": 0.03, ""5"": 0.03, ""6"": 0.02, ""7"": 0.25, ""8"": 0.95, ""9"": 0.93, ""10"": 0.83, ""11"": 0.83, ""12"": 0.94, ""13"": 0.81, ""14"": 0.98, ""15"": 0.84, ""16"": 0.88, ""17"": 0.26, ""18"": 0.03, ""19"": 0.04, ""20"": 0.01, ""21"": 0.03, ""22"": 0.04, ""23"": 0.05}, ""resource_probabilities"": {""Payroll"": 0.8, ""FinanceDB"": 0.0, ""Email"": 0.75, ""GitHub"": 0.0, ""Jira"": 0.03, ""Slack"": 0.21, ""FileServer"": 0.25, ""HRPortal"": 0.12, ""CRM"": 0.0, ""AdminConsole"": 0.0, ""Servers"": 0.0, ""VPN"": 0.24, ""Confluence"": 0.11, ""Terminal"": 0.0, ""HRMS"": 0.93, ""EmployeeRecords"": 0.82, ""ERP"": 0.0, ""Accounting"": 0.0, ""Invoices"": 0.0, ""Meetings"": 0.19, ""Analytics"": 0.0, ""CampaignDashboard"": 0.0, ""Monitoring"": 0.0, ""Firewall"": 0.0}, ""browser_probabilities"": {""Chrome"": 0.6, ""Firefox"": 0.15, ""Edge"": 0.25, ""Safari"": 0.0}, ""device_probabilities"": {""Laptop"": 0.6666666666666667, ""Mobile"": 0.3333333333333333}, ""average_session_length"": 76.7, ""session_length_stddev"": 8, ""average_actions"": 26, ""actions_stddev"": 3, ""average_sessions_per_day"": 3, ""remote_work_probability"": 0.25}"
b5a61d61-9925-4c9b-8d60-2879f79b1079,EMP-0146,Daniel Ramirez,Sales,Sales Representative,New York,08:00,17:00,DEV-0256;DEV-0257;DEV-0258,Chrome,Windows,0.7,Low,"{""working_hours"": [8, 17], ""login_hour_distribution"": {""0"": 0.05, ""1"": 0.04, ""2"": 0.02, ""3"": 0.05, ""4"": 0.01, ""5"": 0.02, ""6"": 0.02, ""7"": 0.32, ""8"": 0.86, ""9"": 0.88, ""10"": 0.82, ""11"": 0.93, ""12"": 0.88, ""13"": 0.85, ""14"": 0.86, ""15"": 0.98, ""16"": 0.89, ""17"": 0.44, ""18"": 0.02, ""19"": 0.02, ""20"": 0.03, ""21"": 0.05, ""22"": 0.02, ""23"": 0.04}, ""resource_probabilities"": {""Payroll"": 0.0, ""FinanceDB"": 0.0, ""Email"": 0.93, ""GitHub"": 0.0, ""Jira"": 0.23, ""Slack"": 0.81, ""FileServer"": 0.0, ""HRPortal"": 0.0, ""CRM"": 0.74, ""AdminConsole"": 0.0, ""Servers"": 0.0, ""VPN"": 0.28, ""Confluence"": 0.22, ""Terminal"": 0.0, ""HRMS"": 0.0, ""EmployeeRecords"": 0.0, ""ERP"": 0.0, ""Accounting"": 0.0, ""Invoices"": 0.0, ""Meetings"": 0.94, ""Analytics"": 0.24, ""CampaignDashboard"": 0.0, ""Monitoring"": 0.0, ""Firewall"": 0.0}, ""browser_probabilities"": {""Chrome"": 0.6, ""Firefox"": 0.15, ""Edge"": 0.25, ""Safari"": 0.0}, ""device_probabilities"": {""Desktop"": 0.2, ""Mobile"": 0.1, ""Laptop"": 0.7000000000000001}, ""average_session_length"": 111.5, ""session_length_stddev"": 8, ""average_actions"": 25, ""actions_stddev"": 3, ""average_sessions_per_day"": 3, ""remote_work_probability"": 0.25}"
305d0ef7-0d9f-483d-b0a3-2883cc582872,EMP-0147,Jessica Munoz,HR,Recruiter,New York,08:00,17:00,DEV-0259,Chrome,Windows,0.05,Low,"{""working_hours"": [8, 17], ""login_hour_distribution"": {""0"": 0.02, ""1"": 0.03, ""2"": 0.01, ""3"": 0.05, ""4"": 0.03, ""5"": 0.03, ""6"": 0.05, ""7"": 0.34, ""8"": 0.88, ""9"": 0.82, ""10"": 0.93, ""11"": 0.83, ""12"": 0.86, ""13"": 0.84, ""14"": 0.85, ""15"": 0.95, ""16"": 0.93, ""17"": 0.41, ""18"": 0.03, ""19"": 0.04, ""20"": 0.02, ""21"": 0.05, ""22"": 0.01, ""23"": 0.04}, ""resource_probabilities"": {""Payroll"": 0.75, ""FinanceDB"": 0.0, ""Email"": 0.93, ""GitHub"": 0.0, ""Jira"": 0.02, ""Slack"": 0.22, ""FileServer"": 0.12, ""HRPortal"": 0.18, ""CRM"": 0.0, ""AdminConsole"": 0.0, ""Servers"": 0.0, ""VPN"": 0.17, ""Confluence"": 0.35, ""Terminal"": 0.0, ""HRMS"": 0.73, ""EmployeeRecords"": 0.79, ""ERP"": 0.0, ""Accounting"": 0.0, ""Invoices"": 0.0, ""Meetings"": 0.33, ""Analytics"": 0.0, ""CampaignDashboard"": 0.0, ""Monitoring"": 0.0, ""Firewall"": 0.0}, ""browser_probabilities"": {""Chrome"": 0.6, ""Firefox"": 0.15, ""Edge"": 0.25, ""Safari"": 0.0}, ""device_probabilities"": {""Desktop"": 1.0}, ""average_session_length"": 21.7, ""session_length_stddev"": 8, ""average_actions"": 15, ""actions_stddev"": 3, ""average_sessions_per_day"": 3, ""remote_work_probability"": 0.25}"
75d1d776-14c0-4f6d-8764-51d3275dd459,EMP-0148,Cameron Higgins,Engineering,Engineering Manager,Tokyo,10:00,19:00,DEV-0260;DEV-0261,Chrome,Windows,0.45,High,"{""working_hours"": [10, 19], ""login_hour_distribution"": {""0"": 0.01, ""1"": 0.05, ""2"": 0.04, ""3"": 0.05, ""4"": 0.02, ""5"": 0.04, ""6"": 0.04, ""7"": 0.05, ""8"": 0.03, ""9"": 0.25, ""10"": 0.81, ""11"": 0.92, ""12"": 0.86, ""13"": 0.81, ""14"": 0.81, ""15"": 0.97, ""16"": 0.87, ""17"": 0.87, ""18"": 0.83, ""19"": 0.44, ""20"": 0.04, ""21"": 0.01, ""22"": 0.04, ""23"": 0.02}, ""resource_probabilities"": {""Payroll"": 0.0, ""FinanceDB"": 0.0, ""Email"": 0.29, ""GitHub"": 0.77, ""Jira"": 0.89, ""Slack"": 0.86, ""FileServer"": 0.13, ""HRPortal"": 0.0, ""CRM"": 0.0, ""AdminConsole"": 0.0, ""Servers"": 0.0, ""VPN"": 0.22, ""Confluence"": 0.81, ""Terminal"": 0.9, ""HRMS"": 0.0, ""EmployeeRecords"": 0.0, ""ERP"": 0.0, ""Accounting"": 0.0, ""Invoices"": 0.0, ""Meetings"": 0.18, ""Analytics"": 0.0, ""CampaignDashboard"": 0.0, ""Monitoring"": 0.0, ""Firewall"": 0.0}, ""browser_probabilities"": {""Chrome"": 0.6, ""Firefox"": 0.15, ""Edge"": 0.25, ""Safari"": 0.0}, ""device_probabilities"": {""Laptop"": 0.7, ""Mobile"": 0.30000000000000004}, ""average_session_length"": 85.3, ""session_length_stddev"": 8, ""average_actions"": 9, ""actions_stddev"": 3, ""average_sessions_per_day"": 3, ""remote_work_probability"": 0.25}"
d5016ada-189a-435d-aa5f-89ca5bea530d,EMP-0149,Stephanie Clark,Marketing,Marketing Manager,Munich,08:00,17:00,DEV-0262,Firefox,Windows,0.2,High,"{""working_hours"": [8, 17], ""login_hour_distribution"": {""0"": 0.03, ""1"": 0.03, ""2"": 0.03, ""3"": 0.04, ""4"": 0.04, ""5"": 0.03, ""6"": 0.03, ""7"": 0.31, ""8"": 0.81, ""9"": 0.86, ""10"": 0.88, ""11"": 0.84, ""12"": 0.92, ""13"": 0.83, ""14"": 0.89, ""15"": 0.91, ""16"": 0.89, ""17"": 0.27, ""18"": 0.03, ""19"": 0.05, ""20"": 0.03, ""21"": 0.02, ""22"": 0.02, ""23"": 0.05}, ""resource_probabilities"": {""Payroll"": 0.0, ""FinanceDB"": 0.0, ""Email"": 0.91, ""GitHub"": 0.0, ""Jira"": 0.23, ""Slack"": 0.77, ""FileServer"": 0.01, ""HRPortal"": 0.0, ""CRM"": 0.72, ""AdminConsole"": 0.0, ""Servers"": 0.0, ""VPN"": 0.11, ""Confluence"": 0.13, ""Terminal"": 0.0, ""HRMS"": 0.0, ""EmployeeRecords"": 0.0, ""ERP"": 0.0, ""Accounting"": 0.0, ""Invoices"": 0.0, ""Meetings"": 0.21, ""Analytics"": 0.72, ""CampaignDashboard"": 0.87, ""Monitoring"": 0.0, ""Firewall"": 0.0}, ""browser_probabilities"": {""Chrome"": 0.6, ""Firefox"": 0.15, ""Edge"": 0.25, ""Safari"": 0.0}, ""device_probabilities"": {""Desktop"": 1.0}, ""average_session_length"": 72.5, ""session_length_stddev"": 8, ""average_actions"": 13, ""actions_stddev"": 3, ""average_sessions_per_day"": 3, ""remote_work_probability"": 0.25}"
14eed987-95e7-46e4-813e-84bd5aff4594,EMP-0150,Kimberly Freeman,Sales,Sales Representative,New York,09:00,18:00,DEV-0263;DEV-0264,Chrome,Windows,0.7,Low,"{""working_hours"": [9, 18], ""login_hour_distribution"": {""0"": 0.02, ""1"": 0.03, ""2"": 0.01, ""3"": 0.05, ""4"": 0.02, ""5"": 0.03, ""6"": 0.03, ""7"": 0.04, ""8"": 0.36, ""9"": 0.85, ""10"": 0.97, ""11"": 0.96, ""12"": 0.83, ""13"": 0.83, ""14"": 0.93, ""15"": 0.91, ""16"": 0.96, ""17"": 0.82, ""18"": 0.33, ""19"": 0.01, ""20"": 0.01, ""21"": 0.02, ""22"": 0.03, ""23"": 0.04}, ""resource_probabilities"": {""Payroll"": 0.0, ""FinanceDB"": 0.0, ""Email"": 0.92, ""GitHub"": 0.0, ""Jira"": 0.34, ""Slack"": 0.85, ""FileServer"": 0.0, ""HRPortal"": 0.0, ""CRM"": 0.82, ""AdminConsole"": 0.0, ""Servers"": 0.0, ""VPN"": 0.25, ""Confluence"": 0.34, ""Terminal"": 0.0, ""HRMS"": 0.0, ""EmployeeRecords"": 0.0, ""ERP"": 0.0, ""Accounting"": 0.0, ""Invoices"": 0.0, ""Meetings"": 0.79, ""Analytics"": 0.27, ""CampaignDashboard"": 0.0, ""Monitoring"": 0.0, ""Firewall"": 0.0}, ""browser_probabilities"": {""Chrome"": 0.6, ""Firefox"": 0.15, ""Edge"": 0.25, ""Safari"": 0.0}, ""device_probabilities"": {""Laptop"": 0.7, ""Mobile"": 0.30000000000000004}, ""average_session_length"": 85.9, ""session_length_stddev"": 8, ""average_actions"": 17, ""actions_stddev"": 3, ""average_sessions_per_day"": 3, ""remote_work_probability"": 0.25}"
2005dd7e-166f-419a-8d7a-e829cdfcef75,EMP-0151,Tara Manning,HR,Recruiter,New York,08:00,17:00,DEV-0265,Chrome,Windows,0.05,Low,"{""working_hours"": [8, 17], ""login_hour_distribution"": {""0"": 0.05, ""1"": 0.04, ""2"": 0.02, ""3"": 0.04, ""4"": 0.04, ""5"": 0.03, ""6"": 0.04, ""7"": 0.4, ""8"": 0.83, ""9"": 0.85, ""10"": 0.88, ""11"": 0.89, ""12"": 0.8, ""13"": 0.83, ""14"": 0.83, ""15"": 0.93, ""16"": 0.97, ""17"": 0.32, ""18"": 0.04, ""19"": 0.03, ""20"": 0.02, ""21"": 0.03, ""22"": 0.04, ""23"": 0.01}, ""resource_probabilities"": {""Payroll"": 0.7, ""FinanceDB"": 0.0, ""Email"": 0.86, ""GitHub"": 0.0, ""Jira"": 0.04, ""Slack"": 0.34, ""FileServer"": 0.31, ""HRPortal"": 0.28, ""CRM"": 0.0, ""AdminConsole"": 0.0, ""Servers"": 0.0, ""VPN"": 0.25, ""Confluence"": 0.24, ""Terminal"": 0.0, ""HRMS"": 0.77, ""EmployeeRecords"": 0.82, ""ERP"": 0.0, ""Accounting"": 0.0, ""Invoices"": 0.0, ""Meetings"": 0.22, ""Analytics"": 0.0, ""CampaignDashboard"": 0.0, ""Monitoring"": 0.0, ""Firewall"": 0.0}, ""browser_probabilities"": {""Chrome"": 0.6, ""Firefox"": 0.15, ""Edge"": 0.25, ""Safari"": 0.0}, ""device_probabilities"": {""Laptop"": 1.0}, ""average_session_length"": 75.0, ""session_length_stddev"": 8, ""average_actions"": 24, ""actions_stddev"": 3, ""average_sessions_per_day"": 3, ""remote_work_probability"": 0.25}"
d1128bb8-e7b2-4f91-adbd-2e33ef6e9295,EMP-0152,Daniel Melendez,Engineering,Engineering Manager,San Francisco,10:00,19:00,DEV-0266,Chrome,Linux,0.45,High,"{""working_hours"": [10, 19], ""login_hour_distribution"": {""0"": 0.03, ""1"": 0.03, ""2"": 0.02, ""3"": 0.04, ""4"": 0.05, ""5"": 0.01, ""6"": 0.03, ""7"": 0.04, ""8"": 0.03, ""9"": 0.31, ""10"": 0.83, ""11"": 0.93, ""12"": 0.88, ""13"": 0.88, ""14"": 0.89, ""15"": 0.91, ""16"": 0.92, ""17"": 0.97, ""18"": 0.95, ""19"": 0.38, ""20"": 0.03, ""21"": 0.05, ""22"": 0.04, ""23"": 0.03}, ""resource_probabilities"": {""Payroll"": 0.0, ""FinanceDB"": 0.0, ""Email"": 0.2, ""GitHub"": 0.94, ""Jira"": 0.86, ""Slack"": 0.79, ""FileServer"": 0.22, ""HRPortal"": 0.0, ""CRM"": 0.0, ""AdminConsole"": 0.0, ""Servers"": 0.0, ""VPN"": 0.34, ""Confluence"": 0.74, ""Terminal"": 0.75, ""HRMS"": 0.0, ""EmployeeRecords"": 0.0, ""ERP"": 0.0, ""Accounting"": 0.0, ""Invoices"": 0.0, ""Meetings"": 0.27, ""Analytics"": 0.0, ""CampaignDashboard"": 0.0, ""Monitoring"": 0.0, ""Firewall"": 0.0}, ""browser_probabilities"": {""Chrome"": 0.5, ""Firefox"": 0.5, ""Edge"": 0.0, ""Safari"": 0.0}, ""device_probabilities"": {""Laptop"": 1.0}, ""average_session_length"": 19.5, ""session_length_stddev"": 8, ""average_actions"": 20, ""actions_stddev"": 3, ""average_sessions_per_day"": 3, ""remote_work_probability"": 0.25}"
2804335a-3311-45e0-ac5c-ce54210c78d9,EMP-0153,Caleb Evans,Engineering,Architect,Tokyo,08:00,17:00,DEV-0267;DEV-0268,Firefox,macOS,0.45,High,"{""working_hours"": [8, 17], ""login_hour_distribution"": {""0"": 0.03, ""1"": 0.02, ""2"": 0.03, ""3"": 0.05, ""4"": 0.02, ""5"": 0.02, ""6"": 0.04, ""7"": 0.24, ""8"": 0.95, ""9"": 0.89, ""10"": 0.95, ""11"": 0.86, ""12"": 0.82, ""13"": 0.84, ""14"": 0.9, ""15"": 0.89, ""16"": 0.98, ""17"": 0.4, ""18"": 0.04, ""19"": 0.04, ""20"": 0.03, ""21"": 0.05, ""22"": 0.04, ""23"": 0.04}, ""resource_probabilities"": {""Payroll"": 0.0, ""FinanceDB"": 0.0, ""Email"": 0.25, ""GitHub"": 0.73, ""Jira"": 0.71, ""Slack"": 0.94, ""FileServer"": 0.3, ""HRPortal"": 0.0, ""CRM"": 0.0, ""AdminConsole"": 0.0, ""Servers"": 0.0, ""VPN"": 0.34, ""Confluence"": 0.89, ""Terminal"": 0.94, ""HRMS"": 0.0, ""EmployeeRecords"": 0.0, ""ERP"": 0.0, ""Accounting"": 0.0, ""Invoices"": 0.0, ""Meetings"": 0.3, ""Analytics"": 0.0, ""CampaignDashboard"": 0.0, ""Monitoring"": 0.0, ""Firewall"": 0.0}, ""browser_probabilities"": {""Chrome"": 0.5, ""Firefox"": 0.1, ""Edge"": 0.0, ""Safari"": 0.4}, ""device_probabilities"": {""Laptop"": 0.7, ""Mobile"": 0.30000000000000004}, ""average_session_length"": 77.1, ""session_length_stddev"": 8, ""average_actions"": 8, ""actions_stddev"": 3, ""average_sessions_per_day"": 3, ""remote_work_probability"": 0.25}"
81dec9db-0abe-4257-8ffe-38c9d2d81eb3,EMP-0154,Peter Mueller,Sales,Sales Representative,San Francisco,09:00,18:00,DEV-0269;DEV-0270,Chrome,Windows,0.7,Low,"{""working_hours"": [9, 18], ""login_hour_distribution"": {""0"": 0.02, ""1"": 0.04, ""2"": 0.04, ""3"": 0.04, ""4"": 0.03, ""5"": 0.04, ""6"": 0.02, ""7"": 0.02, ""8"": 0.4, ""9"": 0.82, ""10"": 0.84, ""11"": 0.97, ""12"": 0.94, ""13"": 0.8, ""14"": 0.95, ""15"": 0.89, ""16"": 0.85, ""17"": 0.83, ""18"": 0.27, ""19"": 0.04, ""20"": 0.03, ""21"": 0.04, ""22"": 0.02, ""23"": 0.04}, ""resource_probabilities"": {""Payroll"": 0.0, ""FinanceDB"": 0.0, ""Email"": 0.83, ""GitHub"": 0.0, ""Jira"": 0.3, ""Slack"": 0.73, ""FileServer"": 0.0, ""HRPortal"": 0.0, ""CRM"": 0.81, ""AdminConsole"": 0.0, ""Servers"": 0.0, ""VPN"": 0.33, ""Confluence"": 0.32, ""Terminal"": 0.0, ""HRMS"": 0.0, ""EmployeeRecords"": 0.0, ""ERP"": 0.0, ""Accounting"": 0.0, ""Invoices"": 0.0, ""Meetings"": 0.94, ""Analytics"": 0.23, ""CampaignDashboard"": 0.0, ""Monitoring"": 0.0, ""Firewall"": 0.0}, ""browser_probabilities"": {""Chrome"": 0.6, ""Firefox"": 0.15, ""Edge"": 0.25, ""Safari"": 0.0}, ""device_probabilities"": {""Desktop"": 0.2, ""Mobile"": 0.8}, ""average_session_length"": 85.0, ""session_length_stddev"": 8, ""average_actions"": 5, ""actions_stddev"": 3, ""average_sessions_per_day"": 3, ""remote_work_probability"": 0.25}"
028bffb6-c528-4c36-a545-034c714cd65e,EMP-0155,Linda King,Marketing,Marketing Coordinator,New York,09:00,18:00,DEV-0271,Firefox,Windows,0.2,Low,"{""working_hours"": [9, 18], ""login_hour_distribution"": {""0"": 0.02, ""1"": 0.01, ""2"": 0.04, ""3"": 0.04, ""4"": 0.04, ""5"": 0.05, ""6"": 0.01, ""7"": 0.04, ""8"": 0.38, ""9"": 0.92, ""10"": 0.89, ""11"": 0.85, ""12"": 0.87, ""13"": 0.92, ""14"": 0.9, ""15"": 0.85, ""16"": 0.93, ""17"": 0.96, ""18"": 0.2, ""19"": 0.02, ""20"": 0.03, ""21"": 0.05, ""22"": 0.04, ""23"": 0.03}, ""resource_probabilities"": {""Payroll"": 0.0, ""FinanceDB"": 0.0, ""Email"": 0.75, ""GitHub"": 0.0, ""Jira"": 0.24, ""Slack"": 0.9, ""FileServer"": 0.04, ""HRPortal"": 0.0, ""CRM"": 0.87, ""AdminConsole"": 0.0, ""Servers"": 0.0, ""VPN"": 0.32, ""Confluence"": 0.3, ""Terminal"": 0.0, ""HRMS"": 0.0, ""EmployeeRecords"": 0.0, ""ERP"": 0.0, ""Accounting"": 0.0, ""Invoices"": 0.0, ""Meetings"": 0.2, ""Analytics"": 0.75, ""CampaignDashboard"": 0.78, ""Monitoring"": 0.0, ""Firewall"": 0.0}, ""browser_probabilities"": {""Chrome"": 0.6, ""Firefox"": 0.15, ""Edge"": 0.25, ""Safari"": 0.0}, ""device_probabilities"": {""Laptop"": 1.0}, ""average_session_length"": 14.1, ""session_length_stddev"": 8, ""average_actions"": 15, ""actions_stddev"": 3, ""average_sessions_per_day"": 3, ""remote_work_probability"": 0.25}"
bd740fe0-b808-4e14-b9a0-113763d69dd8,EMP-0156,Levi Jones,Finance,Finance Analyst,Munich,10:00,19:00,DEV-0272;DEV-0273,Chrome,Windows,0.15,Medium,"{""working_hours"": [10, 19], ""login_hour_distribution"": {""0"": 0.03, ""1"": 0.03, ""2"": 0.04, ""3"": 0.02, ""4"": 0.01, ""5"": 0.04, ""6"": 0.03, ""7"": 0.02, ""8"": 0.04, ""9"": 0.38, ""10"": 0.98, ""11"": 0.82, ""12"": 0.81, ""13"": 0.87, ""14"": 0.91, ""15"": 0.86, ""16"": 0.81, ""17"": 0.92, ""18"": 0.82, ""19"": 0.27, ""20"": 0.04, ""21"": 0.03, ""22"": 0.05, ""23"": 0.04}, ""resource_probabilities"": {""Payroll"": 0.35, ""FinanceDB"": 0.24, ""Email"": 0.92, ""GitHub"": 0.0, ""Jira"": 0.26, ""Slack"": 0.23, ""FileServer"": 0.25, ""HRPortal"": 0.0, ""CRM"": 0.0, ""AdminConsole"": 0.0, ""Servers"": 0.0, ""VPN"": 0.19, ""Confluence"": 0.17, ""Terminal"": 0.0, ""HRMS"": 0.0, ""EmployeeRecords"": 0.0, ""ERP"": 0.9, ""Accounting"": 0.88, ""Invoices"": 0.87, ""Meetings"": 0.04, ""Analytics"": 0.23, ""CampaignDashboard"": 0.0, ""Monitoring"": 0.0, ""Firewall"": 0.0}, ""browser_probabilities"": {""Chrome"": 0.6, ""Firefox"": 0.15, ""Edge"": 0.25, ""Safari"": 0.0}, ""device_probabilities"": {""Laptop"": 1.0}, ""average_session_length"": 37.2, ""session_length_stddev"": 8, ""average_actions"": 15, ""actions_stddev"": 3, ""average_sessions_per_day"": 3, ""remote_work_probability"": 0.25}"
d2a5d216-314b-4d36-9516-235984362fc7,EMP-0157,Gabriel Gonzalez,Sales,Sales Manager,Tokyo,07:00,16:00,DEV-0274,Chrome,Windows,0.7,High,"{""working_hours"": [7, 16], ""login_hour_distribution"": {""0"": 0.03, ""1"": 0.01, ""2"": 0.03, ""3"": 0.02, ""4"": 0.02, ""5"": 0.01, ""6"": 0.37, ""7"": 0.87, ""8"": 0.9, ""9"": 0.94, ""10"": 0.96, ""11"": 0.91, ""12"": 0.91, ""13"": 0.98, ""14"": 0.92, ""15"": 0.97, ""16"": 0.38, ""17"": 0.03, ""18"": 0.02, ""19"": 0.03, ""20"": 0.03, ""21"": 0.03, ""22"": 0.05, ""23"": 0.03}, ""resource_probabilities"": {""Payroll"": 0.0, ""FinanceDB"": 0.0, ""Email"": 0.83, ""GitHub"": 0.0, ""Jira"": 0.27, ""Slack"": 0.81, ""FileServer"": 0.0, ""HRPortal"": 0.0, ""CRM"": 0.71, ""AdminConsole"": 0.0, ""Servers"": 0.0, ""VPN"": 0.14, ""Confluence"": 0.24, ""Terminal"": 0.0, ""HRMS"": 0.0, ""EmployeeRecords"": 0.0, ""ERP"": 0.0, ""Accounting"": 0.0, ""Invoices"": 0.0, ""Meetings"": 0.93, ""Analytics"": 0.13, ""CampaignDashboard"": 0.0, ""Monitoring"": 0.0, ""Firewall"": 0.0}, ""browser_probabilities"": {""Chrome"": 0.6, ""Firefox"": 0.15, ""Edge"": 0.25, ""Safari"": 0.0}, ""device_probabilities"": {""Laptop"": 1.0}, ""average_session_length"": 103.8, ""session_length_stddev"": 8, ""average_actions"": 8, ""actions_stddev"": 3, ""average_sessions_per_day"": 3, ""remote_work_probability"": 0.25}"
4a229ba5-925f-4cc6-9e9d-2f8a1ef11a27,EMP-0158,Mr. Andrew Rowe,Finance,Accountant,Munich,08:00,17:00,DEV-0275;DEV-0276,Chrome,Windows,0.15,Low,"{""working_hours"": [8, 17], ""login_hour_distribution"": {""0"": 0.02, ""1"": 0.02, ""2"": 0.01, ""3"": 0.02, ""4"": 0.04, ""5"": 0.03, ""6"": 0.05, ""7"": 0.28, ""8"": 0.85, ""9"": 0.83, ""10"": 0.93, ""11"": 0.8, ""12"": 0.9, ""13"": 0.81, ""14"": 0.81, ""15"": 0.89, ""16"": 0.86, ""17"": 0.31, ""18"": 0.02, ""19"": 0.03, ""20"": 0.04, ""21"": 0.04, ""22"": 0.02, ""23"": 0.02}, ""resource_probabilities"": {""Payroll"": 0.26, ""FinanceDB"": 0.29, ""Email"": 0.87, ""GitHub"": 0.0, ""Jira"": 0.14, ""Slack"": 0.28, ""FileServer"": 0.12, ""HRPortal"": 0.0, ""CRM"": 0.0, ""AdminConsole"": 0.0, ""Servers"": 0.0, ""VPN"": 0.26, ""Confluence"": 0.26, ""Terminal"": 0.0, ""HRMS"": 0.0, ""EmployeeRecords"": 0.0, ""ERP"": 0.8, ""Accounting"": 0.93, ""Invoices"": 0.78, ""Meetings"": 0.01, ""Analytics"": 0.27, ""CampaignDashboard"": 0.0, ""Monitoring"": 0.0, ""Firewall"": 0.0}, ""browser_probabilities"": {""Chrome"": 0.6, ""Firefox"": 0.15, ""Edge"": 0.25, ""Safari"": 0.0}, ""device_probabilities"": {""Desktop"": 0.2, ""Laptop"": 0.8}, ""average_session_length"": 58.7, ""session_length_stddev"": 8, ""average_actions"": 13, ""actions_stddev"": 3, ""average_sessions_per_day"": 3, ""remote_work_probability"": 0.25}"
2a65bae3-ddaf-4233-96a9-e518a55ac92f,EMP-0159,Emily Fox,HR,HR Coordinator,Munich,10:00,19:00,DEV-0277;DEV-0278;DEV-0279,Edge,Windows,0.05,Low,"{""working_hours"": [10, 19], ""login_hour_distribution"": {""0"": 0.03, ""1"": 0.01, ""2"": 0.03, ""3"": 0.02, ""4"": 0.03, ""5"": 0.03, ""6"": 0.01, ""7"": 0.03, ""8"": 0.02, ""9"": 0.32, ""10"": 0.96, ""11"": 0.82, ""12"": 0.97, ""13"": 0.83, ""14"": 0.8, ""15"": 0.94, ""16"": 0.84, ""17"": 0.93, ""18"": 0.96, ""19"": 0.31, ""20"": 0.04, ""21"": 0.03, ""22"": 0.03, ""23"": 0.01}, ""resource_probabilities"": {""Payroll"": 0.92, ""FinanceDB"": 0.0, ""Email"": 0.71, ""GitHub"": 0.0, ""Jira"": 0.03, ""Slack"": 0.2, ""FileServer"": 0.31, ""HRPortal"": 0.18, ""CRM"": 0.0, ""AdminConsole"": 0.0, ""Servers"": 0.0, ""VPN"": 0.16, ""Confluence"": 0.13, ""Terminal"": 0.0, ""HRMS"": 0.72, ""EmployeeRecords"": 0.74, ""ERP"": 0.0, ""Accounting"": 0.0, ""Invoices"": 0.0, ""Meetings"": 0.14, ""Analytics"": 0.0, ""CampaignDashboard"": 0.0, ""Monitoring"": 0.0, ""Firewall"": 0.0}, ""browser_probabilities"": {""Chrome"": 0.6, ""Firefox"": 0.15, ""Edge"": 0.25, ""Safari"": 0.0}, ""device_probabilities"": {""Laptop"": 1.0}, ""average_session_length"": 38.1, ""session_length_stddev"": 8, ""average_actions"": 7, ""actions_stddev"": 3, ""average_sessions_per_day"": 3, ""remote_work_probability"": 0.25}"
684344a1-f3c1-414d-8e8a-10cb277b71ea,EMP-0160,Levi Henderson,Sales,Account Executive,New York,09:00,18:00,DEV-0280;DEV-0281,Chrome,macOS,0.7,Medium,"{""working_hours"": [9, 18], ""login_hour_distribution"": {""0"": 0.04, ""1"": 0.02, ""2"": 0.01, ""3"": 0.02, ""4"": 0.05, ""5"": 0.02, ""6"": 0.05, ""7"": 0.05, ""8"": 0.21, ""9"": 0.84, ""10"": 0.91, ""11"": 0.84, ""12"": 0.89, ""13"": 0.89, ""14"": 0.97, ""15"": 0.85, ""16"": 0.86, ""17"": 0.9, ""18"": 0.22, ""19"": 0.01, ""20"": 0.04, ""21"": 0.05, ""22"": 0.01, ""23"": 0.03}, ""resource_probabilities"": {""Payroll"": 0.0, ""FinanceDB"": 0.0, ""Email"": 0.85, ""GitHub"": 0.0, ""Jira"": 0.13, ""Slack"": 0.89, ""FileServer"": 0.0, ""HRPortal"": 0.0, ""CRM"": 0.86, ""AdminConsole"": 0.0, ""Servers"": 0.0, ""VPN"": 0.13, ""Confluence"": 0.24, ""Terminal"": 0.0, ""HRMS"": 0.0, ""EmployeeRecords"": 0.0, ""ERP"": 0.0, ""Accounting"": 0.0, ""Invoices"": 0.0, ""Meetings"": 0.81, ""Analytics"": 0.31, ""CampaignDashboard"": 0.0, ""Monitoring"": 0.0, ""Firewall"": 0.0}, ""browser_probabilities"": {""Chrome"": 0.5, ""Firefox"": 0.1, ""Edge"": 0.0, ""Safari"": 0.4}, ""device_probabilities"": {""Laptop"": 0.7, ""Mobile"": 0.30000000000000004}, ""average_session_length"": 65.0, ""session_length_stddev"": 8, ""average_actions"": 30, ""actions_stddev"": 3, ""average_sessions_per_day"": 3, ""remote_work_probability"": 0.25}"
8a5a4272-5f90-4e57-a472-2a76f7c90c89,EMP-0161,Hannah Ellis,IT,Helpdesk Support,San Francisco,09:00,19:00,DEV-0282;DEV-0283;DEV-0284,Firefox,macOS,0.6,Low,"{""working_hours"": [9, 19], ""login_hour_distribution"": {""0"": 0.03, ""1"": 0.01, ""2"": 0.04, ""3"": 0.05, ""4"": 0.03, ""5"": 0.04, ""6"": 0.02, ""7"": 0.01, ""8"": 0.43, ""9"": 0.85, ""10"": 0.85, ""11"": 0.92, ""12"": 0.98, ""13"": 0.95, ""14"": 0.84, ""15"": 0.95, ""16"": 0.85, ""17"": 0.83, ""18"": 0.9, ""19"": 0.22, ""20"": 0.01, ""21"": 0.04, ""22"": 0.04, ""23"": 0.04}, ""resource_probabilities"": {""Payroll"": 0.35, ""FinanceDB"": 0.32, ""Email"": 0.15, ""GitHub"": 0.23, ""Jira"": 0.3, ""Slack"": 0.32, ""FileServer"": 0.94, ""HRPortal"": 0.26, ""CRM"": 0.34, ""AdminConsole"": 0.88, ""Servers"": 0.77, ""VPN"": 0.87, ""Confluence"": 0.18, ""Terminal"": 0.15, ""HRMS"": 0.34, ""EmployeeRecords"": 0.18, ""ERP"": 0.33, ""Accounting"": 0.13, ""Invoices"": 0.33, ""Meetings"": 0.25, ""Analytics"": 0.1, ""CampaignDashboard"": 0.1, ""Monitoring"": 0.74, ""Firewall"": 0.84}, ""browser_probabilities"": {""Chrome"": 0.5, ""Firefox"": 0.1, ""Edge"": 0.0, ""Safari"": 0.4}, ""device_probabilities"": {""Laptop"": 1.0}, ""average_session_length"": 86.6, ""session_length_stddev"": 8, ""average_actions"": 20, ""actions_stddev"": 3, ""average_sessions_per_day"": 3, ""remote_work_probability"": 0.25}"
14c62aba-89c2-4ba5-a48d-f4c0c330ec14,EMP-0162,Joanna Lam,HR,HR Coordinator,Munich,08:00,17:00,DEV-0285;DEV-0286;DEV-0287,Edge,Windows,0.05,Low,"{""working_hours"": [8, 17], ""login_hour_distribution"": {""0"": 0.03, ""1"": 0.01, ""2"": 0.05, ""3"": 0.03, ""4"": 0.03, ""5"": 0.03, ""6"": 0.04, ""7"": 0.4, ""8"": 0.98, ""9"": 0.82, ""10"": 0.87, ""11"": 0.83, ""12"": 0.8, ""13"": 0.93, ""14"": 0.94, ""15"": 0.92, ""16"": 0.93, ""17"": 0.25, ""18"": 0.04, ""19"": 0.04, ""20"": 0.04, ""21"": 0.02, ""22"": 0.05, ""23"": 0.05}, ""resource_probabilities"": {""Payroll"": 0.71, ""FinanceDB"": 0.0, ""Email"": 0.82, ""GitHub"": 0.0, ""Jira"": 0.04, ""Slack"": 0.25, ""FileServer"": 0.1, ""HRPortal"": 0.35, ""CRM"": 0.0, ""AdminConsole"": 0.0, ""Servers"": 0.0, ""VPN"": 0.26, ""Confluence"": 0.13, ""Terminal"": 0.0, ""HRMS"": 0.77, ""EmployeeRecords"": 0.83, ""ERP"": 0.0, ""Accounting"": 0.0, ""Invoices"": 0.0, ""Meetings"": 0.14, ""Analytics"": 0.0, ""CampaignDashboard"": 0.0, ""Monitoring"": 0.0, ""Firewall"": 0.0}, ""browser_probabilities"": {""Chrome"": 0.6, ""Firefox"": 0.15, ""Edge"": 0.25, ""Safari"": 0.0}, ""device_probabilities"": {""Laptop"": 1.0}, ""average_session_length"": 31.3, ""session_length_stddev"": 8, ""average_actions"": 28, ""actions_stddev"": 3, ""average_sessions_per_day"": 3, ""remote_work_probability"": 0.25}"
9a5c68ad-aeb0-4110-ac13-b24990d22d54,EMP-0163,Kevin Bates,Marketing,Marketing Specialist,New York,10:00,19:00,DEV-0288;DEV-0289,Chrome,Windows,0.2,Medium,"{""working_hours"": [10, 19], ""login_hour_distribution"": {""0"": 0.02, ""1"": 0.03, ""2"": 0.02, ""3"": 0.03, ""4"": 0.04, ""5"": 0.02, ""6"": 0.04, ""7"": 0.05, ""8"": 0.04, ""9"": 0.33, ""10"": 0.85, ""11"": 0.9, ""12"": 0.88, ""13"": 0.97, ""14"": 0.92, ""15"": 0.97, ""16"": 0.81, ""17"": 0.97, ""18"": 0.88, ""19"": 0.45, ""20"": 0.02, ""21"": 0.04, ""22"": 0.03, ""23"": 0.02}, ""resource_probabilities"": {""Payroll"": 0.0, ""FinanceDB"": 0.0, ""Email"": 0.89, ""GitHub"": 0.0, ""Jira"": 0.32, ""Slack"": 0.76, ""FileServer"": 0.02, ""HRPortal"": 0.0, ""CRM"": 0.81, ""AdminConsole"": 0.0, ""Servers"": 0.0, ""VPN"": 0.21, ""Confluence"": 0.1, ""Terminal"": 0.0, ""HRMS"": 0.0, ""EmployeeRecords"": 0.0, ""ERP"": 0.0, ""Accounting"": 0.0, ""Invoices"": 0.0, ""Meetings"": 0.15, ""Analytics"": 0.72, ""CampaignDashboard"": 0.84, ""Monitoring"": 0.0, ""Firewall"": 0.0}, ""browser_probabilities"": {""Chrome"": 0.6, ""Firefox"": 0.15, ""Edge"": 0.25, ""Safari"": 0.0}, ""device_probabilities"": {""Desktop"": 0.2, ""Laptop"": 0.8}, ""average_session_length"": 12.8, ""session_length_stddev"": 8, ""average_actions"": 28, ""actions_stddev"": 3, ""average_sessions_per_day"": 3, ""remote_work_probability"": 0.25}"
6c7f7bef-b086-47e1-ba64-795839c2c1a2,EMP-0164,Matthew Chung,IT,Systems Administrator,San Francisco,07:00,17:00,DEV-0290;DEV-0291;DEV-0292,Chrome,Linux,0.6,High,"{""working_hours"": [7, 17], ""login_hour_distribution"": {""0"": 0.04, ""1"": 0.01, ""2"": 0.03, ""3"": 0.04, ""4"": 0.03, ""5"": 0.04, ""6"": 0.28, ""7"": 0.85, ""8"": 0.82, ""9"": 0.84, ""10"": 0.86, ""11"": 0.81, ""12"": 0.86, ""13"": 0.94, ""14"": 0.97, ""15"": 0.94, ""16"": 0.91, ""17"": 0.39, ""18"": 0.04, ""19"": 0.03, ""20"": 0.01, ""21"": 0.01, ""22"": 0.01, ""23"": 0.02}, ""resource_probabilities"": {""Payroll"": 0.31, ""FinanceDB"": 0.12, ""Email"": 0.13, ""GitHub"": 0.33, ""Jira"": 0.21, ""Slack"": 0.18, ""FileServer"": 0.86, ""HRPortal"": 0.12, ""CRM"": 0.27, ""AdminConsole"": 0.84, ""Servers"": 0.77, ""VPN"": 0.8, ""Confluence"": 0.12, ""Terminal"": 0.29, ""HRMS"": 0.16, ""EmployeeRecords"": 0.25, ""ERP"": 0.26, ""Accounting"": 0.1, ""Invoices"": 0.2, ""Meetings"": 0.3, ""Analytics"": 0.32, ""CampaignDashboard"": 0.25, ""Monitoring"": 0.78, ""Firewall"": 0.93}, ""browser_probabilities"": {""Chrome"": 0.5, ""Firefox"": 0.5, ""Edge"": 0.0, ""Safari"": 0.0}, ""device_probabilities"": {""Laptop"": 0.6666666666666667, ""Mobile"": 0.3333333333333333}, ""average_session_length"": 96.1, ""session_length_stddev"": 8, ""average_actions"": 19, ""actions_stddev"": 3, ""average_sessions_per_day"": 3, ""remote_work_probability"": 0.25}"
314674a6-967a-4fbb-9404-801d84681060,EMP-0165,Nicholas Ward,Sales,Sales Representative,New York,07:00,16:00,DEV-0293,Chrome,Windows,0.7,Low,"{""working_hours"": [7, 16], ""login_hour_distribution"": {""0"": 0.04, ""1"": 0.02, ""2"": 0.03, ""3"": 0.04, ""4"": 0.02, ""5"": 0.03, ""6"": 0.38, ""7"": 0.88, ""8"": 0.84, ""9"": 0.94, ""10"": 0.81, ""11"": 0.86, ""12"": 0.88, ""13"": 0.97, ""14"": 0.94, ""15"": 0.86, ""16"": 0.42, ""17"": 0.04, ""18"": 0.02, ""19"": 0.02, ""20"": 0.02, ""21"": 0.02, ""22"": 0.01, ""23"": 0.03}, ""resource_probabilities"": {""Payroll"": 0.0, ""FinanceDB"": 0.0, ""Email"": 0.87, ""GitHub"": 0.0, ""Jira"": 0.11, ""Slack"": 0.83, ""FileServer"": 0.0, ""HRPortal"": 0.0, ""CRM"": 0.91, ""AdminConsole"": 0.0, ""Servers"": 0.0, ""VPN"": 0.31, ""Confluence"": 0.21, ""Terminal"": 0.0, ""HRMS"": 0.0, ""EmployeeRecords"": 0.0, ""ERP"": 0.0, ""Accounting"": 0.0, ""Invoices"": 0.0, ""Meetings"": 0.75, ""Analytics"": 0.15, ""CampaignDashboard"": 0.0, ""Monitoring"": 0.0, ""Firewall"": 0.0}, ""browser_probabilities"": {""Chrome"": 0.6, ""Firefox"": 0.15, ""Edge"": 0.25, ""Safari"": 0.0}, ""device_probabilities"": {""Desktop"": 1.0}, ""average_session_length"": 109.9, ""session_length_stddev"": 8, ""average_actions"": 30, ""actions_stddev"": 3, ""average_sessions_per_day"": 3, ""remote_work_probability"": 0.25}"
aaf8e1d5-3079-4b56-976f-f2641182e8e7,EMP-0166,Kimberly Thomas,Sales,Sales Director,Tokyo,09:00,18:00,DEV-0294;DEV-0295;DEV-0296,Firefox,Windows,0.7,Critical,"{""working_hours"": [9, 18], ""login_hour_distribution"": {""0"": 0.03, ""1"": 0.02, ""2"": 0.02, ""3"": 0.02, ""4"": 0.01, ""5"": 0.05, ""6"": 0.05, ""7"": 0.03, ""8"": 0.43, ""9"": 0.91, ""10"": 0.92, ""11"": 0.88, ""12"": 0.84, ""13"": 0.89, ""14"": 0.94, ""15"": 0.95, ""16"": 0.95, ""17"": 0.87, ""18"": 0.3, ""19"": 0.04, ""20"": 0.01, ""21"": 0.01, ""22"": 0.02, ""23"": 0.03}, ""resource_probabilities"": {""Payroll"": 0.0, ""FinanceDB"": 0.0, ""Email"": 0.74, ""GitHub"": 0.0, ""Jira"": 0.21, ""Slack"": 0.86, ""FileServer"": 0.0, ""HRPortal"": 0.0, ""CRM"": 0.93, ""AdminConsole"": 0.0, ""Servers"": 0.0, ""VPN"": 0.19, ""Confluence"": 0.34, ""Terminal"": 0.0, ""HRMS"": 0.0, ""EmployeeRecords"": 0.0, ""ERP"": 0.0, ""Accounting"": 0.0, ""Invoices"": 0.0, ""Meetings"": 0.75, ""Analytics"": 0.17, ""CampaignDashboard"": 0.0, ""Monitoring"": 0.0, ""Firewall"": 0.0}, ""browser_probabilities"": {""Chrome"": 0.6, ""Firefox"": 0.15, ""Edge"": 0.25, ""Safari"": 0.0}, ""device_probabilities"": {""Laptop"": 0.6666666666666667, ""Mobile"": 0.3333333333333333}, ""average_session_length"": 34.1, ""session_length_stddev"": 8, ""average_actions"": 13, ""actions_stddev"": 3, ""average_sessions_per_day"": 3, ""remote_work_probability"": 0.25}"
d8f80018-56fe-4769-ac9d-e90ab805ae3c,EMP-0167,Maxwell Pace,Engineering,Architect,San Francisco,08:00,17:00,DEV-0297,Chrome,Linux,0.45,High,"{""working_hours"": [8, 17], ""login_hour_distribution"": {""0"": 0.02, ""1"": 0.01, ""2"": 0.04, ""3"": 0.02, ""4"": 0.04, ""5"": 0.05, ""6"": 0.02, ""7"": 0.25, ""8"": 0.88, ""9"": 0.87, ""10"": 0.87, ""11"": 0.83, ""12"": 0.89, ""13"": 0.94, ""14"": 0.91, ""15"": 0.88, ""16"": 0.93, ""17"": 0.23, ""18"": 0.05, ""19"": 0.02, ""20"": 0.02, ""21"": 0.03, ""22"": 0.04, ""23"": 0.02}, ""resource_probabilities"": {""Payroll"": 0.0, ""FinanceDB"": 0.0, ""Email"": 0.21, ""GitHub"": 0.86, ""Jira"": 0.93, ""Slack"": 0.89, ""FileServer"": 0.25, ""HRPortal"": 0.0, ""CRM"": 0.0, ""AdminConsole"": 0.0, ""Servers"": 0.0, ""VPN"": 0.31, ""Confluence"": 0.77, ""Terminal"": 0.74, ""HRMS"": 0.0, ""EmployeeRecords"": 0.0, ""ERP"": 0.0, ""Accounting"": 0.0, ""Invoices"": 0.0, ""Meetings"": 0.16, ""Analytics"": 0.0, ""CampaignDashboard"": 0.0, ""Monitoring"": 0.0, ""Firewall"": 0.0}, ""browser_probabilities"": {""Chrome"": 0.5, ""Firefox"": 0.5, ""Edge"": 0.0, ""Safari"": 0.0}, ""device_probabilities"": {""Laptop"": 1.0}, ""average_session_length"": 79.2, ""session_length_stddev"": 8, ""average_actions"": 13, ""actions_stddev"": 3, ""average_sessions_per_day"": 3, ""remote_work_probability"": 0.25}"
821df2cf-d9fc-43b8-a05f-9619df73321d,EMP-0168,Larry Wang,Engineering,Architect,Tokyo,08:00,17:00,DEV-0298,Safari,macOS,0.45,High,"{""working_hours"": [8, 17], ""login_hour_distribution"": {""0"": 0.04, ""1"": 0.03, ""2"": 0.02, ""3"": 0.03, ""4"": 0.05, ""5"": 0.04, ""6"": 0.02, ""7"": 0.33, ""8"": 0.83, ""9"": 0.93, ""10"": 0.89, ""11"": 0.89, ""12"": 0.97, ""13"": 0.89, ""14"": 0.9, ""15"": 0.91, ""16"": 0.94, ""17"": 0.36, ""18"": 0.02, ""19"": 0.05, ""20"": 0.03, ""21"": 0.02, ""22"": 0.02, ""23"": 0.03}, ""resource_probabilities"": {""Payroll"": 0.0, ""FinanceDB"": 0.0, ""Email"": 0.19, ""GitHub"": 0.74, ""Jira"": 0.91, ""Slack"": 0.76, ""FileServer"": 0.12, ""HRPortal"": 0.0, ""CRM"": 0.0, ""AdminConsole"": 0.0, ""Servers"": 0.0, ""VPN"": 0.29, ""Confluence"": 0.77, ""Terminal"": 0.83, ""HRMS"": 0.0, ""EmployeeRecords"": 0.0, ""ERP"": 0.0, ""Accounting"": 0.0, ""Invoices"": 0.0, ""Meetings"": 0.16, ""Analytics"": 0.0, ""CampaignDashboard"": 0.0, ""Monitoring"": 0.0, ""Firewall"": 0.0}, ""browser_probabilities"": {""Chrome"": 0.5, ""Firefox"": 0.1, ""Edge"": 0.0, ""Safari"": 0.4}, ""device_probabilities"": {""Laptop"": 1.0}, ""average_session_length"": 14.5, ""session_length_stddev"": 8, ""average_actions"": 21, ""actions_stddev"": 3, ""average_sessions_per_day"": 3, ""remote_work_probability"": 0.25}"
737ea52f-6d15-4b06-961c-9af39f021a19,EMP-0169,James Cantrell,Engineering,Engineering Manager,Tokyo,09:00,18:00,DEV-0299;DEV-0300,Chrome,Linux,0.45,High,"{""working_hours"": [9, 18], ""login_hour_distribution"": {""0"": 0.02, ""1"": 0.01, ""2"": 0.03, ""3"": 0.02, ""4"": 0.01, ""5"": 0.05, ""6"": 0.02, ""7"": 0.03, ""8"": 0.34, ""9"": 0.81, ""10"": 0.85, ""11"": 0.84, ""12"": 0.82, ""13"": 0.86, ""14"": 0.9, ""15"": 0.86, ""16"": 0.92, ""17"": 0.85, ""18"": 0.39, ""19"": 0.04, ""20"": 0.04, ""21"": 0.02, ""22"": 0.03, ""23"": 0.02}, ""resource_probabilities"": {""Payroll"": 0.0, ""FinanceDB"": 0.0, ""Email"": 0.31, ""GitHub"": 0.88, ""Jira"": 0.84, ""Slack"": 0.77, ""FileServer"": 0.29, ""HRPortal"": 0.0, ""CRM"": 0.0, ""AdminConsole"": 0.0, ""Servers"": 0.0, ""VPN"": 0.17, ""Confluence"": 0.79, ""Terminal"": 0.95, ""HRMS"": 0.0, ""EmployeeRecords"": 0.0, ""ERP"": 0.0, ""Accounting"": 0.0, ""Invoices"": 0.0, ""Meetings"": 0.34, ""Analytics"": 0.0, ""CampaignDashboard"": 0.0, ""Monitoring"": 0.0, ""Firewall"": 0.0}, ""browser_probabilities"": {""Chrome"": 0.5, ""Firefox"": 0.5, ""Edge"": 0.0, ""Safari"": 0.0}, ""device_probabilities"": {""Laptop"": 1.0}, ""average_session_length"": 100.4, ""session_length_stddev"": 8, ""average_actions"": 29, ""actions_stddev"": 3, ""average_sessions_per_day"": 3, ""remote_work_probability"": 0.25}"
a7728290-78d5-40ef-830b-4532a7c24c68,EMP-0170,Anthony Snyder,Finance,Finance Analyst,Tokyo,08:00,17:00,DEV-0301;DEV-0302,Edge,Windows,0.15,Medium,"{""working_hours"": [8, 17], ""login_hour_distribution"": {""0"": 0.03, ""1"": 0.03, ""2"": 0.04, ""3"": 0.04, ""4"": 0.04, ""5"": 0.03, ""6"": 0.04, ""7"": 0.28, ""8"": 0.83, ""9"": 0.94, ""10"": 0.93, ""11"": 0.84, ""12"": 0.88, ""13"": 0.9, ""14"": 0.87, ""15"": 0.9, ""16"": 0.82, ""17"": 0.44, ""18"": 0.01, ""19"": 0.04, ""20"": 0.04, ""21"": 0.02, ""22"": 0.03, ""23"": 0.04}, ""resource_probabilities"": {""Payroll"": 0.2, ""FinanceDB"": 0.29, ""Email"": 0.83, ""GitHub"": 0.0, ""Jira"": 0.18, ""Slack"": 0.11, ""FileServer"": 0.3, ""HRPortal"": 0.0, ""CRM"": 0.0, ""AdminConsole"": 0.0, ""Servers"": 0.0, ""VPN"": 0.33, ""Confluence"": 0.14, ""Terminal"": 0.0, ""HRMS"": 0.0, ""EmployeeRecords"": 0.0, ""ERP"": 0.94, ""Accounting"": 0.78, ""Invoices"": 0.86, ""Meetings"": 0.03, ""Analytics"": 0.25, ""CampaignDashboard"": 0.0, ""Monitoring"": 0.0, ""Firewall"": 0.0}, ""browser_probabilities"": {""Chrome"": 0.6, ""Firefox"": 0.15, ""Edge"": 0.25, ""Safari"": 0.0}, ""device_probabilities"": {""Laptop"": 1.0}, ""average_session_length"": 105.4, ""session_length_stddev"": 8, ""average_actions"": 17, ""actions_stddev"": 3, ""average_sessions_per_day"": 3, ""remote_work_probability"": 0.25}"
104f3fc5-6400-4b0e-b2dd-85f63446c0f0,EMP-0171,Zachary Hays,Marketing,Marketing Director,San Francisco,09:00,18:00,DEV-0303;DEV-0304;DEV-0305,Chrome,Windows,0.2,Critical,"{""working_hours"": [9, 18], ""login_hour_distribution"": {""0"": 0.03, ""1"": 0.05, ""2"": 0.01, ""3"": 0.01, ""4"": 0.03, ""5"": 0.01, ""6"": 0.04, ""7"": 0.03, ""8"": 0.25, ""9"": 0.81, ""10"": 0.97, ""11"": 0.85, ""12"": 0.84, ""13"": 0.92, ""14"": 0.81, ""15"": 0.81, ""16"": 0.89, ""17"": 0.83, ""18"": 0.41, ""19"": 0.03, ""20"": 0.02, ""21"": 0.01, ""22"": 0.03, ""23"": 0.03}, ""resource_probabilities"": {""Payroll"": 0.0, ""FinanceDB"": 0.0, ""Email"": 0.72, ""GitHub"": 0.0, ""Jira"": 0.34, ""Slack"": 0.92, ""FileServer"": 0.02, ""HRPortal"": 0.0, ""CRM"": 0.75, ""AdminConsole"": 0.0, ""Servers"": 0.0, ""VPN"": 0.21, ""Confluence"": 0.28, ""Terminal"": 0.0, ""HRMS"": 0.0, ""EmployeeRecords"": 0.0, ""ERP"": 0.0, ""Accounting"": 0.0, ""Invoices"": 0.0, ""Meetings"": 0.22, ""Analytics"": 0.85, ""CampaignDashboard"": 0.93, ""Monitoring"": 0.0, ""Firewall"": 0.0}, ""browser_probabilities"": {""Chrome"": 0.6, ""Firefox"": 0.15, ""Edge"": 0.25, ""Safari"": 0.0}, ""device_probabilities"": {""Laptop"": 1.0}, ""average_session_length"": 74.6, ""session_length_stddev"": 8, ""average_actions"": 21, ""actions_stddev"": 3, ""average_sessions_per_day"": 3, ""remote_work_probability"": 0.25}"
46834cc5-757e-4b43-af51-6850b77e5f7a,EMP-0172,Kelly Flores,Engineering,QA Engineer,New York,08:00,17:00,DEV-0306;DEV-0307,Firefox,Linux,0.45,Low,"{""working_hours"": [8, 17], ""login_hour_distribution"": {""0"": 0.03, ""1"": 0.02, ""2"": 0.02, ""3"": 0.03, ""4"": 0.03, ""5"": 0.03, ""6"": 0.01, ""7"": 0.22, ""8"": 0.92, ""9"": 0.97, ""10"": 0.86, ""11"": 0.95, ""12"": 0.94, ""13"": 0.87, ""14"": 0.95, ""15"": 0.95, ""16"": 0.87, ""17"": 0.24, ""18"": 0.03, ""19"": 0.03, ""20"": 0.03, ""21"": 0.04, ""22"": 0.04, ""23"": 0.01}, ""resource_probabilities"": {""Payroll"": 0.0, ""FinanceDB"": 0.0, ""Email"": 0.27, ""GitHub"": 0.71, ""Jira"": 0.92, ""Slack"": 0.74, ""FileServer"": 0.32, ""HRPortal"": 0.0, ""CRM"": 0.0, ""AdminConsole"": 0.0, ""Servers"": 0.0, ""VPN"": 0.23, ""Confluence"": 0.87, ""Terminal"": 0.72, ""HRMS"": 0.0, ""EmployeeRecords"": 0.0, ""ERP"": 0.0, ""Accounting"": 0.0, ""Invoices"": 0.0, ""Meetings"": 0.28, ""Analytics"": 0.0, ""CampaignDashboard"": 0.0, ""Monitoring"": 0.0, ""Firewall"": 0.0}, ""browser_probabilities"": {""Chrome"": 0.5, ""Firefox"": 0.5, ""Edge"": 0.0, ""Safari"": 0.0}, ""device_probabilities"": {""Laptop"": 1.0}, ""average_session_length"": 109.2, ""session_length_stddev"": 8, ""average_actions"": 20, ""actions_stddev"": 3, ""average_sessions_per_day"": 3, ""remote_work_probability"": 0.25}"
8d85ddf1-c309-4f28-be0d-40b469498671,EMP-0173,Andrew Taylor,IT,Systems Administrator,London,07:00,17:00,DEV-0308;DEV-0309,Chrome,Windows,0.6,High,"{""working_hours"": [7, 17], ""login_hour_distribution"": {""0"": 0.04, ""1"": 0.03, ""2"": 0.02, ""3"": 0.02, ""4"": 0.01, ""5"": 0.01, ""6"": 0.36, ""7"": 0.92, ""8"": 0.88, ""9"": 0.86, ""10"": 0.87, ""11"": 0.83, ""12"": 0.81, ""13"": 0.85, ""14"": 0.93, ""15"": 0.82, ""16"": 0.92, ""17"": 0.32, ""18"": 0.03, ""19"": 0.01, ""20"": 0.04, ""21"": 0.04, ""22"": 0.03, ""23"": 0.03}, ""resource_probabilities"": {""Payroll"": 0.17, ""FinanceDB"": 0.14, ""Email"": 0.31, ""GitHub"": 0.25, ""Jira"": 0.14, ""Slack"": 0.13, ""FileServer"": 0.89, ""HRPortal"": 0.14, ""CRM"": 0.27, ""AdminConsole"": 0.7, ""Servers"": 0.77, ""VPN"": 0.81, ""Confluence"": 0.14, ""Terminal"": 0.28, ""HRMS"": 0.32, ""EmployeeRecords"": 0.23, ""ERP"": 0.21, ""Accounting"": 0.11, ""Invoices"": 0.26, ""Meetings"": 0.23, ""Analytics"": 0.27, ""CampaignDashboard"": 0.27, ""Monitoring"": 0.73, ""Firewall"": 0.87}, ""browser_probabilities"": {""Chrome"": 0.6, ""Firefox"": 0.15, ""Edge"": 0.25, ""Safari"": 0.0}, ""device_probabilities"": {""Laptop"": 1.0}, ""average_session_length"": 58.8, ""session_length_stddev"": 8, ""average_actions"": 24, ""actions_stddev"": 3, ""average_sessions_per_day"": 3, ""remote_work_probability"": 0.25}"
609cfe40-c5bc-4449-8c75-4a170131c601,EMP-0174,Phillip Hall,Engineering,QA Engineer,San Francisco,09:00,18:00,DEV-0310,Chrome,Windows,0.45,Low,"{""working_hours"": [9, 18], ""login_hour_distribution"": {""0"": 0.01, ""1"": 0.01, ""2"": 0.01, ""3"": 0.04, ""4"": 0.04, ""5"": 0.01, ""6"": 0.05, ""7"": 0.01, ""8"": 0.41, ""9"": 0.92, ""10"": 0.93, ""11"": 0.81, ""12"": 0.89, ""13"": 0.95, ""14"": 0.86, ""15"": 0.91, ""16"": 0.91, ""17"": 0.97, ""18"": 0.3, ""19"": 0.03, ""20"": 0.02, ""21"": 0.01, ""22"": 0.02, ""23"": 0.01}, ""resource_probabilities"": {""Payroll"": 0.0, ""FinanceDB"": 0.0, ""Email"": 0.26, ""GitHub"": 0.7, ""Jira"": 0.75, ""Slack"": 0.76, ""FileServer"": 0.26, ""HRPortal"": 0.0, ""CRM"": 0.0, ""AdminConsole"": 0.0, ""Servers"": 0.0, ""VPN"": 0.17, ""Confluence"": 0.86, ""Terminal"": 0.71, ""HRMS"": 0.0, ""EmployeeRecords"": 0.0, ""ERP"": 0.0, ""Accounting"": 0.0, ""Invoices"": 0.0, ""Meetings"": 0.32, ""Analytics"": 0.0, ""CampaignDashboard"": 0.0, ""Monitoring"": 0.0, ""Firewall"": 0.0}, ""browser_probabilities"": {""Chrome"": 0.6, ""Firefox"": 0.15, ""Edge"": 0.25, ""Safari"": 0.0}, ""device_probabilities"": {""Laptop"": 1.0}, ""average_session_length"": 55.2, ""session_length_stddev"": 8, ""average_actions"": 29, ""actions_stddev"": 3, ""average_sessions_per_day"": 3, ""remote_work_probability"": 0.25}"
fd8fb938-fbac-4ade-bfe4-36d1994f7c31,EMP-0175,Rose Cherry,Engineering,Software Engineer,Munich,10:00,19:00,DEV-0311;DEV-0312,Firefox,Linux,0.45,Medium,"{""working_hours"": [10, 19], ""login_hour_distribution"": {""0"": 0.03, ""1"": 0.05, ""2"": 0.04, ""3"": 0.04, ""4"": 0.05, ""5"": 0.04, ""6"": 0.02, ""7"": 0.04, ""8"": 0.05, ""9"": 0.28, ""10"": 0.95, ""11"": 0.89, ""12"": 0.86, ""13"": 0.91, ""14"": 0.91, ""15"": 0.87, ""16"": 0.92, ""17"": 0.84, ""18"": 0.91, ""19"": 0.45, ""20"": 0.02, ""21"": 0.03, ""22"": 0.05, ""23"": 0.02}, ""resource_probabilities"": {""Payroll"": 0.0, ""FinanceDB"": 0.0, ""Email"": 0.28, ""GitHub"": 0.89, ""Jira"": 0.85, ""Slack"": 0.71, ""FileServer"": 0.19, ""HRPortal"": 0.0, ""CRM"": 0.0, ""AdminConsole"": 0.0, ""Servers"": 0.0, ""VPN"": 0.17, ""Confluence"": 0.74, ""Terminal"": 0.75, ""HRMS"": 0.0, ""EmployeeRecords"": 0.0, ""ERP"": 0.0, ""Accounting"": 0.0, ""Invoices"": 0.0, ""Meetings"": 0.11, ""Analytics"": 0.0, ""CampaignDashboard"": 0.0, ""Monitoring"": 0.0, ""Firewall"": 0.0}, ""browser_probabilities"": {""Chrome"": 0.5, ""Firefox"": 0.5, ""Edge"": 0.0, ""Safari"": 0.0}, ""device_probabilities"": {""Laptop"": 1.0}, ""average_session_length"": 111.6, ""session_length_stddev"": 8, ""average_actions"": 24, ""actions_stddev"": 3, ""average_sessions_per_day"": 3, ""remote_work_probability"": 0.25}"
bd3fdb62-7198-4a55-b224-f64cfd11b3ff,EMP-0176,Scott Pena,Sales,Sales Manager,San Francisco,08:00,17:00,DEV-0313;DEV-0314,Edge,Windows,0.7,High,"{""working_hours"": [8, 17], ""login_hour_distribution"": {""0"": 0.01, ""1"": 0.04, ""2"": 0.03, ""3"": 0.04, ""4"": 0.04, ""5"": 0.02, ""6"": 0.04, ""7"": 0.29, ""8"": 0.84, ""9"": 0.81, ""10"": 0.97, ""11"": 0.98, ""12"": 0.94, ""13"": 0.93, ""14"": 0.84, ""15"": 0.96, ""16"": 0.89, ""17"": 0.25, ""18"": 0.04, ""19"": 0.01, ""20"": 0.03, ""21"": 0.05, ""22"": 0.01, ""23"": 0.05}, ""resource_probabilities"": {""Payroll"": 0.0, ""FinanceDB"": 0.0, ""Email"": 0.93, ""GitHub"": 0.0, ""Jira"": 0.13, ""Slack"": 0.74, ""FileServer"": 0.0, ""HRPortal"": 0.0, ""CRM"": 0.84, ""AdminConsole"": 0.0, ""Servers"": 0.0, ""VPN"": 0.3, ""Confluence"": 0.15, ""Terminal"": 0.0, ""HRMS"": 0.0, ""EmployeeRecords"": 0.0, ""ERP"": 0.0, ""Accounting"": 0.0, ""Invoices"": 0.0, ""Meetings"": 0.83, ""Analytics"": 0.21, ""CampaignDashboard"": 0.0, ""Monitoring"": 0.0, ""Firewall"": 0.0}, ""browser_probabilities"": {""Chrome"": 0.6, ""Firefox"": 0.15, ""Edge"": 0.25, ""Safari"": 0.0}, ""device_probabilities"": {""Laptop"": 0.7, ""Mobile"": 0.30000000000000004}, ""average_session_length"": 61.4, ""session_length_stddev"": 8, ""average_actions"": 10, ""actions_stddev"": 3, ""average_sessions_per_day"": 3, ""remote_work_probability"": 0.25}"
6c8c5d0e-3eb3-46fd-b291-bc95b8bf9cae,EMP-0177,Susan Taylor,Sales,Account Executive,Munich,07:00,16:00,DEV-0315,Chrome,Windows,0.7,Medium,"{""working_hours"": [7, 16], ""login_hour_distribution"": {""0"": 0.05, ""1"": 0.02, ""2"": 0.04, ""3"": 0.03, ""4"": 0.05, ""5"": 0.02, ""6"": 0.29, ""7"": 0.88, ""8"": 0.88, ""9"": 0.91, ""10"": 0.88, ""11"": 0.83, ""12"": 0.97, ""13"": 0.89, ""14"": 0.94, ""15"": 0.88, ""16"": 0.22, ""17"": 0.05, ""18"": 0.02, ""19"": 0.03, ""20"": 0.03, ""21"": 0.02, ""22"": 0.03, ""23"": 0.02}, ""resource_probabilities"": {""Payroll"": 0.0, ""FinanceDB"": 0.0, ""Email"": 0.77, ""GitHub"": 0.0, ""Jira"": 0.24, ""Slack"": 0.82, ""FileServer"": 0.0, ""HRPortal"": 0.0, ""CRM"": 0.78, ""AdminConsole"": 0.0, ""Servers"": 0.0, ""VPN"": 0.28, ""Confluence"": 0.15, ""Terminal"": 0.0, ""HRMS"": 0.0, ""EmployeeRecords"": 0.0, ""ERP"": 0.0, ""Accounting"": 0.0, ""Invoices"": 0.0, ""Meetings"": 0.93, ""Analytics"": 0.1, ""CampaignDashboard"": 0.0, ""Monitoring"": 0.0, ""Firewall"": 0.0}, ""browser_probabilities"": {""Chrome"": 0.6, ""Firefox"": 0.15, ""Edge"": 0.25, ""Safari"": 0.0}, ""device_probabilities"": {""Laptop"": 1.0}, ""average_session_length"": 104.8, ""session_length_stddev"": 8, ""average_actions"": 28, ""actions_stddev"": 3, ""average_sessions_per_day"": 3, ""remote_work_probability"": 0.25}"
6790eee0-7dcf-4924-9fcf-5c22b9b03c1a,EMP-0178,Patricia Jones,Sales,Sales Director,Tokyo,09:00,18:00,DEV-0316;DEV-0317,Chrome,Windows,0.7,Critical,"{""working_hours"": [9, 18], ""login_hour_distribution"": {""0"": 0.04, ""1"": 0.03, ""2"": 0.03, ""3"": 0.01, ""4"": 0.05, ""5"": 0.03, ""6"": 0.03, ""7"": 0.02, ""8"": 0.31, ""9"": 0.85, ""10"": 0.96, ""11"": 0.93, ""12"": 0.89, ""13"": 0.89, ""14"": 0.92, ""15"": 0.93, ""16"": 0.92, ""17"": 0.97, ""18"": 0.38, ""19"": 0.02, ""20"": 0.01, ""21"": 0.04, ""22"": 0.04, ""23"": 0.04}, ""resource_probabilities"": {""Payroll"": 0.0, ""FinanceDB"": 0.0, ""Email"": 0.87, ""GitHub"": 0.0, ""Jira"": 0.26, ""Slack"": 0.77, ""FileServer"": 0.0, ""HRPortal"": 0.0, ""CRM"": 0.81, ""AdminConsole"": 0.0, ""Servers"": 0.0, ""VPN"": 0.27, ""Confluence"": 0.16, ""Terminal"": 0.0, ""HRMS"": 0.0, ""EmployeeRecords"": 0.0, ""ERP"": 0.0, ""Accounting"": 0.0, ""Invoices"": 0.0, ""Meetings"": 0.85, ""Analytics"": 0.34, ""CampaignDashboard"": 0.0, ""Monitoring"": 0.0, ""Firewall"": 0.0}, ""browser_probabilities"": {""Chrome"": 0.6, ""Firefox"": 0.15, ""Edge"": 0.25, ""Safari"": 0.0}, ""device_probabilities"": {""Laptop"": 0.7, ""Mobile"": 0.30000000000000004}, ""average_session_length"": 102.6, ""session_length_stddev"": 8, ""average_actions"": 5, ""actions_stddev"": 3, ""average_sessions_per_day"": 3, ""remote_work_probability"": 0.25}"
a4f73a30-17a1-4a60-855e-6efb1de20f2d,EMP-0179,Taylor Hill,Engineering,Engineering Manager,Tokyo,10:00,19:00,DEV-0318,Firefox,macOS,0.45,High,"{""working_hours"": [10, 19], ""login_hour_distribution"": {""0"": 0.03, ""1"": 0.02, ""2"": 0.03, ""3"": 0.04, ""4"": 0.02, ""5"": 0.02, ""6"": 0.05, ""7"": 0.04, ""8"": 0.03, ""9"": 0.28, ""10"": 0.87, ""11"": 0.96, ""12"": 0.93, ""13"": 0.82, ""14"": 0.91, ""15"": 0.94, ""16"": 0.86, ""17"": 0.83, ""18"": 0.93, ""19"": 0.43, ""20"": 0.03, ""21"": 0.02, ""22"": 0.05, ""23"": 0.04}, ""resource_probabilities"": {""Payroll"": 0.0, ""FinanceDB"": 0.0, ""Email"": 0.1, ""GitHub"": 0.72, ""Jira"": 0.87, ""Slack"": 0.83, ""FileServer"": 0.26, ""HRPortal"": 0.0, ""CRM"": 0.0, ""AdminConsole"": 0.0, ""Servers"": 0.0, ""VPN"": 0.28, ""Confluence"": 0.74, ""Terminal"": 0.79, ""HRMS"": 0.0, ""EmployeeRecords"": 0.0, ""ERP"": 0.0, ""Accounting"": 0.0, ""Invoices"": 0.0, ""Meetings"": 0.28, ""Analytics"": 0.0, ""CampaignDashboard"": 0.0, ""Monitoring"": 0.0, ""Firewall"": 0.0}, ""browser_probabilities"": {""Chrome"": 0.5, ""Firefox"": 0.1, ""Edge"": 0.0, ""Safari"": 0.4}, ""device_probabilities"": {""Laptop"": 1.0}, ""average_session_length"": 31.8, ""session_length_stddev"": 8, ""average_actions"": 10, ""actions_stddev"": 3, ""average_sessions_per_day"": 3, ""remote_work_probability"": 0.25}"
735e8153-1c38-42e8-b2cf-cd6380ab4b7f,EMP-0180,Ricardo Harrison,Engineering,Architect,San Francisco,08:00,17:00,DEV-0319,Firefox,Linux,0.45,High,"{""working_hours"": [8, 17], ""login_hour_distribution"": {""0"": 0.04, ""1"": 0.02, ""2"": 0.05, ""3"": 0.04, ""4"": 0.03, ""5"": 0.05, ""6"": 0.01, ""7"": 0.36, ""8"": 0.81, ""9"": 0.82, ""10"": 0.82, ""11"": 0.81, ""12"": 0.81, ""13"": 0.84, ""14"": 0.89, ""15"": 0.94, ""16"": 0.8, ""17"": 0.27, ""18"": 0.05, ""19"": 0.04, ""20"": 0.04, ""21"": 0.01, ""22"": 0.02, ""23"": 0.04}, ""resource_probabilities"": {""Payroll"": 0.0, ""FinanceDB"": 0.0, ""Email"": 0.19, ""GitHub"": 0.83, ""Jira"": 0.94, ""Slack"": 0.77, ""FileServer"": 0.22, ""HRPortal"": 0.0, ""CRM"": 0.0, ""AdminConsole"": 0.0, ""Servers"": 0.0, ""VPN"": 0.29, ""Confluence"": 0.85, ""Terminal"": 0.78, ""HRMS"": 0.0, ""EmployeeRecords"": 0.0, ""ERP"": 0.0, ""Accounting"": 0.0, ""Invoices"": 0.0, ""Meetings"": 0.27, ""Analytics"": 0.0, ""CampaignDashboard"": 0.0, ""Monitoring"": 0.0, ""Firewall"": 0.0}, ""browser_probabilities"": {""Chrome"": 0.5, ""Firefox"": 0.5, ""Edge"": 0.0, ""Safari"": 0.0}, ""device_probabilities"": {""Laptop"": 1.0}, ""average_session_length"": 47.7, ""session_length_stddev"": 8, ""average_actions"": 15, ""actions_stddev"": 3, ""average_sessions_per_day"": 3, ""remote_work_probability"": 0.25}"
5c784ca4-f0e4-4a0b-bd56-3b0ed11ce5c8,SVC-0001,Backup DB Agent 1,IT,Service Account,Munich,02:00,03:00,SERVER-0001,Chrome,Linux,0.0,High,"{""working_hours"": [2, 3], ""login_hour_distribution"": {""2"": 1.0}, ""resource_probabilities"": {""FinanceDB"": 0.9, ""Servers"": 0.1}, ""browser_probabilities"": {}, ""device_probabilities"": {""Desktop"": 1.0}, ""average_session_length"": 15.0, ""session_length_stddev"": 2.0, ""average_actions"": 3, ""actions_stddev"": 1, ""average_sessions_per_day"": 1.5, ""remote_work_probability"": 0.0}"
9c5dfb8d-60e1-4973-a602-37edaa429203,SVC-0002,Backup DB Agent 2,IT,Service Account,Munich,02:00,03:00,SERVER-0001,Chrome,Linux,0.0,High,"{""working_hours"": [2, 3], ""login_hour_distribution"": {""2"": 1.0}, ""resource_probabilities"": {""FinanceDB"": 0.9, ""Servers"": 0.1}, ""browser_probabilities"": {}, ""device_probabilities"": {""Desktop"": 1.0}, ""average_session_length"": 15.0, ""session_length_stddev"": 2.0, ""average_actions"": 3, ""actions_stddev"": 1, ""average_sessions_per_day"": 1.5, ""remote_work_probability"": 0.0}"
df8200b8-5b24-4b54-b9ad-97ae0ea761a6,SVC-0003,Backup DB Agent 3,IT,Service Account,Munich,02:00,03:00,SERVER-0001,Chrome,Linux,0.0,High,"{""working_hours"": [2, 3], ""login_hour_distribution"": {""2"": 1.0}, ""resource_probabilities"": {""FinanceDB"": 0.9, ""Servers"": 0.1}, ""browser_probabilities"": {}, ""device_probabilities"": {""Desktop"": 1.0}, ""average_session_length"": 15.0, ""session_length_stddev"": 2.0, ""average_actions"": 3, ""actions_stddev"": 1, ""average_sessions_per_day"": 1.5, ""remote_work_probability"": 0.0}"
00ca280f-19a5-4942-8e67-b962548b9bb7,SVC-0004,Backup DB Agent 4,IT,Service Account,Munich,02:00,03:00,SERVER-0001,Chrome,Linux,0.0,High,"{""working_hours"": [2, 3], ""login_hour_distribution"": {""2"": 1.0}, ""resource_probabilities"": {""FinanceDB"": 0.9, ""Servers"": 0.1}, ""browser_probabilities"": {}, ""device_probabilities"": {""Desktop"": 1.0}, ""average_session_length"": 15.0, ""session_length_stddev"": 2.0, ""average_actions"": 3, ""actions_stddev"": 1, ""average_sessions_per_day"": 1.5, ""remote_work_probability"": 0.0}"
66dce997-b2c4-44a4-9edb-cef974f8a913,SVC-0005,Backup DB Agent 5,IT,Service Account,Munich,02:00,03:00,SERVER-0001,Chrome,Linux,0.0,High,"{""working_hours"": [2, 3], ""login_hour_distribution"": {""2"": 1.0}, ""resource_probabilities"": {""FinanceDB"": 0.9, ""Servers"": 0.1}, ""browser_probabilities"": {}, ""device_probabilities"": {""Desktop"": 1.0}, ""average_session_length"": 15.0, ""session_length_stddev"": 2.0, ""average_actions"": 3, ""actions_stddev"": 1, ""average_sessions_per_day"": 1.5, ""remote_work_probability"": 0.0}"
eccf3b91-e352-49a0-95de-293bb9a807ba,SVC-0006,Backup DB Agent 6,IT,Service Account,Munich,02:00,03:00,SERVER-0001,Chrome,Linux,0.0,High,"{""working_hours"": [2, 3], ""login_hour_distribution"": {""2"": 1.0}, ""resource_probabilities"": {""FinanceDB"": 0.9, ""Servers"": 0.1}, ""browser_probabilities"": {}, ""device_probabilities"": {""Desktop"": 1.0}, ""average_session_length"": 15.0, ""session_length_stddev"": 2.0, ""average_actions"": 3, ""actions_stddev"": 1, ""average_sessions_per_day"": 1.5, ""remote_work_probability"": 0.0}"
1f76043f-9a16-4853-8692-fe02238c8712,SVC-0007,Backup DB Agent 7,IT,Service Account,Munich,02:00,03:00,SERVER-0001,Chrome,Linux,0.0,High,"{""working_hours"": [2, 3], ""login_hour_distribution"": {""2"": 1.0}, ""resource_probabilities"": {""FinanceDB"": 0.9, ""Servers"": 0.1}, ""browser_probabilities"": {}, ""device_probabilities"": {""Desktop"": 1.0}, ""average_session_length"": 15.0, ""session_length_stddev"": 2.0, ""average_actions"": 3, ""actions_stddev"": 1, ""average_sessions_per_day"": 1.5, ""remote_work_probability"": 0.0}"
f378cb94-478b-4f00-87d7-5309de772156,SVC-0008,Backup DB Agent 8,IT,Service Account,Munich,02:00,03:00,SERVER-0001,Chrome,Linux,0.0,High,"{""working_hours"": [2, 3], ""login_hour_distribution"": {""2"": 1.0}, ""resource_probabilities"": {""FinanceDB"": 0.9, ""Servers"": 0.1}, ""browser_probabilities"": {}, ""device_probabilities"": {""Desktop"": 1.0}, ""average_session_length"": 15.0, ""session_length_stddev"": 2.0, ""average_actions"": 3, ""actions_stddev"": 1, ""average_sessions_per_day"": 1.5, ""remote_work_probability"": 0.0}"
3fa029a6-d0a7-4b72-805e-5adeb3030188,SVC-0009,Backup DB Agent 9,IT,Service Account,Munich,02:00,03:00,SERVER-0001,Chrome,Linux,0.0,High,"{""working_hours"": [2, 3], ""login_hour_distribution"": {""2"": 1.0}, ""resource_probabilities"": {""FinanceDB"": 0.9, ""Servers"": 0.1}, ""browser_probabilities"": {}, ""device_probabilities"": {""Desktop"": 1.0}, ""average_session_length"": 15.0, ""session_length_stddev"": 2.0, ""average_actions"": 3, ""actions_stddev"": 1, ""average_sessions_per_day"": 1.5, ""remote_work_probability"": 0.0}"
afa9d02c-9e4c-4be7-b3b0-e73d5e516bf8,SVC-0010,Backup DB Agent 10,IT,Service Account,Munich,02:00,03:00,SERVER-0001,Chrome,Linux,0.0,High,"{""working_hours"": [2, 3], ""login_hour_distribution"": {""2"": 1.0}, ""resource_probabilities"": {""FinanceDB"": 0.9, ""Servers"": 0.1}, ""browser_probabilities"": {}, ""device_probabilities"": {""Desktop"": 1.0}, ""average_session_length"": 15.0, ""session_length_stddev"": 2.0, ""average_actions"": 3, ""actions_stddev"": 1, ""average_sessions_per_day"": 1.5, ""remote_work_probability"": 0.0}"
83d1677a-79a6-4b72-9eae-b0c0a8ac1ab1,DEV-AGENT-0001,Network Switch Sensor 1,IT,IoT Sensor Agent,New York,00:00,24:00,DEV-AGENT-0001,Chrome,Linux,0.0,Low,"{""working_hours"": [0, 24], ""login_hour_distribution"": {""0"": 0.041666666666666664, ""1"": 0.041666666666666664, ""2"": 0.041666666666666664, ""3"": 0.041666666666666664, ""4"": 0.041666666666666664, ""5"": 0.041666666666666664, ""6"": 0.041666666666666664, ""7"": 0.041666666666666664, ""8"": 0.041666666666666664, ""9"": 0.041666666666666664, ""10"": 0.041666666666666664, ""11"": 0.041666666666666664, ""12"": 0.041666666666666664, ""13"": 0.041666666666666664, ""14"": 0.041666666666666664, ""15"": 0.041666666666666664, ""16"": 0.041666666666666664, ""17"": 0.041666666666666664, ""18"": 0.041666666666666664, ""19"": 0.041666666666666664, ""20"": 0.041666666666666664, ""21"": 0.041666666666666664, ""22"": 0.041666666666666664, ""23"": 0.041666666666666664}, ""resource_probabilities"": {""Monitoring"": 1.0}, ""browser_probabilities"": {}, ""device_probabilities"": {""Laptop"": 1.0}, ""average_session_length"": 5.0, ""session_length_stddev"": 1.0, ""average_actions"": 2, ""actions_stddev"": 1, ""average_sessions_per_day"": 1.5, ""remote_work_probability"": 0.0}"
00cd11a8-301c-4108-a904-babd69c2aa17,DEV-AGENT-0002,Network Switch Sensor 2,IT,IoT Sensor Agent,New York,00:00,24:00,DEV-AGENT-0002,Chrome,Linux,0.0,Low,"{""working_hours"": [0, 24], ""login_hour_distribution"": {""0"": 0.041666666666666664, ""1"": 0.041666666666666664, ""2"": 0.041666666666666664, ""3"": 0.041666666666666664, ""4"": 0.041666666666666664, ""5"": 0.041666666666666664, ""6"": 0.041666666666666664, ""7"": 0.041666666666666664, ""8"": 0.041666666666666664, ""9"": 0.041666666666666664, ""10"": 0.041666666666666664, ""11"": 0.041666666666666664, ""12"": 0.041666666666666664, ""13"": 0.041666666666666664, ""14"": 0.041666666666666664, ""15"": 0.041666666666666664, ""16"": 0.041666666666666664, ""17"": 0.041666666666666664, ""18"": 0.041666666666666664, ""19"": 0.041666666666666664, ""20"": 0.041666666666666664, ""21"": 0.041666666666666664, ""22"": 0.041666666666666664, ""23"": 0.041666666666666664}, ""resource_probabilities"": {""Monitoring"": 1.0}, ""browser_probabilities"": {}, ""device_probabilities"": {""Laptop"": 1.0}, ""average_session_length"": 5.0, ""session_length_stddev"": 1.0, ""average_actions"": 2, ""actions_stddev"": 1, ""average_sessions_per_day"": 1.5, ""remote_work_probability"": 0.0}"
f122d458-f521-4f35-a358-c4d3fc76627b,DEV-AGENT-0003,Network Switch Sensor 3,IT,IoT Sensor Agent,New York,00:00,24:00,DEV-AGENT-0003,Chrome,Linux,0.0,Low,"{""working_hours"": [0, 24], ""login_hour_distribution"": {""0"": 0.041666666666666664, ""1"": 0.041666666666666664, ""2"": 0.041666666666666664, ""3"": 0.041666666666666664, ""4"": 0.041666666666666664, ""5"": 0.041666666666666664, ""6"": 0.041666666666666664, ""7"": 0.041666666666666664, ""8"": 0.041666666666666664, ""9"": 0.041666666666666664, ""10"": 0.041666666666666664, ""11"": 0.041666666666666664, ""12"": 0.041666666666666664, ""13"": 0.041666666666666664, ""14"": 0.041666666666666664, ""15"": 0.041666666666666664, ""16"": 0.041666666666666664, ""17"": 0.041666666666666664, ""18"": 0.041666666666666664, ""19"": 0.041666666666666664, ""20"": 0.041666666666666664, ""21"": 0.041666666666666664, ""22"": 0.041666666666666664, ""23"": 0.041666666666666664}, ""resource_probabilities"": {""Monitoring"": 1.0}, ""browser_probabilities"": {}, ""device_probabilities"": {""Laptop"": 1.0}, ""average_session_length"": 5.0, ""session_length_stddev"": 1.0, ""average_actions"": 2, ""actions_stddev"": 1, ""average_sessions_per_day"": 1.5, ""remote_work_probability"": 0.0}"
a23f3abf-0441-422c-927a-9f7bd007cd41,DEV-AGENT-0004,Network Switch Sensor 4,IT,IoT Sensor Agent,New York,00:00,24:00,DEV-AGENT-0004,Chrome,Linux,0.0,Low,"{""working_hours"": [0, 24], ""login_hour_distribution"": {""0"": 0.041666666666666664, ""1"": 0.041666666666666664, ""2"": 0.041666666666666664, ""3"": 0.041666666666666664, ""4"": 0.041666666666666664, ""5"": 0.041666666666666664, ""6"": 0.041666666666666664, ""7"": 0.041666666666666664, ""8"": 0.041666666666666664, ""9"": 0.041666666666666664, ""10"": 0.041666666666666664, ""11"": 0.041666666666666664, ""12"": 0.041666666666666664, ""13"": 0.041666666666666664, ""14"": 0.041666666666666664, ""15"": 0.041666666666666664, ""16"": 0.041666666666666664, ""17"": 0.041666666666666664, ""18"": 0.041666666666666664, ""19"": 0.041666666666666664, ""20"": 0.041666666666666664, ""21"": 0.041666666666666664, ""22"": 0.041666666666666664, ""23"": 0.041666666666666664}, ""resource_probabilities"": {""Monitoring"": 1.0}, ""browser_probabilities"": {}, ""device_probabilities"": {""Laptop"": 1.0}, ""average_session_length"": 5.0, ""session_length_stddev"": 1.0, ""average_actions"": 2, ""actions_stddev"": 1, ""average_sessions_per_day"": 1.5, ""remote_work_probability"": 0.0}"
f8378be2-0bb6-4d75-9f99-67265c366f5c,DEV-AGENT-0005,Network Switch Sensor 5,IT,IoT Sensor Agent,New York,00:00,24:00,DEV-AGENT-0005,Chrome,Linux,0.0,Low,"{""working_hours"": [0, 24], ""login_hour_distribution"": {""0"": 0.041666666666666664, ""1"": 0.041666666666666664, ""2"": 0.041666666666666664, ""3"": 0.041666666666666664, ""4"": 0.041666666666666664, ""5"": 0.041666666666666664, ""6"": 0.041666666666666664, ""7"": 0.041666666666666664, ""8"": 0.041666666666666664, ""9"": 0.041666666666666664, ""10"": 0.041666666666666664, ""11"": 0.041666666666666664, ""12"": 0.041666666666666664, ""13"": 0.041666666666666664, ""14"": 0.041666666666666664, ""15"": 0.041666666666666664, ""16"": 0.041666666666666664, ""17"": 0.041666666666666664, ""18"": 0.041666666666666664, ""19"": 0.041666666666666664, ""20"": 0.041666666666666664, ""21"": 0.041666666666666664, ""22"": 0.041666666666666664, ""23"": 0.041666666666666664}, ""resource_probabilities"": {""Monitoring"": 1.0}, ""browser_probabilities"": {}, ""device_probabilities"": {""Laptop"": 1.0}, ""average_session_length"": 5.0, ""session_length_stddev"": 1.0, ""average_actions"": 2, ""actions_stddev"": 1, ""average_sessions_per_day"": 1.5, ""remote_work_probability"": 0.0}"
ad8cc85c-5355-4e80-bc5e-3e2fcebc1bd7,DEV-AGENT-0006,Network Switch Sensor 6,IT,IoT Sensor Agent,New York,00:00,24:00,DEV-AGENT-0006,Chrome,Linux,0.0,Low,"{""working_hours"": [0, 24], ""login_hour_distribution"": {""0"": 0.041666666666666664, ""1"": 0.041666666666666664, ""2"": 0.041666666666666664, ""3"": 0.041666666666666664, ""4"": 0.041666666666666664, ""5"": 0.041666666666666664, ""6"": 0.041666666666666664, ""7"": 0.041666666666666664, ""8"": 0.041666666666666664, ""9"": 0.041666666666666664, ""10"": 0.041666666666666664, ""11"": 0.041666666666666664, ""12"": 0.041666666666666664, ""13"": 0.041666666666666664, ""14"": 0.041666666666666664, ""15"": 0.041666666666666664, ""16"": 0.041666666666666664, ""17"": 0.041666666666666664, ""18"": 0.041666666666666664, ""19"": 0.041666666666666664, ""20"": 0.041666666666666664, ""21"": 0.041666666666666664, ""22"": 0.041666666666666664, ""23"": 0.041666666666666664}, ""resource_probabilities"": {""Monitoring"": 1.0}, ""browser_probabilities"": {}, ""device_probabilities"": {""Laptop"": 1.0}, ""average_session_length"": 5.0, ""session_length_stddev"": 1.0, ""average_actions"": 2, ""actions_stddev"": 1, ""average_sessions_per_day"": 1.5, ""remote_work_probability"": 0.0}"
7c0a8f90-9b54-4227-bbca-7ff671be0c72,DEV-AGENT-0007,Network Switch Sensor 7,IT,IoT Sensor Agent,New York,00:00,24:00,DEV-AGENT-0007,Chrome,Linux,0.0,Low,"{""working_hours"": [0, 24], ""login_hour_distribution"": {""0"": 0.041666666666666664, ""1"": 0.041666666666666664, ""2"": 0.041666666666666664, ""3"": 0.041666666666666664, ""4"": 0.041666666666666664, ""5"": 0.041666666666666664, ""6"": 0.041666666666666664, ""7"": 0.041666666666666664, ""8"": 0.041666666666666664, ""9"": 0.041666666666666664, ""10"": 0.041666666666666664, ""11"": 0.041666666666666664, ""12"": 0.041666666666666664, ""13"": 0.041666666666666664, ""14"": 0.041666666666666664, ""15"": 0.041666666666666664, ""16"": 0.041666666666666664, ""17"": 0.041666666666666664, ""18"": 0.041666666666666664, ""19"": 0.041666666666666664, ""20"": 0.041666666666666664, ""21"": 0.041666666666666664, ""22"": 0.041666666666666664, ""23"": 0.041666666666666664}, ""resource_probabilities"": {""Monitoring"": 1.0}, ""browser_probabilities"": {}, ""device_probabilities"": {""Laptop"": 1.0}, ""average_session_length"": 5.0, ""session_length_stddev"": 1.0, ""average_actions"": 2, ""actions_stddev"": 1, ""average_sessions_per_day"": 1.5, ""remote_work_probability"": 0.0}"
cb40fcdd-9cd2-4a08-bd3c-83c3667139de,DEV-AGENT-0008,Network Switch Sensor 8,IT,IoT Sensor Agent,New York,00:00,24:00,DEV-AGENT-0008,Chrome,Linux,0.0,Low,"{""working_hours"": [0, 24], ""login_hour_distribution"": {""0"": 0.041666666666666664, ""1"": 0.041666666666666664, ""2"": 0.041666666666666664, ""3"": 0.041666666666666664, ""4"": 0.041666666666666664, ""5"": 0.041666666666666664, ""6"": 0.041666666666666664, ""7"": 0.041666666666666664, ""8"": 0.041666666666666664, ""9"": 0.041666666666666664, ""10"": 0.041666666666666664, ""11"": 0.041666666666666664, ""12"": 0.041666666666666664, ""13"": 0.041666666666666664, ""14"": 0.041666666666666664, ""15"": 0.041666666666666664, ""16"": 0.041666666666666664, ""17"": 0.041666666666666664, ""18"": 0.041666666666666664, ""19"": 0.041666666666666664, ""20"": 0.041666666666666664, ""21"": 0.041666666666666664, ""22"": 0.041666666666666664, ""23"": 0.041666666666666664}, ""resource_probabilities"": {""Monitoring"": 1.0}, ""browser_probabilities"": {}, ""device_probabilities"": {""Laptop"": 1.0}, ""average_session_length"": 5.0, ""session_length_stddev"": 1.0, ""average_actions"": 2, ""actions_stddev"": 1, ""average_sessions_per_day"": 1.5, ""remote_work_probability"": 0.0}"
f067dba1-6d8b-4bc3-992c-6a0e14d49d3a,DEV-AGENT-0009,Network Switch Sensor 9,IT,IoT Sensor Agent,New York,00:00,24:00,DEV-AGENT-0009,Chrome,Linux,0.0,Low,"{""working_hours"": [0, 24], ""login_hour_distribution"": {""0"": 0.041666666666666664, ""1"": 0.041666666666666664, ""2"": 0.041666666666666664, ""3"": 0.041666666666666664, ""4"": 0.041666666666666664, ""5"": 0.041666666666666664, ""6"": 0.041666666666666664, ""7"": 0.041666666666666664, ""8"": 0.041666666666666664, ""9"": 0.041666666666666664, ""10"": 0.041666666666666664, ""11"": 0.041666666666666664, ""12"": 0.041666666666666664, ""13"": 0.041666666666666664, ""14"": 0.041666666666666664, ""15"": 0.041666666666666664, ""16"": 0.041666666666666664, ""17"": 0.041666666666666664, ""18"": 0.041666666666666664, ""19"": 0.041666666666666664, ""20"": 0.041666666666666664, ""21"": 0.041666666666666664, ""22"": 0.041666666666666664, ""23"": 0.041666666666666664}, ""resource_probabilities"": {""Monitoring"": 1.0}, ""browser_probabilities"": {}, ""device_probabilities"": {""Laptop"": 1.0}, ""average_session_length"": 5.0, ""session_length_stddev"": 1.0, ""average_actions"": 2, ""actions_stddev"": 1, ""average_sessions_per_day"": 1.5, ""remote_work_probability"": 0.0}"
79e3202e-ee4b-4350-b104-ad27ee75b34e,DEV-AGENT-0010,Network Switch Sensor 10,IT,IoT Sensor Agent,New York,00:00,24:00,DEV-AGENT-0010,Chrome,Linux,0.0,Low,"{""working_hours"": [0, 24], ""login_hour_distribution"": {""0"": 0.041666666666666664, ""1"": 0.041666666666666664, ""2"": 0.041666666666666664, ""3"": 0.041666666666666664, ""4"": 0.041666666666666664, ""5"": 0.041666666666666664, ""6"": 0.041666666666666664, ""7"": 0.041666666666666664, ""8"": 0.041666666666666664, ""9"": 0.041666666666666664, ""10"": 0.041666666666666664, ""11"": 0.041666666666666664, ""12"": 0.041666666666666664, ""13"": 0.041666666666666664, ""14"": 0.041666666666666664, ""15"": 0.041666666666666664, ""16"": 0.041666666666666664, ""17"": 0.041666666666666664, ""18"": 0.041666666666666664, ""19"": 0.041666666666666664, ""20"": 0.041666666666666664, ""21"": 0.041666666666666664, ""22"": 0.041666666666666664, ""23"": 0.041666666666666664}, ""resource_probabilities"": {""Monitoring"": 1.0}, ""browser_probabilities"": {}, ""device_probabilities"": {""Laptop"": 1.0}, ""average_session_length"": 5.0, ""session_length_stddev"": 1.0, ""average_actions"": 2, ""actions_stddev"": 1, ""average_sessions_per_day"": 1.5, ""remote_work_probability"": 0.0}"
